id,predicted_kmer_ids
bcbf66a3a49cca3b,1019 191 693 116 511 828 565 973 454 259
954ecda07c3ab83c,384 511 549 210 841 259 426 382 277 751
30ada2416f16adf7,693 116 828 44 565 259 519 779 852 2
5cf7447c9fa87ae6,608 779 384 511 210 174 454 841 426 277
4c04a60d2105c3ee,608 384 549 116 828 454 511 191 44 779
686388892475b606,1019 116 511 426 828 44 259 799 669 519
42dfc6c090d50d29,384 549 426 191 511 210 230 940 1019 597
68eb81b165ab625e,116 608 779 549 210 511 234 685 259 454
676a8c3a6b4fd021,828 779 511 210 685 799 751 44 516 174
39e9e1b58b44ec31,1019 693 841 454 828 751 44 565 259 669
3bd0a050a8d91b63,828 779 210 549 234 454 426 259 685 799
3f95fbb3ed5b6207,1019 693 191 210 454 828 511 841 44 426
d5f7f8a699628e3e,608 384 549 799 234 454 259 841 426 852
08fb6ce932dabb1a,608 384 549 511 210 234 454 852 382 426
2fe224aa5eaceba5,511 205 1019 828 973 949 841 597 669 328
52b2ba6e31d19b05,210 454 841 685 382 799 277 191 174 751
dd5e522bab9625ab,116 828 511 454 841 426 751 973 519 799
0af5645f125e1d25,828 426 234 685 277 382 799 751 852 44
e0ea3d65e68bd1ae,1019 828 384 511 210 841 234 685 191 799
911cf5590796da91,798 205 210 116 685 454 513 909 201 499
8ace271be4187679,608 779 549 511 210 685 454 382 799 259
3df3771404eebe96,779 549 511 234 841 259 685 277 751 382
63dc3acd11845bee,44 549 384 798 841 669 328 205 210 382
e338d8f3aa79b5e9,549 685 454 841 174 259 426 751 382 277
7e02950a55cc0753,210 116 828 454 751 259 565 799 519 779
854565481c3e5537,549 234 685 841 259 799 426 382 174 751
1a41d8e2a19c0156,511 454 751 44 259 973 669 519 779 516
ff17aeb718b0187a,1019 608 384 828 779 511 549 426 454 841
29f80463e68c9d4f,608 384 798 549 426 191 511 230 940 597
1ef5473114a354d3,191 693 511 841 116 454 44 259 973 799
6ddd86b05282b784,282 381 828 799 259 426 1018 892 174 742
fa39fd6c40fd06f0,234 454 685 277 382 799 751 174 669 852
8459e745ee6a8829,511 549 210 685 454 799 841 426 259 174
63b54e373f5ff6f2,828 210 549 234 259 841 426 685 454 799
c6ef7b9990d17a88,549 191 511 210 841 751 259 426 852 799
d231e529c1e17fec,779 384 511 210 841 259 382 174 426 277
a732760e7f6a1b39,384 511 685 259 234 454 799 382 174 852
4b8c80de3e7bebf0,384 779 210 549 234 799 454 259 841 852
88545d2473a45c8f,511 210 234 685 426 841 799 277 174 751
20693690d97c56a6,828 779 549 841 259 234 685 426 277 454
d7feb878416e949e,384 828 210 426 751 44 565 259 799 519
1356ea7f3aa2ef3e,191 426 1019 210 828 973 949 499 941 841
74052496bbde1347,608 210 841 426 565 779 799 973 519 669
7dc93afee2013291,191 116 454 210 426 44 751 565 973 669
a9175d531acb0403,1019 779 234 426 259 454 382 174 751 852
3b1d116465187681,384 608 191 1019 693 210 973 426 751 116
9945429b237aa25e,384 549 191 828 841 210 519 44 852 259
d6dad80030d37190,511 841 210 44 426 751 565 779 973 519
e9da5e2651ae308b,608 384 511 234 210 549 454 382 841 751
79183924f8895153,1019 608 779 384 549 511 210 799 174 234
2a9d51a24a311cf6,608 693 191 116 841 454 426 44 779 259
2f6676a990374580,608 44 798 511 828 973 1019 949 210 205
4d3e2cdf8b089a66,1019 693 191 210 841 116 828 511 426 751
b78d61b4a12bc500,608 384 549 191 516 841 210 751 44 565
acd2315c85645867,952 515 866 380 345 503 849 992 188 562
5f3245b4ca950e5d,692 515 351 943 267 562 992 188 773 503
f6aff258b60d5d67,866 849 503 541 188 562 726 944 533 508
0b53d3ce7d874bc1,692 335 866 345 849 267 503 541 726 188
fb9127379eca1324,866 345 267 992 503 541 533 435 508 428
bdd5a794194a701c,692 943 380 849 992 267 503 533 541 508
68aeb64541a9f848,335 380 992 503 541 533 435 508 944 428
4ac9800f80a0d4ee,952 351 380 849 188 503 726 541 508 435
1821495a23217879,952 25 351 866 380 345 503 849 188 508
c0d29cc5981e81c1,943 25 345 849 267 992 188 435 562 508
78da5b6451d588ba,866 345 267 849 992 541 562 533 435 726
d754c5fac674f5d4,692 335 866 345 267 503 541 773 188 562
66dcc3fc2742e846,952 515 351 380 345 541 992 849 562 188
bd534bfa49caa9ff,692 952 515 351 943 345 267 726 562 508
f2feb51db4eeface,692 335 25 380 866 726 267 562 541 503
beb7a480d66494cf,335 25 866 267 503 849 992 188 726 562
0463d68f70f38751,25 267 992 503 188 541 562 726 533 435
2f3c4a70f2139517,692 515 335 351 866 380 503 541 562 188
b45ea215d04f9cae,515 866 351 943 380 267 562 188 503 541
897b10b97dc9b19c,351 380 849 992 503 541 435 508 726 533
d2ffb839360dd453,952 943 267 992 188 562 503 541 508 435
5bc8bc27b4764b2b,335 866 992 849 188 533 562 726 508 773
88d2067364c5488a,335 25 345 267 849 435 533 188 562 726
2343b627f878bc45,866 345 267 992 849 435 188 533 562 944
5d45a54efa1ada26,692 866 267 849 992 541 562 533 944 508
e811bf1d3528ec07,866 380 267 992 503 541 533 435 508 944
fa07e5c330308113,351 380 345 267 849 503 562 435 726 944
e9ed33016486e24f,515 351 943 345 380 267 992 503 562 508
bc2d53c66da5fbbd,335 351 943 503 541 562 188 726 508 428
dcc8a7385456c28f,952 849 992 503 541 562 435 726 944 773
5940d8a50906d2b6,351 943 25 380 866 345 503 849 267 533
7c0cfae46577acb6,692 351 335 943 866 345 267 849 503 541
f820d4e61623dca6,866 267 503 541 533 435 508 428 944 1010
ddd6497961b6a03f,952 515 25 345 267 541 849 992 944 188
5ff5f7962eb00df4,943 849 267 992 188 503 562 726 541 533
b0873c8a024ea54f,952 515 25 351 380 944 188 562 726 533
75b0436f1610c76e,351 345 541 992 849 562 188 533 726 508
b208be1f05648205,952 515 351 943 380 992 503 435 541 944
f8fae6a1fa249d35,335 25 866 345 992 726 188 562 773 508
d7ccc51ee920a3e4,952 267 849 503 992 533 435 773 508 944
a150221422b01536,267 992 503 188 562 533 726 435 773 944
976de4c006553bf5,952 515 351 380 267 541 562 849 992 508
dc2a374b9630a432,351 943 380 849 503 562 188 726 508 435
64e0b5a3683023b6,692 943 335 380 866 345 849 992 503 188
c52d7a846e423bf8,515 345 267 849 541 188 435 533 726 944
a237b7aa082bd361,515 943 992 849 541 188 726 533 773 428
934a5134db8099c6,943 380 267 849 992 503 726 541 508 773
9c3839723fd689b6,952 515 992 849 188 562 533 508 726 773
98a0842de5031cf8,25 943 380 345 849 267 992 503 541 188
0de6c7b4de877530,943 866 380 849 992 188 503 541 435 773
96485cb8f85f76ca,692 335 25 866 345 267 503 533 541 188
43b90965a27e028e,267 503 849 992 188 562 533 435 726 508
9e5f04febf401bd7,351 943 380 345 503 849 562 188 533 726
d7cba1a1282bb300,515 351 380 345 992 503 541 188 562 508
b114b8a4f39bb214,866 503 188 562 533 435 773 508 944 428
edd08c5db885a6cd,335 943 351 25 866 345 992 849 533 726
eadbee01ac82f83b,351 25 992 188 562 726 533 508 428 1010
27f5baadc48f3922,25 952 515 351 345 943 380 267 508 562
6e80749c66288b73,25 952 515 345 351 943 380 267 508 562
ef98513a1ac30691,952 351 866 943 345 380 267 188 533 503
db0edbf004aac918,351 992 849 562 188 533 508 726 773 428
0bf076a40d0dacc8,25 267 992 503 541 188 562 533 726 435
f918733e85b3a964,943 345 267 992 435 188 562 726 508 773
f498d12b18e0f01d,692 335 351 866 849 992 267 503 541 726
35e21f2f19a78360,335 351 345 849 188 533 773 508 428 1010
1e97f89748412fb9,692 335 380 866 345 267 992 533 849 188
897dd8870e388185,25 267 992 503 562 541 435 508 428 944
2892ffa36cfab556,351 692 335 25 866 345 849 267 503 541
39e389715441ee3c,943 267 188 562 503 541 533 508 435 428
d23d63bf5ebd173d,25 866 267 992 849 188 562 726 508 773
649c66e34ef3283c,943 380 267 562 503 773 541 533 435 944
eee920e7179419af,25 345 849 944 533 188 562 726 508 773
0f861e6f1cbb843b,692 335 943 866 267 188 503 541 533 508
4c9035774f229005,943 380 849 267 188 562 503 533 541 435
7b7b3b0536e1c683,866 345 267 992 849 533 435 188 562 726
532a4661a04b39b8,943 380 345 267 992 849 726 944 533 773
18a80d3e3df87f16,952 515 866 943 351 992 849 562 188 533
b843d4f0090fac48,692 866 345 267 541 188 726 533 435 773
fc3e959029953f76,515 351 267 503 773 541 508 435 944 428
80e9af32bd931e87,952 515 351 345 943 380 267 562 992 188
26f5f120d7ec8eea,25 267 992 503 562 541 533 435 508 944
f1905cc0f0c15830,515 943 380 849 992 503 562 188 435 541
9dcc31c7defa0283,351 866 380 345 503 541 849 562 188 533
b086695eaad98511,692 25 866 267 849 992 541 562 726 435
9e910c7390945e16,692 351 25 380 866 345 992 503 541 849
ad32e464a318c1dd,335 25 866 345 267 435 726 188 562 773
210ac716609e271a,692 943 335 25 380 866 345 992 849 503
329d6822fd33751f,335 943 25 866 345 503 992 533 726 435
bdd5a23aa2def8bf,345 380 849 267 992 503 541 773 508 435
f1f42ece147b49a1,866 345 503 992 849 435 533 188 562 508
81bd72707e70af92,952 351 380 345 435 562 188 944 726 773
9fd50c8b4a5239cd,351 380 849 992 503 541 435 726 508 533
7741a4c45aa5d334,952 515 345 351 943 380 267 562 992 508
1c7bc5bae53e6771,25 866 267 849 503 992 541 562 533 726
1a821949ef622754,380 267 503 726 541 533 773 435 944 428
c1ac2c44f1c264b7,692 335 380 25 866 345 992 267 726 503
5e7035cbf0dd7eac,952 515 351 943 380 267 562 188 503 726
81e20d5d7413e47f,952 515 351 943 345 380 267 503 562 508
f0739c9218f26b37,692 351 335 25 380 866 345 541 533 188
86a14ed05803474c,25 943 345 267 849 503 541 562 188 508
7bbbbb06291b451b,25 943 380 267 992 503 435 533 508 428
9c00bbb18cb97e6f,952 692 849 267 992 188 541 435 773 508
98ab7a7d056fb60b,515 866 345 503 849 533 188 562 726 773
4128368cba67c13e,345 267 849 992 435 188 562 944 726 508
9138f2685f1033cd,692 335 952 866 515 345 943 351 562 380
2407a62ec04a4aba,335 351 943 866 380 345 267 849 188 503
7d607c77449c8bf3,692 335 866 25 197 251 952 345 54 490
a6034b3af0673e99,692 866 380 345 267 849 503 992 533 562
8012a4bcb4542620,692 345 267 992 503 562 541 533 508 944
3553fc2e5679b5b3,380 345 267 992 541 188 562 435 726 533
72b6d93e017139b6,692 335 380 866 345 992 503 188 435 562
a75a7581d41cf10f,952 515 345 267 992 849 562 188 533 508
f7ce57da39a83804,692 335 25 380 866 267 726 188 541 503
5cacf689fd822b75,25 345 849 992 435 533 944 188 562 508
5c692f2d0513922d,952 692 515 943 335 380 351 25 866 267
989c0251b9ba9f7b,692 335 351 25 380 866 345 541 503 992
137ef3054e0dd7c2,335 351 25 380 866 345 267 992 849 435
8546c13c87a4cfb7,692 866 380 345 849 267 562 503 541 726
e233f8287c56cbfc,692 515 267 849 992 503 188 562 541 533
c001826a7fed915d,692 515 866 380 345 267 992 849 503 188
b40fafa55eff980d,952 435 992 849 188 562 533 508 726 773
1b6eb73cd7f7ffd6,692 335 25 866 345 267 503 726 188 435
980c917d81e9f820,515 943 267 992 849 541 562 188 435 533
5a02e40ce4b55051,952 515 351 345 943 380 267 992 188 503
91163e91c503bf9b,866 25 952 515 351 345 943 380 267 992
099ec79ba6adf59d,25 345 267 503 849 992 562 533 726 508
a37ec2d13b465c84,515 943 380 503 992 849 188 508 726 533
06aa68f4a5454e2b,612 692 25 952 457 455 188 58 67 490
a2662c26e3ab69e8,515 380 267 849 992 188 562 503 541 533
4d7e6cbc08ba5c4a,692 943 335 380 25 866 345 849 992 503
356e8225e2288bb0,692 335 380 866 345 849 992 503 533 188
52020241ec3686ce,292 697 790 428 465 541 651 917 634 691
662cdaa623926178,692 335 25 866 345 503 726 435 188 773
f7f6bc209067af42,692 25 267 503 992 188 533 726 562 773
bbfd2fc8dab8dac5,335 952 25 866 515 345 943 351 380 267
cc98764afad61671,952 351 943 380 267 992 562 188 503 849
a8b30aed363c45dc,515 866 351 943 380 267 849 726 503 508
ce00a96eff1700e3,645 692 558 653 532 599 335 699 351 2
91e1b381bef83b47,335 25 866 345 267 541 849 992 188 726
041537bc2d640aa5,692 335 380 25 866 345 849 533 992 503
e3637de1780efb5c,515 335 345 992 541 726 435 773 944 508
e64a0febef7e2d4f,515 692 335 25 866 345 849 533 188 726
cf28be5cff9c2989,952 25 345 267 503 541 992 849 188 562
4ca4bad0ee07ef1a,952 943 267 849 188 992 541 435 726 508
6e172a7baad98df5,335 866 345 267 849 503 541 188 562 726
b194b134975a3a95,267 992 503 562 726 541 533 435 508 428
6bb2d2a894d8ae65,351 943 380 992 849 267 503 541 726 508
cc01d39468ee692e,335 25 866 380 345 267 992 503 562 533
28aceaa975a5ee3e,952 25 515 943 351 345 380 503 541 849
446af227696aebbd,692 335 25 866 345 541 992 726 944 773
79fbc9db19b0c1f8,866 345 849 992 503 541 188 562 435 773
a14bac6d2103330a,692 335 25 849 503 541 267 188 562 726
aacfa80668bde54e,335 351 25 380 345 267 503 188 726 562
91ec8a91cf89bc95,351 866 345 849 541 435 562 188 944 773
1b17ad0f9d2ca4a3,335 351 943 25 866 345 541 992 849 944
5b063c40fcadd4b0,692 943 335 380 25 866 345 992 849 503
87b1bbfc063b6e82,692 335 25 866 345 849 503 992 541 267
21a5d6a8e15c4b43,25 943 345 267 541 849 992 188 726 508
de51caa374b2bb92,692 943 25 866 380 345 992 188 267 533
8b85629656fd4794,692 351 943 380 849 267 992 503 726 541
a73dcf15b5ac4d30,335 25 952 515 351 943 380 562 188 992
d4113de9d42a290e,515 335 25 351 943 267 992 503 533 541
28121d0d3021f3bc,692 351 335 943 866 380 345 992 188 849
4775fdf2b019a2ce,952 515 25 351 992 849 562 188 508 726
d3a009adadc43bbb,692 612 197 866 143 583 599 952 312 117
62ef171c1a22a2c6,692 351 335 943 25 345 849 992 267 503
45c25395bf98bf57,351 345 380 267 992 849 503 188 562 541
d4cc60ceece6d5b3,866 351 345 380 267 849 992 503 726 541
976ace3619c1b2fd,692 335 25 943 380 992 267 503 533 541
8e80f621147a1c76,335 25 866 345 503 435 562 773 944 428
24c19357810abbb5,515 351 849 992 541 188 435 944 726 508
08abec2f9a8e3c3f,515 335 25 380 345 267 503 992 541 533
3688afc975452f8b,692 335 25 380 866 345 849 992 503 541
774b60fba70bf785,351 943 692 335 25 380 866 345 849 992
c4a588ee0776020e,952 692 515 351 866 943 345 380 503 541
56c08293484e80a7,692 335 25 866 345 267 992 541 188 562
cdcd03ddcd966518,952 515 351 943 345 188 435 541 508 944
b7efeac02f3c45a3,952 515 351 943 380 267 562 188 508 992
1a6932a74de915d4,351 866 380 849 944 562 188 533 508 726
545bbedcaa6bedcc,380 267 849 992 503 188 541 562 726 508
c88475a3037596c9,25 952 515 351 345 943 380 267 562 503
3e0501a00e3ebe5a,952 335 515 25 866 351 943 380 345 267
f4aae2380b1547cd,692 335 866 731 654 251 25 345 351 551
e2a1c1caaeba80cd,335 952 866 515 345 351 943 380 267 508
d09bfd81513651ce,692 25 380 866 345 267 503 849 533 188
ef0d5bce139f436e,515 943 345 380 503 992 562 188 541 944
a9cac6ad6f286348,692 335 866 25 952 54 583 197 345 490
15493caa15404814,692 25 351 866 380 503 435 188 533 562
4839f0f1d881d68c,515 351 345 380 267 992 503 849 435 508
8a186b67e9983b8d,335 351 25 943 866 380 849 188 267 503
55969806f5a01fa2,515 692 351 943 335 380 25 866 345 267
3c2360c402cdae28,380 267 188 849 992 503 541 508 435 726
875d81b6d2cd4127,692 25 943 866 380 849 503 188 541 726
48f865e06997b926,952 515 351 943 380 267 992 562 188 503
4601bfc9eb799013,335 943 25 866 380 345 267 849 541 992
bc3283266a264fba,515 335 25 866 380 992 503 541 533 508
65687da509f09e90,25 943 866 380 345 849 992 503 541 188
d23efca27b8176f6,692 335 25 345 267 992 541 188 533 562
d48b3af46e2b6ccc,335 515 351 943 345 380 267 849 992 188
e9dd9da1c196b384,692 943 380 345 992 849 503 188 541 562
3eebb31fefc4b11c,380 345 267 503 992 849 188 541 533 726
944a7dc027c80597,692 515 943 866 380 849 562 503 726 541
ebff2018702b0600,692 351 345 380 992 188 503 541 726 533
cf2056cf0e6af296,515 335 943 866 345 503 541 992 849 533
f6c9a0aa7087f492,692 335 25 380 866 345 267 541 188 503
b9d356f8f2d24ebd,25 345 267 849 992 435 562 726 944 428
f30b96f472975f35,692 335 25 380 849 267 992 503 773 726
16c260c6ca644587,866 380 267 849 503 541 562 726 508 773
9d0ad0a1f60acfca,25 351 866 943 345 267 992 188 503 773
36d33142ac668675,952 25 351 345 503 992 849 562 188 508
d24105bd73ad815e,952 692 335 351 943 25 866 345 992 541
2b8806218b75450c,335 952 25 515 866 943 351 267 380 345
607044d12e78c2da,943 866 345 267 849 503 541 562 188 533
d6d6099ee3add270,952 25 943 345 380 267 503 992 849 541
3c9c179c6f55b2db,952 515 692 943 351 335 25 866 503 345
647040fad1534227,515 25 351 866 345 992 849 533 188 562
b114e395f182b745,952 515 351 866 849 503 541 435 562 508
b5b236fbfc0f8d27,952 515 943 351 380 562 992 541 849 435
106a46f27953560f,335 25 866 345 267 541 533 435 773 188
f6486ebdfb6d2e82,952 25 515 943 351 380 345 849 562 508
25cc90db36f56543,952 866 25 515 943 380 345 267 944 541
613d1c946527882f,952 25 515 943 351 345 380 435 992 503
4e63d9c87a3f2b75,692 335 351 25 943 380 562 992 267 533
e51f9ff15862d8bd,335 503 992 435 726 533 773 508 428 1010
516103586e0345b1,692 25 351 943 866 380 267 849 726 541
037641feecfa66e5,952 692 335 943 380 267 533 503 541 428
4efccd047b5aadb4,515 943 380 345 267 849 992 541 562 188
fbd86bf2aeec97bb,692 952 335 25 515 351 345 943 380 849
7211e0e7e99f2613,952 866 515 943 351 380 992 503 849 508
87b92656db87f4cd,25 351 866 380 345 503 541 992 849 188
2bd555979a0cc44f,952 515 943 380 267 992 849 562 503 188
3c5218c40e8b2b46,351 943 380 849 267 992 503 541 533 435
ea3548539c1d1d8b,692 351 943 380 345 849 267 188 503 773
9739f671360458cd,866 345 541 992 849 944 188 562 533 726
c434923bb184be2d,952 335 351 380 992 541 435 533 508 944
6c993f1db1549155,692 952 515 335 351 943 25 866 345 267
73292a247be40b3b,952 515 351 345 943 267 992 188 849 503
1172427c14b96eac,692 943 345 380 849 992 562 267 503 533
bbdc3eb6cb9c9c54,335 692 952 25 515 866 351 943 345 849
4cda0c49ad77c729,335 952 866 25 515 345 351 943 380 54
6239a7d78d7fcf61,515 692 335 943 866 849 992 503 541 188
e46232e746c56090,692 515 335 943 25 866 380 345 541 992
177012090fa30cdf,952 515 866 351 943 380 992 849 503 435
ccbc7370e2fff1ff,515 25 866 380 345 435 992 849 562 533
07e26a0c01d8bdf7,952 515 866 992 541 435 562 188 533 944
f5f12f4b98da47c1,515 335 351 25 943 866 380 267 992 849
1cf87fdbd878e2d9,335 25 866 992 267 503 188 541 773 435
daf97e12a9694ef1,952 692 25 335 345 515 866 351 943 188
8513f4899f4a0b85,692 943 345 380 992 267 562 503 541 508
c4f575c9a86f6d3c,335 952 25 866 515 943 351 345 380 267
80c021fc685629d6,515 692 335 351 943 380 267 726 773 533
7c697ce9309f2767,952 515 692 335 943 25 380 866 345 849
cbb2ae2e1fe0f8ca,952 515 351 943 380 267 849 562 188 503
0233d09d2cbcbdc3,335 351 943 25 380 345 267 992 726 188
7e78de48e7b00d26,952 515 351 866 380 849 992 188 435 944
017dae78767e0339,692 335 943 25 380 866 345 849 992 533
1c68b22b6549e14d,692 335 380 866 345 849 992 267 503 533
7e9330505803a813,515 943 345 380 267 992 849 562 188 503
3cae9b499e3d0bdb,515 692 335 351 866 345 267 849 992 944
dedfd0de1e32dcf1,335 952 25 515 345 351 943 380 267 188
95cadc0b7c448406,335 351 866 380 849 267 992 503 726 533
043ae499cb58c943,952 380 345 267 849 188 562 533 726 773
db1b708ffced9b2a,515 692 335 351 943 866 380 849 992 267
d91c3db19b0cd73e,692 25 866 849 267 503 992 541 533 726
47154dcbd5f7b725,952 515 351 757 551 692 943 465 335 522
45772f0b55586394,335 25 943 267 849 541 992 562 188 533
e7d1b1074a74545e,515 25 351 380 267 992 503 726 773 533
e473a78485084e60,952 515 25 943 866 345 503 435 849 541
40c92a852b6507a6,335 943 25 380 345 267 849 992 533 944
a6b6654bfae7831e,335 515 351 345 943 380 562 267 849 992
26d0b73ff3896cb2,515 351 692 943 335 25 866 849 992 503
b6c7aa4b1bf48c3b,25 943 866 345 267 992 503 541 188 562
24fb81e9416d38ad,335 943 380 849 267 503 726 541 773 533
1fca90ec70fc9353,952 351 943 345 503 849 435 562 533 944
07aacd84525acb68,515 692 351 25 943 380 345 503 849 992
54a1e79456f02085,335 866 25 952 515 345 351 943 380 267
e9bfa70baff15f52,952 515 866 351 345 503 992 541 849 562
d54bf3b9916fd9f3,943 380 345 849 267 562 503 188 541 533
82eaae1572bf1023,335 351 25 943 849 541 992 944 726 533
fd69d98fd6372109,692 25 952 866 515 943 351 345 380 503
54c0a81148386a55,943 351 25 866 345 435 992 849 533 562
57e0abe1e5aab0ac,952 515 866 351 345 380 435 503 541 849
71b3031650710f51,692 952 335 515 25 351 866 944 849 533
3b1223f786a0a48a,335 25 866 345 435 726 944 188 562 773
b9d13b877107a99d,692 952 25 515 351 943 380 267 992 188
90bd09ed33a46e3f,692 335 952 515 866 351 943 345 380 267
d71dd0afd52b5b85,25 351 380 267 188 992 503 541 773 533
87b96f218aa4fcfc,515 943 267 992 541 726 435 773 533 508
6f1ab80b2aff1a31,335 351 25 866 345 503 992 849 533 562
ccc0f5e416714f02,515 351 943 380 267 188 726 503 508 541
80dd2d51ae07def0,952 515 866 351 943 345 380 267 562 849
a7572fb60229aa25,335 25 943 866 267 503 562 188 541 533
cd4cbf0a46ee6676,692 515 335 351 943 25 380 866 345 849
deb446f634932dcd,952 25 515 943 351 380 345 267 541 992
6360104cec6d7d89,351 943 380 267 562 849 188 503 508 541
b2fd76f90a713fc6,351 692 335 25 380 866 345 267 849 533
255bb847017aa9f0,335 866 345 267 849 503 541 533 188 562
0b344bf6a294e5d7,692 943 345 503 541 562 533 188 726 435
86beda2fc2ff6a25,692 952 515 351 943 380 562 267 992 726
aaf6cad69012ad04,515 351 943 345 380 267 992 541 562 188
b239d8219df1dd3e,943 866 380 345 267 849 562 188 944 533
195c196df59bbd3c,692 335 866 25 952 54 267 345 351 583
f6a62cb943c94e5e,692 943 25 866 345 849 992 503 267 533
a52a61e43ecbbab2,692 335 351 943 849 992 503 562 533 541
05a13eb10091c8ab,952 335 692 515 351 866 943 345 380 992
ae4a1fe5789c8729,952 515 522 351 335 943 380 428 25 992
095bbcd95548ca03,952 515 351 943 380 267 562 188 508 992
57614c6f17d45751,692 335 351 866 267 992 849 435 188 562
d3c0a1a5b3f8bfdf,351 692 335 380 25 866 345 992 849 267
b7b7331a88b5ab8d,25 351 866 943 380 992 849 503 541 435
e9f86962ef13c6ff,692 335 25 380 866 345 849 267 503 541
4b8232fb2e2a6d5c,692 351 25 943 380 267 849 992 503 188
5fe1956538fba935,866 943 380 849 267 992 503 726 541 533
9828a0f2c8e00e5d,692 952 25 866 515 351 943 345 380 267
f7f793afd6822306,692 335 351 866 849 503 541 533 562 188
1606037e1b735cd5,25 952 866 515 351 943 380 267 562 188
b3dac5faffa94e32,515 692 943 335 25 866 345 992 267 533
169c8e28d974ab6b,515 335 25 351 943 345 380 562 267 188
b8714a1fc883f4fe,692 515 335 943 351 25 380 866 267 345
a32d3dd225805931,692 335 952 25 515 345 351 943 380 562
4f782fd812daebd8,515 351 943 692 335 380 25 866 345 992
b60ddf933b329b96,952 25 515 866 351 345 380 267 849 992
d80002f11cf66de8,426 549 191 897 906 844 259 828 1018 1019
fee0f3133223d151,798 608 116 170 499 892 133 631 153 819
37be6f9b8a9ee5f4,116 906 828 426 191 852 1019 17 608 799
2d914e056ddd3e35,549 426 191 983 798 170 239 631 363 453
bd1285aef9c75973,384 909 608 549 897 116 259 191 17 44
44eda054007e0855,549 191 426 44 799 17 499 844 555 98
121a219cff0ad8e6,234 779 608 1019 909 557 799 17 259 844
b1cfa28263a82ab2,844 983 779 798 608 116 170 499 892 631
bcc59721b990ee9d,234 116 549 1019 557 426 191 608 259 799
15e40fa3c5904f38,549 191 897 608 906 828 1019 557 259 892
e2b74c7a62bd168d,116 191 897 426 906 909 844 828 1018 1019
aaac0b9e6d314fc9,779 897 426 549 191 828 1018 1019 259 17
ffc4b3662799b786,44 239 798 779 170 608 363 116 37 519
5a4c848283806eca,844 191 983 239 519 363 205 819 453 499
051cc6a41efecce9,426 549 779 116 897 234 909 458 557 906
a3809534f50162dd,426 44 798 779 363 499 116 608 819 453
347e7903c6af5831,549 191 1018 426 1019 557 608 17 909 458
5cbb387732e3ea74,234 116 549 426 828 191 1019 557 17 608
f3cfa3f9b3197c9c,779 116 906 426 191 852 557 1019 608 17
4d64a0b0dcb23c07,897 779 549 1018 608 852 909 799 259 381
0d3745bea388f435,897 234 779 906 1018 549 852 426 191 259
6659092ce9db0bd8,426 897 779 191 234 608 906 1018 17 458
eb0c1533be5d7251,779 549 1018 426 191 17 557 799 608 381
955d41ddf3c7888b,116 779 897 608 828 259 1018 844 557 799
1359ef2395539a48,897 906 828 259 1019 381 557 17 892 458
ed385615aa164805,384 909 549 191 259 799 426 906 44 17
89a453cbc8799244,426 116 779 234 608 897 259 828 906 557
251e8c7d17a3dcef,116 906 828 549 1019 1018 426 557 17 191
ea5ddaa9a7e7c7a2,897 906 549 426 191 828 1018 259 608 799
f2e92bb2a5fdbad0,426 549 116 234 844 897 1019 906 892 557
0ddc0d985ef22a80,234 549 426 116 779 608 259 897 844 1019
9b076ba0d2f85b2d,234 897 191 426 549 608 909 844 1018 557
16a13910f62db6d9,828 549 426 1018 1019 191 557 608 852 799
2b348542de124e69,234 116 897 779 557 191 17 549 1018 259
3f970d2b21def19f,234 191 116 909 906 828 557 17 1018 844
17f57e9df140f53d,779 116 897 906 549 557 426 191 828 608
c41b80e0ab7722d7,779 549 897 608 906 909 828 1019 259 458
aebf1c4dd9c71866,549 191 608 116 426 234 779 897 799 458
2f9449a851474a33,234 897 116 549 191 1018 828 426 608 557
e7272152b8f54e86,234 779 897 549 828 1019 426 191 608 557
7936b71c65020d39,116 779 549 897 426 608 828 17 909 1019
74a6801a3f95311c,549 426 191 1018 1019 557 608 852 17 381
c1949d07a8a6d48d,234 116 426 191 906 909 828 1018 1019 557
1f1ac4ef239c37b2,897 828 608 1018 1019 909 259 844 458 17
99419b9c05e45284,779 116 426 906 191 1018 1019 17 608 909
418210c6a323bb6b,426 897 234 116 779 828 608 557 909 1018
774b7c3b6eed8e43,549 191 779 234 897 906 259 458 828 1018
878d9a4840b9f160,906 549 426 191 1018 608 557 852 799 909
e338607854cd374f,234 909 897 259 844 906 828 1018 458 892
e7a0355136acf3c0,384 909 844 44 239 363 133 779 819 170
895fde4e2f3bc68e,909 426 191 983 844 44 239 798 608 116
219c1fc4a11d6b06,116 779 897 191 426 1018 608 17 909 259
5c84bd88d33a1797,234 906 779 897 549 426 608 828 17 191
e824d01aebde486b,779 549 234 116 426 906 191 1018 1019 852
f54ca344e1077bbd,234 116 906 549 426 852 17 191 259 799
376968604451e986,426 116 234 779 909 897 608 844 557 259
7342bab9f68c7cec,549 779 44 191 234 116 17 259 458 897
4adea23387321552,116 897 426 191 909 906 259 828 557 1018
80541e9bee12e666,779 116 549 906 828 426 191 17 557 1018
83b7e507037d3ebf,779 116 897 191 426 906 608 828 1018 1019
3b083c0b1e2f9de1,909 44 426 779 897 234 17 458 844 116
26c999ebb4a4a704,191 426 44 239 608 779 116 170 133 499
162c9dbb0f5a5d91,191 779 234 897 426 116 909 608 17 906
4d36da3473abc5c9,234 897 906 779 549 116 1018 191 857 426
39a0660cf8d61ce2,909 116 779 234 897 259 892 458 1018 828
c3d0c689ad4760a4,549 191 608 234 779 426 170 259 897 17
bd25ef7cd2233806,116 549 1018 828 191 557 17 1019 608 909
515aebfeddbe6458,549 116 234 779 897 844 17 983 892 44
81ada58f6ce60c7b,116 906 549 828 426 1018 557 1019 17 852
e88b5096cfc5f968,116 897 426 191 906 608 1019 1018 557 259
13d2cc86d0205e50,426 549 779 234 608 897 906 458 259 892
cc8607e1177c10d1,234 897 549 116 779 191 426 17 1019 608
9195b48d8202dafd,909 844 426 44 191 983 779 798 892 519
e57933bf1f74656c,608 44 779 259 897 17 844 458 799 896
5d0308c2a24e4cd7,779 549 116 828 906 1018 426 191 1019 259
d7ed877f8c75ce42,779 549 191 897 909 906 458 844 828 259
b721bf8deea2f756,549 608 116 779 234 259 892 897 458 363
3e0c42bc673f7eb1,897 779 116 191 234 549 426 608 909 906
92d2298b568cbac0,191 549 234 608 897 779 116 557 17 1019
19b4ebcb5d740a5a,116 897 779 608 909 906 259 844 1018 557
c060461ea2331c6f,897 828 549 426 191 557 17 381 608 852
44728904225a4926,426 549 191 116 779 234 259 892 798 363
a747a6d85a3a97c6,909 259 17 426 897 234 116 779 844 555
711c6ff06c46a10c,426 779 234 897 844 906 828 458 1018 799
6478d78c507d8976,116 779 549 897 191 426 828 909 557 1019
0f74cebf41166f82,779 906 426 191 1019 17 557 799 909 259
288f479d4525a493,779 549 828 426 191 1018 557 17 608 458
71b71051be75b460,897 116 234 608 906 909 828 1018 259 1019
7d0289887d3a523e,897 549 906 426 828 1018 909 1019 608 259
872ce396f7d4381c,779 116 549 828 1019 426 17 191 852 259
a80eccd288c4fe7c,549 779 234 191 426 897 909 906 844 828
06928ba2530182ce,234 549 897 191 906 909 828 1019 259 1018
25e43e04e8e6d353,897 234 906 549 426 191 828 1018 1019 259
3241158ed1506ace,897 234 779 191 426 906 608 828 1019 1018
cca8432d0bc79c55,426 608 779 909 116 234 897 458 906 828
80f87eb825da3e9e,116 906 549 1018 426 191 557 852 381 17
a47837e15cf9fec6,779 897 234 191 116 608 909 17 844 906
b2ae5b1a61d15e5d,906 234 779 116 191 426 458 897 17 549
c112fb386282d2dd,234 779 116 909 906 259 1018 1019 557 799
f7d0e64d96453b19,426 779 234 608 909 844 897 906 557 259
8e44b9b79e0f8e9f,897 234 116 549 191 426 828 1019 458 909
86ec444973f843c3,426 549 779 897 608 906 844 259 458 1018
4afdc770cc4e2a81,549 191 779 116 897 234 17 259 844 458
fdecf7af974037aa,897 234 426 549 906 191 909 608 458 828
32fb363bf1a8b2c6,779 234 116 426 191 828 608 1018 906 17
8c9143ef03d6c5b2,779 116 906 828 549 426 1019 191 557 17
ece0b48834a54e40,779 426 549 897 844 191 116 608 458 234
468555cb2d66ffb6,426 191 1019 852 557 17 799 259 909 458
ca4da4b11dbfaed9,116 779 897 549 191 906 1018 608 557 909
85a0db8a2bfc2b9c,906 549 828 1018 191 608 1019 557 909 17
c04e1d327d5a7b81,897 549 426 906 191 234 779 608 844 1018
427e9fe749c7fb94,191 44 234 897 779 116 170 844 799 98
7d63b97722f7a9c9,116 779 234 909 897 844 906 557 17 1018
7a103cc55291ee92,608 191 234 44 259 116 17 897 426 844
c1d2bd75ecb1410f,779 234 906 549 191 426 1018 608 909 557
21ad82f8db6c7795,116 779 234 906 897 191 608 17 426 753
fd788d06f09975f8,897 779 549 906 426 1019 1018 17 557 608
a8e41249bac07ac0,909 608 44 234 116 98 779 17 170 555
787fe7058512e495,234 779 906 116 549 557 426 852 1019 1018
2efe30379b1fab23,779 234 191 116 828 906 259 17 844 557
50d5d4f1ba46901a,549 426 909 191 608 116 458 557 779 259
4256aff3187d8d1d,234 549 1018 426 1019 191 852 17 557 608
248a8c3c80c76b8e,116 779 191 426 549 608 897 906 557 17
0d684dd9f14a6362,779 549 897 234 116 426 608 909 906 557
489d54d28a744407,426 116 779 909 897 844 234 608 259 906
0ae431cce003b367,116 549 897 779 234 191 426 557 828 259
ce4766c197574f81,828 426 191 608 17 799 381 909 458 844
2620e61169f672a5,608 897 259 844 170 555 799 458 98 499
0c39f944134facd8,549 909 608 426 259 44 234 116 17 458
033028817c35ec2a,191 549 116 779 897 909 608 844 234 458
45d4f73dc7e32559,779 897 828 608 1018 909 259 799 844 1019
4eb52426c5da7336,549 191 779 909 897 234 608 844 906 458
61aa82d79eab82e8,897 116 234 906 779 557 549 828 458 191
c487bbfaa270d6d6,549 191 426 608 844 779 116 897 892 259
ab061cb673bef7b6,549 116 234 779 608 897 906 828 844 17
9cb8c2f7adf80e1e,116 897 549 1018 828 191 426 17 1019 458
e93834bf1aaa45ec,549 828 426 191 608 852 557 381 799 17
8e9faf4a90cf2a00,909 549 191 426 116 234 897 906 458 557
c78fdd5d8b27fc8a,234 779 828 1018 549 426 191 852 17 557
90b929c32bc9c264,426 191 608 897 779 116 844 234 557 892
e8df78efad6cc0c5,549 116 234 191 897 426 608 458 1018 906
21878c8764c24ea7,779 234 549 426 116 906 828 608 259 909
65d68bed9d5188cd,549 116 897 426 234 191 608 844 17 906
0332fc00e35ef3a9,116 191 234 897 259 906 892 1018 828 458
19dd430954b52400,234 779 116 906 1018 426 191 1019 10 608
90a993084ced6ea5,897 779 234 191 116 426 844 17 906 458
c97a84c259f8e201,779 191 906 828 608 1018 909 1019 557 17
272336a6b81c7e2c,779 116 234 828 1018 549 852 557 1019 191
84f1f17a8d30c8a5,234 116 779 897 549 191 906 844 909 426
81bf34348acb4d2a,549 426 909 116 779 234 608 844 897 259
1d29153ebd2b36c2,191 549 426 116 608 779 234 897 906 259
d8847eccaf216740,549 191 116 779 844 897 234 259 44 892
bc0e5acc6a9fc0b0,779 234 116 906 549 828 1018 426 557 191
4e4b218b8de74f0e,897 234 116 549 1018 191 426 828 17 608
6df847a24bb59d9b,234 116 779 608 909 906 1019 1018 259 844
4c73a355b8c73006,426 191 549 844 779 116 259 458 234 44
88f5e6418c1813e2,234 779 906 549 191 1018 852 608 909 17
8914c79ce73649ca,549 426 191 897 608 116 234 17 557 896
6576dc2b8a0cd73e,426 549 116 779 909 234 897 844 906 828
fc843f11f477ae48,779 897 426 191 549 1018 608 1019 557 828
d7bbf4aa603646a5,234 897 909 608 906 259 828 1018 1019 892
b3a2facddae2d6ee,549 116 608 909 234 897 779 458 259 906
b50d73b5f24df541,234 549 426 828 191 557 608 1019 259 852
a1cce318c552f8f3,549 909 426 191 779 116 608 458 234 892
cd157a9180c34c75,426 191 549 909 116 608 234 779 259 897
67a49cb2b46cc6d6,897 234 779 116 906 549 557 426 852 191
051a0f7b5de7aba0,191 426 549 779 116 458 909 844 259 234
ff125bd2bebe947c,116 897 549 779 191 608 906 1018 828 259
5a8c47edafce5a5a,116 549 234 779 191 897 426 608 909 906
5cf4ff7ad3a8b3a6,116 234 549 426 779 608 897 906 909 557
38a1995296fd340b,191 549 608 116 779 844 234 897 259 458
c75ef76db0e9b584,608 426 116 259 17 170 234 779 555 98
f9099fcf3b58bb37,191 779 116 549 897 909 608 234 844 458
8768eaf6d3094bee,426 191 779 116 234 897 909 259 557 844
24870bf193931593,191 779 116 234 844 897 259 458 828 44
868b928b5de27ad1,909 191 608 426 259 779 234 116 170 844
4dcd9388ff3fd35a,897 779 234 116 549 906 426 191 17 983
de61363245e20488,116 779 549 897 191 906 259 909 1019 1018
267fdc01830750f1,426 549 779 234 116 608 844 381 897 458
4c62b8e1e27cbcfa,234 116 906 549 426 17 557 191 799 608
5fbaf53cfa1bc71e,234 116 906 549 426 557 828 1019 191 608
db9adb58c40a6439,234 116 906 828 549 426 1018 191 557 17
9b58bdcd27c225b1,897 116 234 191 779 906 608 828 909 852
2b119b67201bec1a,234 897 116 779 1018 191 458 426 17 549
c0ee2bcf948e7fd9,779 234 116 608 844 906 1018 557 1019 259
f68c453fd53f4339,234 549 191 906 828 608 1019 17 909 1018
2a2a73f71be76351,234 116 608 779 897 259 906 557 828 458
8da6d769c3215635,779 234 116 549 426 828 191 259 17 1019
99565c7e4a7dd13e,116 191 906 828 608 1018 909 844 1019 852
ebdac71200efb8a2,549 426 779 234 909 259 906 897 458 17
51a06cbbf117c205,897 906 549 426 191 608 458 1018 828 909
c936a2674fe2b89e,549 191 608 116 779 234 844 897 17 259
88a21be13acb950e,234 116 549 828 426 1018 191 608 1019 259
bb90a4bfad34c8e3,549 116 779 909 234 844 897 458 892 17
13151bce1cb04cab,549 191 426 779 234 116 608 897 259 458
37b657b1dd9ff5c0,906 897 1018 234 17 549 116 779 852 828
0d0064d912cabada,234 779 116 549 1018 1019 557 426 191 608
c26d3de2135bd02b,116 549 906 426 1018 608 381 17 799 852
8e1bef99f7ec1319,116 234 906 828 549 1019 1018 191 426 608
9742564ca5887a66,549 909 191 116 458 44 259 426 98 844
5356e1970ac3598c,234 779 828 906 116 549 1018 17 426 191
8e9e8c5bd9a5a138,549 426 191 844 608 779 234 116 259 17
17c6c797cdc5c168,234 779 426 116 906 1018 909 608 259 1019
f4dbe8848256e57e,234 549 116 897 909 779 608 191 906 426
064284e6a336f154,549 426 779 116 608 909 17 897 234 906
c316ebb3b037c097,897 906 549 426 191 1018 608 828 909 458
c31f0e9ec5d90ad4,549 608 116 779 234 897 844 892 906 799
95e76bc6d144263e,234 549 426 897 608 906 909 844 458 259
e3e5cf0cbf0e93cd,191 234 116 608 779 426 557 909 549 844
bf5e5162a3064297,234 549 116 426 906 191 909 259 608 828
2180f94d895869c7,191 234 549 779 116 426 608 897 259 458
24e2da36af4dc112,549 779 191 426 116 234 608 897 458 259
0872b61a8f5379f1,779 234 116 828 426 191 852 17 557 608
57af31c87f19cf17,897 549 426 828 1018 1019 608 381 557 799
e73afa947fcac318,234 897 779 116 549 191 426 557 608 17
e61e689b7613e354,897 234 779 116 549 906 17 1018 191 426
31fae18ef4484656,426 191 116 779 897 608 1018 906 828 557
9e0f2b5c83172c1f,897 906 549 426 191 828 1018 608 1019 844
f237fa03d52ebdb4,116 234 549 779 1018 828 608 1019 909 557
7c78bcb1bc3e2d5a,779 116 426 897 549 234 608 557 191 259
1ceeb54ad7edb262,897 234 426 906 549 779 557 191 983 17
65f65fb12727af11,426 116 234 608 906 828 259 1018 557 1019
734cc90bd88cd0d2,779 116 906 549 828 426 191 909 1018 557
9304da436c582d58,116 549 234 191 608 906 828 1018 259 844
67be45ba43aa73d8,779 191 234 897 909 844 259 828 906 1018
fbabe524806114c6,234 779 897 1018 458 426 17 549 191 557
ac9884dc1ef943bc,191 234 426 779 116 608 909 897 906 458
55aad07ed74d155e,426 549 191 909 779 17 234 116 897 844
ded2cc76948e232a,779 897 116 549 828 426 458 191 17 557
e49390320afcf4ae,692 151 25 335 866 541 428 345 508 1010
f1e4597607f15798,803 692 335 25 866 151 290 345 508 1010
752faacd6103367b,151 952 508 351 188 943 803 380 197 541
4c0563cc04c4cc92,736 692 335 25 866 533 503 345 508 1010
cf8286c2647a3038,345 952 1010 188 515 803 943 351 380 603
c856cfb2a5349b5e,736 508 562 952 515 803 943 351 380 514
66a3592bf1523835,692 380 335 866 345 503 541 428 508 1010
393614d9a48bda7e,151 345 736 952 1010 515 562 188 943 351
efadc0c692d965df,515 351 943 803 380 736 622 533 503 541
0eb86aa42d89c8f4,151 345 952 515 803 943 351 490 143 380
467634ba0434cae0,515 943 351 1010 612 562 490 380 143 533
d6df7a8b85ba452b,943 736 380 692 533 151 335 503 25 866
25b7421a873c8d93,692 335 25 151 866 757 428 345 508 1010
4fd6747fe7e81c70,736 612 188 952 515 803 943 351 380 603
875672238f26f046,692 25 866 151 541 345 428 508 1010 551
3b8aaaf35b1fe3bb,692 335 25 151 866 533 622 345 508 1010
6cd80a1ca3c9703a,952 515 943 351 1010 562 143 380 533 541
4f1ac298ce93589f,151 736 515 612 943 351 803 380 541 197
6f5453e893a780d5,692 803 380 345 508 1010 188 562 290 612
b4cc9507c2859047,866 943 188 562 533 541 612 503 490 290
24a64944f5f2dc92,345 508 541 533 188 562 503 612 290 490
87ff3b8064fa9788,692 151 335 25 866 503 541 428 345 551
869d4f47f6b43f6d,151 612 952 1010 562 515 803 943 351 380
5c71c1c5fc2c9ad3,736 508 188 562 952 515 803 943 351 380
da7f79dc6889177e,943 351 803 562 380 612 490 143 541 533
3b5bb1d9dca0ed6f,515 803 943 351 1010 562 143 380 533 541
dcd5a6dcd3454230,692 25 151 335 866 428 345 508 1010 464
90e70a75b920fb75,736 515 1010 943 351 803 143 380 541 533
522cf8d43c83e766,736 692 335 345 533 290 508 1010 188 562
e6d423764c71f5be,952 351 508 380 612 490 143 541 533 503
46ce7430af7b0ace,736 151 345 803 508 533 490 143 290 428
93e5b9336f9b5d82,803 151 345 541 503 1010 188 562 622 612
7731930a0807e940,335 25 345 541 508 503 290 188 428 562
cc0ed8b0eca05c81,736 335 151 345 541 508 428 1010 188 562
4d98f5a80dbd6df4,736 335 866 151 533 508 1010 290 562 622
5bc45cc60b588f95,736 351 380 508 1010 188 612 562 503 428
56c5acf699fdb14b,151 351 803 380 508 1010 562 541 533 612
2fb93575e50af1bb,866 736 151 803 380 508 188 612 541 533
11f74655f2d34a81,335 866 533 508 290 1010 188 428 562 622
d82f4bb34e752455,380 508 1010 562 541 533 612 503 490 290
6b8f0d7fc8a9c6ee,345 380 508 188 541 562 533 612 503 490
4d805375199bd03c,943 692 335 866 345 622 508 1010 188 562
737514afd2b8621d,736 692 335 25 151 866 757 345 551 508
4997d91380a23a1f,736 490 1010 952 515 803 943 351 380 603
b0e875c283b43f82,25 803 380 508 188 562 533 503 612 490
b0bcfb9263f82fc5,515 736 803 345 508 533 1010 188 562 612
98f61752143b0eff,25 866 380 345 541 503 508 1010 428 622
57aeb33379a090e1,380 692 335 25 866 151 533 345 622 428
54d320c69e6c3a2f,736 562 1010 952 515 803 943 351 380 197
bbe100986b7e3e36,803 692 151 335 25 866 541 345 508 1010
973a2cddf6f1a15c,351 345 1010 533 188 562 612 290 428 490
42f28ce990fc1868,515 952 943 351 612 490 380 143 541 533
accf9175e031ffa2,952 515 943 803 612 351 490 143 380 541
357362452099080d,736 866 351 380 508 1010 541 188 562 612
89a2425b8934c839,151 736 952 351 803 508 490 541 503 603
9a6c8c016eb87b9f,943 692 335 25 533 541 503 508 1010 188
ea5100f2e30443a1,351 943 692 151 335 25 866 533 428 345
9933c4491a17a004,692 151 335 25 866 503 541 345 551 508
0e786bd07ad41dd3,380 692 151 335 25 866 533 428 345 508
b7c02887094c6850,380 692 151 335 25 866 503 541 757 345
041c794b331b19d8,736 692 25 151 345 503 290 508 1010 622
288abfb36a247b7c,952 515 1010 803 188 943 562 351 380 197
e4b650ec178fd344,803 736 335 25 866 151 533 345 428 508
4afc456509808f8b,692 335 25 866 533 503 622 345 428 508
3577a6fe7948b2c7,151 952 351 188 562 490 533 541 143 503
1ea8e17d263291bb,25 952 515 508 351 943 562 143 380 541
96cd2989d7941b93,692 335 25 866 533 541 345 757 1010 508
b478d4318ee51fce,25 515 736 943 345 1010 541 188 562 612
1f019ced5e242dc1,866 952 1010 515 188 562 803 943 351 380
e26f4fc6dec741aa,335 25 533 188 562 290 428 612 622 490
436c5b9b5b8e2616,736 952 515 803 508 188 1010 380 541 533
967e88bd72b572d8,736 508 490 952 562 188 515 803 943 351
d5decd5d66d5a1c4,335 25 151 541 508 1010 290 428 188 562
bfcd8c37c18f6329,866 952 803 380 1010 612 541 490 503 143
b62f646be585a0ff,515 351 943 1010 380 612 490 143 541 533
715bea9d1e491b49,943 335 25 866 345 290 508 1010 622 757
8eeb1d875c6b740e,736 380 692 335 25 866 151 290 503 428
54160abd899c65eb,736 692 335 151 25 866 533 503 622 345
41ef3c3e16017703,736 151 1010 541 612 503 490 290 428 143
a9ba71e34857995d,345 736 508 952 515 803 351 943 380 630
d368a9f3021e2ef8,151 345 736 1010 952 515 803 351 943 197
4d0f4405b3a212a3,692 335 25 866 345 428 757 508 1010 551
a67d4181c6ede424,736 692 533 151 25 335 541 866 757 428
08c07c8bbfbc01ee,151 345 736 515 943 803 562 188 380 541
67ff4968530243c5,380 692 25 335 866 541 345 757 428 508
4ff93a0d02281338,692 335 736 151 541 533 1010 188 562 290
ec07be6ab3e517bd,803 380 692 25 335 151 866 345 551 508
5489fefd050a570d,952 515 508 351 943 803 188 562 380 197
49260d6606455baa,345 952 515 508 803 612 943 351 188 380
fe14dd2eef53f80b,692 335 25 866 533 541 503 345 622 757
417251c5e388da21,515 351 736 692 541 151 25 335 866 428
f5192a8eec2d4c27,866 736 515 151 803 380 1010 612 503 533
fe35c4f76d547be6,692 736 351 803 380 188 562 612 541 533
b73fcac7c3961994,25 380 508 1010 541 533 612 503 490 290
b05b399a71743f6f,25 866 151 345 380 533 1010 503 290 428
85015e6ce9dc94c4,692 866 803 345 533 508 541 503 1010 188
8d96a01e24efc36f,736 1010 952 515 943 803 351 380 197 514
d54f72bcc00e106f,25 736 151 345 943 803 508 562 188 541
160d9f6da795013e,736 508 490 188 562 952 515 803 943 351
6996d5eb6927abb4,736 515 943 803 1010 188 562 490 541 533
1f881fd2c76e454b,736 25 866 151 345 290 508 1010 622 757
a6d04a6c5cffda6d,736 515 345 380 1010 188 562 612 541 503
01ca9f9490743bc2,515 952 943 803 351 612 562 490 380 533
5863acc389c04812,952 515 803 943 351 380 197 603 541 514
a38d41e48b9e12d6,952 508 515 943 803 351 490 380 197 603
6652933988f5c140,952 345 380 188 562 612 541 533 503 490
fedb0b5e5286c401,151 952 515 943 351 803 143 380 197 603
0f2eb493a80ebc4d,692 335 25 866 380 345 541 503 290 1010
ed4fe3eb911842fa,151 736 952 515 351 508 803 188 1010 490
5ce39cbb0a83ffcf,866 736 952 943 803 1010 490 380 533 541
d63359c126968193,380 1010 562 612 533 541 503 490 143 428
c94cf35da675bbea,692 335 866 151 541 345 428 757 508 1010
2306f8bf4f0ea4c3,736 803 692 335 866 151 541 345 428 757
9e7bc282402d60fa,952 943 508 380 612 490 143 541 533 503
9d75553d5f93378b,515 952 345 351 380 188 612 490 143 541
bba6cce0f0156987,345 952 515 803 188 943 351 380 197 533
e91dfe5e5dd61759,692 151 335 25 866 503 757 345 508 1010
a995bd23324e5289,736 952 151 803 508 612 503 533 490 143
2f13024bde916ab1,736 952 515 803 943 351 380 514 603 630
e18bd2fa74f2f11a,692 25 335 866 503 541 428 345 508 1010
33cb8f66e1ad3e0e,952 151 345 508 533 562 503 612 290 490
5346dec5f7f1bd8f,736 25 151 345 503 508 428 1010 188 562
e5b1f7a070713cb2,515 952 380 1010 188 562 612 533 490 503
38412d7a8d4bae93,692 345 952 508 515 803 943 351 612 1010
d81b089ba9e8e554,151 952 515 943 803 490 351 143 380 197
3aa0295d02387986,866 736 188 562 952 515 943 803 351 380
903dc8e0f6b3e3f4,692 335 151 25 866 533 503 541 345 622
9a14aed8cee1742e,345 952 508 515 351 1010 943 188 562 380
4e2a704aaee8e5ff,943 692 380 25 335 866 533 503 345 541
e3cf07060b033257,151 803 380 508 188 562 533 503 143 428
27476442e7356147,515 952 943 803 351 562 612 490 143 380
f4284945a9521ffe,692 866 345 541 503 508 290 1010 188 622
e066fd617f28370a,335 25 803 508 533 188 562 290 612 428
5cc1a75689b9a1cd,345 952 515 943 508 188 380 533 541 197
96d4cc7331aba560,803 736 692 25 335 866 151 541 345 428
feb9cfe1b08693ae,866 736 351 803 345 188 562 541 503 612
05015384ba4fc365,692 866 736 803 151 508 533 188 562 290
60619e619fcdf7c1,736 151 351 803 380 1010 188 612 533 490
631a43b36b8871c8,380 692 151 335 25 866 533 541 503 757
f868973747ecdf32,692 25 345 503 508 1010 290 428 188 622
b477593a84f438a4,25 151 533 541 503 1010 188 562 428 612
a23787faa88f7f52,803 692 25 335 866 151 622 428 345 508
22fdea0082bedfb1,380 692 151 335 25 866 533 503 541 428
ad6db33a80b6ba6e,866 952 515 351 803 1010 380 612 490 541
4599cd3785a290e5,952 515 943 803 1010 351 490 143 380 541
ebe9dbacad2dc439,952 515 351 943 1010 188 562 143 380 541
000dc9ad607f67d0,736 508 952 515 1010 562 143 803 943 351
d9f9594fbd852a33,736 692 335 866 151 533 345 622 428 508
fa4543331a3b929f,866 736 151 943 803 508 1010 188 562 541
84845010a82e8403,866 803 345 508 188 562 290 428 612 622
0e4f2a1c71a99012,25 345 952 515 351 508 943 188 562 380
7a9f7e7ac81c0ebb,952 515 803 1010 943 351 188 562 490 380
fe2d04956da0da2c,866 151 736 1010 952 515 943 803 351 197
b0c8255137002ec8,943 736 380 533 692 151 503 541 335 866
8f141bdf57332354,151 952 943 380 1010 188 562 612 533 490
90546d31f029fec9,515 351 943 612 490 143 541 533 503 428
3c53d53a3469d75d,952 943 345 508 188 562 612 541 533 503
66a52a7512c93dec,515 692 803 25 335 866 345 533 428 1010
c935dd580019fdc7,692 380 335 866 541 345 503 428 508 1010
d195b76b475454df,508 952 1010 188 515 803 351 943 380 533
c0aba2d47bf08b06,803 692 25 335 866 345 533 290 541 428
cf5ab750638934ab,736 952 351 943 508 562 490 143 380 541
6a88b31ed086bd01,345 508 541 1010 533 188 562 290 612 622
5b3d8e9f2d145a99,952 692 335 25 151 866 622 345 508 1010
950239b75558e880,335 736 151 803 508 1010 188 290 612 428
5f197379daf14618,952 736 151 803 1010 188 562 612 533 541
8314033958557d83,736 1010 952 515 351 943 803 380 197 514
5a9ef0ec8b8e3f8d,345 952 515 351 943 1010 188 562 143 380
9f796284e309046d,952 692 25 803 151 345 541 1010 290 188
e8428321c52488e5,335 866 345 541 503 290 508 1010 188 757
e68bed579cf5e589,736 692 25 345 533 503 290 508 1010 188
c8b4b9fbb2311b0d,25 736 351 345 508 541 533 503 188 562
a672577ccec66e14,151 508 1010 533 188 562 290 612 428 490
2a48c30b045f13b0,952 1010 562 515 803 351 943 380 514 603
3dd6f7e087d9b0fd,508 952 1010 515 803 943 351 380 514 603
ef2a6c9ee2d09ae7,351 25 866 803 151 345 533 508 1010 290
c7ebe9b420aea2fa,25 345 736 508 1010 188 562 952 515 803
836ce2addd0531c3,736 151 943 380 508 612 541 533 143 503
860260d1246b07a7,943 151 803 508 1010 188 503 612 490 428
38ed522344aa1cd3,952 515 345 351 1010 380 188 612 490 143
b06ac433a8687e12,151 736 508 1010 952 515 803 351 943 380
5ad30b25d2947c26,736 351 345 1010 541 533 188 562 612 490
c84dbd8a3a94d4be,736 692 335 25 866 151 503 290 345 622
b44fa583d47e866a,351 803 25 335 866 345 503 541 290 508
ef4668d0554c5d4a,692 151 25 335 866 290 503 541 428 345
6156454a54967730,692 25 335 866 151 736 508 612 490 1010
2c8bc7fc9f429acc,151 952 515 345 943 1010 188 562 490 533
08c5d43c9ffe9011,151 736 508 952 515 490 943 351 143 803
0a02b72c42571e03,335 866 345 952 508 515 803 943 143 351
fc84a8ac8c5c20d3,692 943 345 380 508 188 562 533 541 612
442e431c5bd36496,952 515 943 351 1010 490 143 380 541 533
29676fb5800aefea,380 692 25 335 866 151 290 503 345 622
1457af4445835e70,515 508 952 188 612 943 803 351 490 380
d4ac039e8d95905c,866 151 736 345 515 351 1010 380 490 562
a0271969a1aaceb9,736 952 515 351 508 1010 562 380 143 541
9240daafb54216ec,803 692 25 335 866 151 541 290 345 622
61bb82e4fb005ea7,803 736 533 692 335 25 151 866 345 551
edcde235b601170e,25 866 345 533 508 1010 290 428 188 562
e42ce7a48d5c17d7,380 692 151 335 25 866 533 503 541 622
657845ad0ef4199f,345 736 508 1010 562 952 515 803 351 943
b097cdb4606a9f95,736 692 25 335 866 151 290 622 345 757
dffd3a12421339d4,943 692 335 345 503 541 508 1010 428 188
ee92a3ea7688ec70,736 943 345 508 1010 533 188 562 612 290
d042903292e2260e,345 380 1010 562 533 503 612 490 290 428
271b253439c0212e,335 736 151 345 380 1010 188 541 533 503
c5f7042ae86ddc1e,736 692 803 25 151 345 541 533 290 508
58a3b50bfee3d062,736 508 188 952 562 515 803 943 351 380
bda50008d819a335,736 380 692 533 335 25 866 151 503 622
6d1ce273942b0734,736 515 943 351 803 612 188 490 143 380
5eedc1c7b428f759,351 736 380 692 151 335 25 866 503 541
aa38248bd705ba5b,943 692 25 335 866 151 541 290 345 428
4a0a4fabaa504e99,736 952 515 508 943 803 351 188 562 490
497a64ce64c35ca6,866 736 508 1010 188 562 952 515 803 943
242efab372da84d2,345 736 612 562 1010 952 515 803 351 943
40856c129337c1b5,335 1010 952 188 515 562 803 943 351 380
f7b70c42fbad0f41,151 515 952 351 803 612 490 143 380 541
30745c1ec902139f,151 736 612 952 515 188 562 1010 943 351
b2a051f73c2b78cb,866 151 736 188 952 1010 515 490 351 943
3b74706a7bd76914,151 736 508 188 562 1010 952 143 515 943
a861ecef6167182f,515 943 803 380 736 622 533 503 757 541
ad78bb28548f8938,151 736 508 1010 562 188 952 515 351 803
f252f38d4e06be5e,25 866 943 151 380 345 508 541 533 503
6462f7a0c51ef23f,25 736 943 803 380 508 1010 562 541 612
984ccd8fa2bf5c60,335 25 866 952 943 351 803 380 508 1010
9ba7366844872c7f,952 515 943 803 351 490 143 380 541 603
8932d0f7457aefb8,351 803 335 866 25 151 533 345 428 508
435758325545e249,151 345 612 952 515 1010 803 943 351 143
222304aa6a8a2021,25 151 508 515 952 612 803 351 490 943
05b3b4264810544c,335 25 866 151 736 508 143 188 952 1010
e7de205c5056cf88,952 515 943 351 803 188 562 1010 612 490
237f614dc8439f59,692 335 943 151 380 1010 188 541 503 612
bc184970d40f55a7,351 803 380 508 562 612 490 533 503 143
6891a34d2e4b6ab6,335 952 515 345 803 380 1010 612 188 562
20403c86e33d5f79,866 151 508 1010 952 515 803 943 351 197
e5644ad3f14def9e,866 736 345 952 515 803 351 1010 188 562
95aa659bfffda5bc,335 25 345 736 612 508 1010 952 562 188
e68364b71cb29cd3,335 736 508 188 1010 952 515 803 351 943
3f90b34fb26c49f5,151 508 1010 562 952 515 803 351 943 197
6a37a3eb7c3e9d2c,866 345 952 515 508 351 943 562 143 380
dd3e4648026f3537,692 25 335 151 866 290 541 428 345 757
87688a256f0a7811,515 351 943 803 736 533 692 25 335 866
bde0d790676b4905,515 351 803 736 692 335 25 866 151 290
61a2033c09029bef,803 380 692 151 25 335 866 503 541 428
9f67c06058314732,866 345 351 943 803 508 380 562 612 490
8aeffd287c341d66,335 151 380 508 533 188 562 290 612 428
08eb9f318e159580,692 736 952 508 351 943 803 1010 562 612
39b90063beab14a8,692 25 335 151 345 952 515 508 943 351
d9d8cfce50f31745,345 515 952 351 508 188 380 562 490 143
dd84ec3ce9d06216,335 866 151 803 380 188 1010 541 503 612
99a85b00139dd77d,692 736 351 151 803 380 508 188 1010 533
eafd5df69e90df2a,692 866 345 533 541 503 508 622 1010 428
3ed81665aa14417b,25 943 151 380 508 1010 541 188 503 562
8dc406f38f34bd03,345 736 508 1010 188 952 515 803 943 351
cbafb33b5873d9a5,943 508 380 1010 612 143 541 533 503 428
776268b05c637098,692 335 952 515 508 612 803 351 1010 188
4ba9c7a5523118e8,515 943 380 692 151 25 335 866 533 622
1dcdf9ac2adde2a6,692 151 25 335 866 503 541 757 428 345
2b4de1ddef340299,736 335 25 866 380 151 541 503 290 508
16791bc581c47e88,692 952 866 515 943 151 351 803 345 380
777c116b7bd71fc2,736 1010 188 533 562 503 612 490 290 428
6b027fa4f2a570bb,943 803 736 692 533 541 622 335 25 757
a906461da5319bd2,803 736 380 692 335 25 151 533 541 290
9700208148854bba,736 25 803 151 345 508 290 428 622 188
4669f510f40e42d6,692 351 803 380 508 562 612 541 533 490
5581a2407f52b1dc,25 736 345 515 943 351 803 508 612 380
7f429ee134920751,952 515 351 803 736 622 533 503 541 692
b1827aaed93acdbd,952 943 803 692 151 25 533 335 866 503
8675d2cca8793257,151 515 943 351 803 612 143 380 541 533
b6f4fcb33d52c5b4,736 508 952 515 803 943 351 380 197 514
b09f76ab526828ec,952 736 692 25 335 866 151 503 541 290
4842db2053039408,692 345 952 515 943 351 1010 562 380 612
4ec8e97118864119,943 736 803 692 335 25 533 151 866 503
248243c8b8004aa4,151 736 952 943 351 803 188 562 612 380
77dd9e04779f349e,692 335 25 866 151 380 533 503 290 508
9ea691b5560aebc9,692 335 351 803 345 380 508 1010 541 188
d682d5d8171b4b32,151 736 345 515 943 803 508 1010 188 490
74d0f61d03391d3f,335 866 345 508 952 612 515 943 803 1010
ff5353155fc4ce3c,736 692 335 25 866 151 503 290 622 428
96763327bd9ef52d,736 952 515 188 143 562 803 943 351 380
8bfdfefdcd941d58,952 515 943 508 803 351 1010 612 490 380
8a8075df98fc1f65,515 351 508 380 1010 188 612 541 490 533
6701612425c1b760,335 25 866 151 345 952 515 351 943 612
8c2a8ed93bf212f1,803 736 380 692 335 25 866 151 533 503
c91166a9e2553be3,692 335 345 952 515 508 351 943 612 1010
2059c5b91abc1bbc,736 151 943 380 508 1010 188 612 533 503
072e518a42565574,151 736 952 562 515 1010 351 943 803 380
9e5245b063271507,803 345 1010 188 541 562 533 503 612 490
4c83c711425021e7,351 692 335 25 866 533 290 503 541 345
4bce45a063263f89,345 508 952 1010 515 188 562 803 351 943
881a56d0650b9885,345 952 515 508 803 943 351 188 490 143
e6afd0cde684865d,736 692 335 25 866 151 533 541 290 345
e63044d72e6dbe7d,736 952 515 943 351 803 188 490 143 541
56d099fec959ccde,25 952 515 943 803 351 612 490 143 380
1e37e622f930db58,736 345 952 515 351 380 1010 188 562 490
cf5bc3324dc30bb5,151 345 736 1010 562 188 952 515 803 351
c711063b2480da75,335 345 533 1010 188 290 562 428 612 622
753e30acdea1b6f2,943 736 335 803 25 151 345 503 290 508
378eba92c1463c1e,803 692 335 866 25 151 503 290 345 622
ec463eea94280c38,151 188 952 736 515 351 849 251 380 803
88b89bc7dd67d375,692 351 151 345 736 803 541 505 188 849
185de6acc50c58a1,345 25 562 508 212 188 838 736 952 849
1125a74d69e706ba,838 515 351 335 866 151 736 345 803 212
27f13aefe36351fe,151 838 351 562 736 380 508 188 803 533
fec4e1b406dbf9f8,838 335 380 151 25 736 943 803 533 212
881b7032fe5f2073,838 943 803 533 736 692 541 866 503 335
621101f6c93328a1,515 351 25 380 345 212 803 562 508 188
56b084bd702f2070,25 866 151 838 736 849 583 952 197 505
52d2eb5ad5aa430a,562 736 351 188 380 803 533 505 943 490
1875814a745de149,508 143 838 736 849 952 505 351 515 150
677b640361f6d90e,838 335 25 943 562 508 541 505 188 503
9060e0c004aacabd,345 212 562 736 515 351 380 803 143 533
6cf4816d2de8a104,838 380 736 541 692 866 212 25 503 335
0125d1e31c7ae822,335 515 508 803 380 849 533 505 943 490
04e26b7b92835a87,380 692 151 866 541 335 25 212 503 505
5fc6c0ef8e8b1260,866 25 736 151 803 345 503 505 508 290
bcd6e635919c7e17,533 692 503 151 866 212 196 25 335 505
b0e7a43c082f3d0c,866 151 212 838 849 736 952 505 150 351
87ffd3c689caaf7f,212 508 952 838 849 490 515 803 143 351
f645b02fed33b5f0,345 25 562 508 188 838 952 849 515 351
d5887d9ecc400dd2,692 866 335 838 736 380 212 803 943 508
c2a3b8fa74746e33,866 562 188 838 736 849 952 505 612 351
1729886e23633b59,562 952 508 736 351 515 803 849 143 505
a82f740d0f51aad2,952 515 692 335 151 866 212 345 736 533
c68299252bd53eed,692 335 25 541 212 345 290 503 505 771
adc99c39e0dffb6b,212 188 143 736 838 952 849 505 351 515
b6cfd1a5408a5e6a,692 952 866 151 345 380 212 562 736 943
d655228d1323c242,952 351 515 533 692 866 335 25 541 212
2209f35b9b6ade49,25 151 508 736 838 952 490 143 515 351
740e857489802f73,212 188 736 952 251 849 351 515 505 803
c5c2ed571d6eadd2,25 335 151 838 351 508 380 943 533 505
6f19ce85a5934847,692 335 345 866 151 838 736 952 490 515
2a53fec2c0c3ddf6,562 838 188 736 351 515 143 380 803 150
5d6a73fe225ada54,380 736 541 290 151 692 503 866 212 25
a78c8a973df5808b,943 151 866 533 25 345 212 290 505 562
f2a1c54a41a29231,692 25 345 212 562 952 838 351 188 515
c043d36e9ee86aee,533 803 736 692 151 290 866 196 212 335
6f8ff4f6c301eb3e,562 952 212 838 508 515 380 849 490 533
35d3de4326edb866,952 351 736 692 151 335 212 866 25 771
1d2fc0ff652e6952,212 351 515 508 803 849 943 533 490 505
fceae583c440f82b,345 151 508 952 736 351 515 380 251 803
38bf9c8953303b94,345 212 508 838 952 515 351 803 490 143
fae9603340eaa36a,151 212 490 838 736 849 952 505 197 150
36821d2222935d94,351 335 151 533 25 345 212 290 505 562
350ec8bfe4e9c5f7,838 952 188 515 380 849 490 143 533 150
6298594a2f6f5333,692 335 866 151 562 838 952 351 188 515
97bd1473a1741bb3,380 692 736 943 866 335 533 25 345 541
e53418b8bf1297a6,515 943 736 533 692 151 25 866 335 212
cc38d2ee1ff9be91,212 508 952 351 515 803 380 251 505 150
a9c4ed543ef1cbdb,943 803 736 692 290 151 196 771 212 335
1292e9bdd7b9cf20,838 515 943 533 692 866 25 335 212 503
d9acd514519c1ffc,345 736 212 562 943 533 188 505 849 541
2c5a081ef5a4ca2e,838 803 692 151 866 335 212 25 771 196
615311bd5d496319,803 692 151 290 866 335 212 25 505 267
a665f310323fc00f,943 533 151 692 541 866 25 212 335 290
43ea1860342770e3,212 188 508 490 736 838 952 251 351 150
9859c8f0b5f5421d,562 188 490 838 736 952 849 351 505 515
8ed4e48c2f3f0cff,212 188 736 838 143 952 849 251 505 612
24d4d57db49a0843,345 151 838 515 351 188 849 380 533 943
5b64096f1a5d773d,838 692 25 866 380 335 943 345 212 533
0a25cbc9c6421b50,351 515 380 952 838 943 533 692 736 803
8d0d07c11c043d69,838 736 952 490 143 351 515 505 150 803
e2d2166cd659ce8a,838 692 151 866 335 25 771 505 196 345
7ebed5b038112ee2,692 533 25 151 866 335 541 345 505 503
1f332d19fcda1032,335 212 952 838 351 515 490 150 380 143
f6df122b46f1d1cb,212 508 952 838 490 351 515 803 143 505
df1acdb00a838a36,866 25 151 562 212 188 612 838 736 849
86ceb8cce3a3a252,25 866 151 212 838 736 612 952 849 515
25fbad7ea8c046cc,151 562 952 508 736 351 515 188 490 533
aa8c287406b9683d,952 515 692 866 335 25 212 503 345 196
38f8690da483070a,866 151 838 736 952 505 150 583 351 515
b3c4baf43bed80b5,562 212 508 188 838 952 351 515 612 803
53bef9268ac261b9,533 803 736 151 335 866 25 212 505 345
4af1200c4545fe1b,692 351 380 345 736 212 803 533 562 508
f34d295eee22fccf,838 803 503 692 151 866 290 212 25 335
0f1e098f52ef2e60,562 212 508 838 736 952 490 351 849 143
c628cd3e4cefa36c,351 380 838 692 151 866 335 25 212 290
fe38b8fa27a66e3f,838 692 736 803 25 866 335 533 541 345
3e55486b978abd2b,952 692 335 25 151 866 345 943 803 533
dcc61b8c131d1188,515 803 736 541 692 151 290 503 866 335
730a30d1d4e0496f,25 212 508 838 952 849 803 515 351 612
05133cb8b65df1b4,838 952 562 515 736 380 188 803 533 849
ceba7a69de4af1cd,952 692 866 335 380 345 943 562 188 541
dd86863787c6b189,515 736 541 151 692 503 771 212 866 25
7196032740a3b4e5,952 335 866 151 345 736 212 943 533 508
7ae49e33b324b5a9,515 351 380 838 803 151 503 692 866 290
98dbada22469fb99,151 25 952 838 351 380 562 803 508 533
83e35c19e4de00c4,803 736 503 692 151 290 212 771 25 335
124c7c64d2800257,692 25 866 562 838 952 736 351 515 803
7690cc6789b3e534,838 380 692 736 151 335 345 541 505 562
bd4c3730279966b8,692 335 25 952 866 151 515 562 736 508
90a22f68a8b461ea,803 533 736 541 692 151 212 25 866 335
e732a5d06eb18153,952 351 380 803 692 151 866 335 25 212
fc2d2127dfd0a56f,351 515 866 25 151 345 943 736 212 803
8457edf7d41d2685,866 508 188 952 736 490 351 849 515 380
3c5dd07b22058f21,692 335 345 866 151 212 508 736 838 952
b18d67235ff5f53e,351 380 866 25 151 943 736 345 803 212
efe784a36664a4ec,952 838 803 541 736 692 290 196 212 151
6edfa894318c921b,943 692 335 380 25 345 866 533 992 849
917790cc3ba6d6e9,866 267 992 849 562 726 944 533 773 435
86d03224567acc3b,692 335 943 866 380 992 533 508 541 267
fdcdc084cd41b1be,692 866 345 992 188 541 503 944 508 533
b7f81109a0e6eaee,25 345 541 503 849 188 508 944 726 562
1e166686ab393a1e,25 515 351 380 188 849 267 992 562 944
a435658172c6f1cb,351 943 692 335 25 380 345 533 866 992
0f9a5e63985a14c2,952 515 866 943 562 267 541 944 503 533
aae188e654f5166d,515 351 380 188 508 992 849 562 726 1010
84f23b2da021086c,25 866 345 541 188 267 849 508 533 944
b0f03037d40761b8,943 335 351 25 345 866 849 992 533 541
dfea02ae5bddb9b6,952 515 866 351 380 508 541 944 503 435
588d198e0566dc2b,25 943 345 188 508 944 849 435 533 726
9e43bbd8e714af4f,25 866 345 541 992 188 849 508 533 726
5b5901efa4f9d7bc,952 943 380 849 562 267 992 541 726 1010
1891c8ec12649bba,952 866 345 267 541 188 992 944 508 849
245f1b25e53b140a,345 380 849 726 992 562 267 508 541 503
7980d8ae83011ba3,952 351 188 508 849 267 992 562 541 726
072a2132b3cc3b40,25 866 345 849 188 267 992 541 503 562
cd686c6ebb2c3a69,515 943 351 380 508 849 726 267 944 773
63244014a9689920,943 692 335 25 380 866 849 726 992 533
1e75873f6e0f64cc,952 25 866 267 188 849 503 508 726 562
d50f3a706135b5a7,943 351 866 380 188 849 992 267 562 541
4683d536e314f847,952 345 515 943 351 188 380 508 849 267
986b28130e8c2706,351 692 335 25 345 866 849 267 188 428
4163b94fc390a44a,952 515 943 351 380 508 188 944 992 562
624264ede99d5fd3,943 866 380 726 992 508 267 503 533 944
42d20830e60b7d56,943 380 849 508 726 267 541 773 503 1010
0245ff0c2e0b73c8,943 866 380 188 849 541 267 726 562 503
eb0f50a679b92eae,943 345 380 849 992 726 508 267 773 541
77c1252e154c2744,952 943 866 345 992 562 508 503 944 533
dc320da2ddb68e97,515 943 351 380 188 992 1010 541 849 562
e528dd0f8c1b336d,952 515 351 380 508 188 267 944 562 849
d69e51320d6e8620,351 849 726 992 508 267 541 773 503 533
67227cd8df3c7b0f,351 943 692 335 25 380 345 866 533 849
3c8123eed9a075a3,866 952 345 515 943 351 380 267 188 992
40c5b4c8393de8c0,692 335 943 25 380 188 992 562 533 541
de23c79e9a9bef20,692 335 25 380 866 849 726 992 541 562
ceb725a0ee656ee9,692 335 25 380 866 188 849 541 726 773
f8b0e834aaac8729,952 515 943 351 380 188 992 1010 503 541
3f513c61a7d93682,25 952 515 943 345 267 508 188 992 435
22145a455c5ea30b,515 692 351 25 866 345 188 267 533 773
11442d5b99c49fce,692 351 335 25 380 866 726 541 562 267
6c820d02fed953c2,25 351 380 188 267 849 992 503 562 726
82cc677cd90aa301,952 515 943 351 188 380 562 726 992 267
ee6a10ec36f6608b,515 692 25 351 866 380 345 849 541 188
58d9d9d94d0e45d5,943 380 726 562 992 508 541 267 533 503
a650ac370895e0b5,335 25 380 866 345 992 503 849 533 188
f527c12a93407fe2,515 345 943 380 188 508 562 267 992 726
ed763f443c112548,952 515 351 345 267 503 508 188 992 849
e79428248321d447,952 515 866 351 345 508 188 726 562 533
97f08473c3daabf8,952 866 380 345 503 992 849 188 726 533
d9470371445169bf,952 515 351 345 267 508 849 562 944 726
acb9e60e7f0c653a,335 952 25 351 866 345 849 992 188 503
2ebd2e9b4a84587e,952 515 943 188 508 541 849 992 562 435
78e7842dca27aae2,351 692 335 25 380 345 866 992 188 726
6bbc7f1402c7377e,952 515 345 943 351 380 188 508 726 944
7208efa70454cfe0,692 943 351 345 380 188 773 267 541 533
97e51cefcca8ccb0,515 943 351 188 380 508 992 267 541 944
a19c7c26bc342709,692 335 380 25 345 866 849 992 188 541
a00e5e6305bcf439,943 692 335 25 380 866 992 726 773 541
b8995db8faacfded,515 345 849 992 541 508 503 562 726 944
a5328c03ea31a763,335 345 866 380 992 773 533 562 541 267
5b6f09204f4daabb,692 335 25 866 849 992 533 188 541 522
e278a29e59f28216,515 943 351 849 508 992 267 541 503 1010
a17411071c41c935,952 515 351 849 992 508 541 503 1010 533
0e9774396b26ca15,335 943 188 992 849 944 726 562 435 773
0117cfea73eeb583,943 692 335 25 351 345 866 380 726 541
f95f35ccdb47fd35,952 515 943 351 380 508 562 849 992 267
997416f7f3aed88e,692 335 25 345 866 849 188 726 533 992
8522cb4190539a5f,335 952 515 866 943 351 380 726 508 992
7d523dc3e91e9a58,515 25 866 943 345 380 188 944 992 541
940e99f87d44488a,351 345 380 188 267 992 849 508 503 944
77d0c4d28b7a993e,952 335 351 345 866 380 562 992 508 267
1dc56254936dfa64,692 335 25 952 515 943 345 380 351 508
5fe7537547d6990e,335 351 345 866 380 849 992 726 533 541
899266d5ee7da188,952 943 345 267 508 188 541 944 849 562
0d9bfaeaf0d5fb06,335 25 380 866 345 188 503 267 726 773
ee568b12e7d25bae,335 943 866 380 345 849 992 503 944 188
65b1fd19aa754c53,866 952 345 515 943 351 188 508 380 562
4f7507e27ca310cb,952 692 335 25 351 188 380 562 992 533
ca5376a0add4d703,351 692 335 380 25 345 866 992 849 541
3109df26723693f9,692 515 943 866 345 351 992 508 267 541
4797f46ece6cac90,515 351 380 849 992 562 267 541 726 1010
4d4dd96576880121,692 335 25 866 541 188 849 267 726 428
317e8dfd30708d5e,692 335 25 866 345 533 849 944 435 188
f5e66b89f55e3035,692 335 866 943 351 849 380 992 773 533
0d313710e7281608,25 866 943 345 267 503 508 541 188 992
c757cc996bcb6365,692 345 351 380 992 508 541 533 267 503
2589ddd5e93cabf4,692 335 351 25 866 345 541 992 503 849
7d07e14f9b2292c1,515 943 351 345 380 188 849 562 508 267
2254262e61e07f0f,943 380 849 992 267 508 726 503 773 533
2a41e15bf7e14470,952 515 351 380 267 188 508 541 849 992
f6b1c7313cc7b61a,943 692 335 25 345 866 992 503 726 773
7a37b4768ef25ded,692 866 380 188 562 267 508 541 503 428
20e89d539ea3472b,351 380 188 849 992 267 508 726 503 562
8ae9c47c685c7929,952 345 515 943 351 380 188 508 267 849
ac91888f5481fea6,692 351 866 345 380 188 773 992 508 541
9365a0606828f98e,692 345 866 380 992 508 541 533 267 428
973b01771a8e4f51,335 952 943 25 515 351 345 992 508 849
6fc52deb49761ae9,335 351 866 380 188 849 992 726 562 541
19d3c7bc49560de9,515 943 351 380 849 726 508 992 773 267
d76e8290eca87a21,692 351 380 849 508 773 267 541 503 944
3e29aa801d63ceb6,515 952 692 335 351 25 866 992 849 188
225967eb8758db0f,351 345 380 188 849 992 508 267 541 533
aaed9a0a6ade7349,335 25 952 515 351 943 380 1010 508 188
3ea42f8aae570d23,952 943 351 380 188 992 541 562 503 726
c23b96161289691f,345 351 380 188 992 849 267 562 541 726
3c67ef2e991c5c6f,952 515 943 351 380 508 992 267 1010 541
057597ebdc9f3c84,25 866 345 380 849 188 541 533 508 267
f25d64f93bd32e9a,335 866 952 345 515 943 351 380 188 267
6314062a4de5ccdb,335 25 866 345 992 849 541 503 726 944
d679cf2f7a2929f7,335 25 345 849 992 188 944 508 533 435
b2a51411349e59dd,692 943 335 25 866 380 188 533 992 562
ef93cb8d6426d52f,351 866 345 992 849 508 726 435 533 773
e8c83e688f609a05,515 943 849 726 508 267 541 503 944 533
7620a9406f95b5d6,692 335 515 351 380 849 726 533 773 541
f7cbb084fc64d3ba,866 952 345 515 943 351 380 562 267 1010
0cf22b2e68324cd7,692 335 25 380 866 345 267 992 503 533
9b7978886b29be82,952 351 380 188 849 508 503 944 726 562
644f3cd8ff3e72f1,692 335 943 866 345 267 849 541 503 188
698703cd048abc6b,952 866 515 943 351 188 380 726 508 992
8a014201b18fd824,866 952 515 943 351 562 508 267 992 849
ac281d789c800b49,952 515 345 943 351 380 188 267 1010 541
99dfcf0db0c545ac,692 335 25 380 345 866 533 992 188 726
faaf313688bbea6b,692 335 25 345 188 992 267 541 503 508
148c6524a4fbe66a,25 866 952 345 515 943 351 380 508 267
9d8160d37c78e7c2,952 25 351 866 345 992 435 508 849 188
1b9de1b72793d1db,515 943 351 380 992 267 541 1010 944 533
457b4da798632e3c,866 380 188 992 726 508 267 541 773 503
03b8882664f0b36c,692 335 25 866 345 992 849 533 508 188
d8b13e49d4250db0,849 992 726 508 541 267 503 773 533 944
33ece4a9df3fa7c2,335 25 866 345 849 188 992 503 267 726
cf1d2e8b817805bb,692 952 515 866 345 351 380 188 992 508
c321e56417a53553,692 335 952 515 943 345 267 992 188 944
9c2575ca4e23d136,866 952 515 345 943 351 380 508 188 992
69512e4d482806c6,515 943 345 188 992 849 267 541 562 503
5a950a2bc34f706a,692 335 515 943 351 866 380 508 188 503
78039a952ab62cd0,25 952 345 515 943 351 380 508 188 992
d967cd037dc8996e,351 943 692 335 25 345 866 533 849 541
725a467ab2b7059a,943 692 335 351 345 866 380 188 562 508
3e0bc3b42b0a194e,943 335 25 380 345 866 188 992 726 533
f30a9fd0df1ed162,515 692 943 351 335 25 345 866 380 849
3245ee53659ddc17,335 515 25 351 866 380 992 562 541 508
e90c9a02901c8c20,952 866 515 345 943 351 380 188 267 849
3af352eaf829a256,25 515 351 380 188 992 503 508 562 944
511b1273f4e8e0a8,692 952 515 351 345 508 992 188 435 849
ebcec74d65c2ac31,345 952 515 943 351 188 380 944 562 267
2fe0cf9b365f0e35,952 345 515 351 943 508 380 188 267 849
c7d35b81cf2c5bf2,952 866 515 351 345 380 541 992 188 849
4724eb8656bf98a7,692 866 943 351 345 380 508 188 849 992
4e7e3687230e820d,25 952 345 515 943 351 508 562 849 267
582434388d6d665f,692 849 992 726 508 541 267 503 773 533
d2f1d9a1597f1101,952 515 25 351 866 345 992 508 849 188
c2e634870d98a4b4,692 335 943 380 849 726 992 562 773 508
24d9f53e904ceb28,952 335 943 25 866 345 541 849 188 508
dda4287175a85ade,692 943 345 351 849 726 992 541 773 267
53852ed7922c1963,952 335 25 943 866 351 380 992 508 533
7f0f003600c52353,692 335 351 866 380 345 849 188 533 541
74d863e0be1fa23c,866 351 849 992 726 267 541 944 533 1010
a2726b587c572763,692 943 335 25 345 866 380 992 773 533
073965bc789f1e27,335 351 25 866 345 541 992 849 533 188
9b6092ed3bf34ab8,692 335 25 345 849 503 267 188 508 726
893941a73bd3bb7c,692 952 345 380 849 541 726 503 562 533
f4041270ab16e500,335 25 866 345 992 541 188 726 533 503
959200497a41254f,952 351 380 188 992 562 944 541 773 503
d9be989f02975394,692 335 866 345 849 992 188 541 267 726
df154e2d9f066667,952 943 692 335 351 25 380 866 345 267
8fc546a7c32b884a,943 351 380 849 562 992 508 773 267 541
76693452c8d94126,692 335 25 866 345 541 849 188 944 726
8de62ad0f28fb1b6,952 515 25 866 351 849 188 267 508 562
da900d367e8d24a6,25 952 515 943 351 380 562 773 992 267
5b445e3d56904044,515 692 25 335 943 345 351 866 380 992
636ac2fc0482a137,692 335 25 866 849 267 533 188 726 508
aff4604224360281,515 692 943 335 25 866 345 849 533 508
77e178593ca3b93d,351 692 335 25 345 380 866 188 773 522
ee1c23ed91ccc5b9,692 952 335 515 25 943 866 351 849 992
2fb1545e95803cf6,692 345 380 992 849 267 503 562 726 533
e1858fc6774c39dd,943 866 849 992 267 508 726 773 944 533
9ecfcabccd5d3c68,515 25 943 380 345 944 992 508 188 849
8656df8f25a650ee,952 188 267 849 992 503 562 944 726 533
c17d0c9834de706e,943 692 335 25 380 345 849 866 188 533
ba19e2d9aae06de6,952 351 692 335 25 345 380 866 849 726
76f0c455a4682af3,25 515 943 351 380 188 508 992 849 541
ef9a434f5fd53fe3,25 952 866 515 943 351 380 508 849 562
a23936729afdcea3,692 335 25 866 345 267 992 188 726 773
bcd51832c2516a8c,692 335 351 188 992 267 508 533 944 428
3c8089fd7d0434a9,952 692 335 351 943 25 345 380 849 992
f6ae2943e79ec8cf,943 692 335 25 345 866 726 992 533 188
ebea7bcd022a2777,692 335 351 380 866 345 849 188 533 541
26bb755de0c0511e,25 952 345 943 351 380 188 508 849 267
6de243bcd99b2587,335 952 25 351 992 188 267 541 726 503
03e1f33469c6f46b,25 866 952 515 943 351 380 188 508 267
37203b4b80410d84,952 866 345 380 267 188 992 849 541 944
f5561196df2d32f5,692 345 380 992 562 508 267 541 503 428
07fdb4a8b3e136a7,692 335 351 25 866 380 345 188 533 267
9026f3b173123976,692 335 25 380 345 866 188 992 541 267
a92304121a5dd938,515 692 351 335 25 345 866 188 533 992
d383a6918fdb5db2,335 25 952 515 943 351 345 508 944 849
ac9455cb2ab6f5ab,335 515 25 943 351 866 345 380 849 726
e9d873d4ff058165,335 25 380 345 866 849 188 541 267 726
a05b29d476b41a2c,952 515 943 351 188 380 1010 849 562 992
70fbb92cd192dce0,943 692 335 25 866 849 188 533 541 726
1a9f31183caf8832,952 25 345 267 503 992 541 188 849 944
403231f1bf739bcb,335 866 345 992 188 267 849 533 726 428
edb909abaefcc9d7,335 25 952 515 351 380 992 267 503 533
838cf2b8c86bfa06,335 25 866 380 345 849 267 188 992 541
394bacd2b5c704f7,25 515 345 380 849 773 992 508 267 541
41063808c8161ab1,335 25 866 952 345 515 351 943 1010 267
82bdaed2b693fab4,335 952 866 943 351 380 188 508 992 726
eb289bbbcc0d5c97,692 952 345 541 188 849 944 726 562 773
8422c671ee086f07,25 943 866 345 380 188 992 267 541 726
e2a96eb4d6834ba2,25 952 866 515 351 267 944 188 508 992
2700b107dd2234d7,692 335 943 25 380 188 849 992 773 541
50f5610738d69667,952 515 692 335 351 25 866 345 541 992
e3121a56fc231389,692 335 25 345 380 866 849 533 992 562
b9921a19fce20d31,515 345 943 351 380 188 267 849 992 944
cf2688853d89c978,866 952 515 345 943 351 380 267 188 503
8d88015df988f044,692 335 25 380 345 866 533 992 188 522
e92a1ea75cac66fc,952 515 943 351 380 188 849 992 944 503
486daf17c2fd695f,952 345 515 943 351 380 188 1010 267 849
14c428ba7fb97693,25 351 345 380 188 508 726 992 562 541
7633a45ab55cc4ae,335 515 345 943 351 380 188 267 992 849
1f33f9f10c1ecc05,335 952 943 866 345 380 267 508 188 503
da8e22cc84664053,952 943 692 335 25 345 866 992 188 533
67ba92e41be08284,515 866 943 351 380 849 267 508 992 773
0e385aa2a53ead6f,943 866 380 188 849 267 992 508 726 562
8619102baffd42ab,692 943 335 25 866 267 188 503 726 508
57071e1b53b1b095,25 952 515 351 380 267 508 849 188 541
a44a23d69126794f,692 952 515 866 943 345 351 380 849 188
a2c5d1391062b56c,515 25 943 345 188 267 992 562 508 944
b0d2cb18c3552767,692 335 866 380 849 992 188 541 533 508
0ed014a6c54d4780,952 345 515 943 351 380 188 267 944 849
d13cd16c89469d04,25 952 515 188 508 267 992 541 503 726
09eb3b47a695a1f5,952 515 943 351 188 508 380 562 1010 267
44380a39dec8826e,25 866 345 541 188 849 267 533 508 726
8fb0877e6d265985,515 692 335 351 25 345 380 866 726 188
392bb7291808e475,335 952 515 866 943 351 849 944 188 992
9f47652882a34177,692 335 866 345 992 849 188 533 508 726
61e7a4033ae373e1,943 866 345 188 849 503 267 944 562 533
6207668a5b6541ab,692 25 380 866 345 267 992 188 508 533
1d4279498700a3da,692 335 25 380 345 866 849 188 267 541
cc2a1cd2ed655355,692 515 943 351 380 508 773 267 541 503
8fd720e1aadc4de2,335 25 943 380 188 849 992 508 267 562
672dea31a1b7db11,952 25 380 345 267 541 992 188 849 944
0a901f8f385f3dbe,25 952 345 515 943 351 380 508 1010 188
bdc42a014693d4cd,943 351 692 335 25 380 866 345 533 849
5e8a79f04b407a19,515 335 25 866 992 541 849 503 188 533
df6bd26dfebe9cb4,25 952 345 515 943 351 380 267 508 944
6f8b8e5d2c195a5e,866 952 515 943 345 351 380 267 992 188
79235fcbfa8e0aea,335 25 515 866 943 351 380 849 562 726
4112cbbf4713fa48,25 866 952 515 943 351 188 380 508 1010
52d357edaeb73481,692 335 866 345 849 188 267 503 508 726
26e6aff5fddb4a36,515 866 943 345 267 508 188 541 992 849
55d8dcd65ec26ecd,25 952 515 943 267 849 508 992 541 944
52e0519b60b2146e,866 952 515 943 351 188 267 508 849 992
d7f1acd3574d57ed,692 335 25 541 188 992 849 267 726 508
29abdc3f008ff751,335 692 952 515 345 943 351 380 726 773
3eb2504428966a04,692 952 515 25 943 866 380 849 726 562
ffa921d69a883d2f,25 952 866 515 943 351 380 562 508 267
820a6e81b5910d79,25 943 866 380 345 992 541 849 503 508
ad712695ad0cbbd6,345 541 188 992 944 849 508 726 562 533
065b64e69715a656,692 25 952 515 345 943 351 380 508 849
5a78b921c6f04638,952 866 515 943 345 351 380 944 508 188
dd82cd493b40d37b,952 25 351 380 188 992 849 508 541 503
c6633b1dd4b5a81e,952 515 943 380 188 849 541 503 562 726
6a9b2f9755e79beb,25 952 345 515 943 351 380 508 944 188
f15d4450254991ea,515 943 351 508 849 562 267 726 541 503
5eb7510a5e803e0b,25 952 515 345 943 351 380 188 267 1010
df009854c7ac8447,692 25 515 943 351 849 380 726 992 508
417edd59fb698b9a,692 952 515 866 943 188 380 849 726 267
c6b4b1f96a71bcd8,692 25 952 515 943 351 380 188 508 849
733bb75c62f8b0f5,335 952 866 515 943 351 380 508 849 773
39b221e0a8879817,692 335 25 943 351 380 188 849 562 992
bb3479df74e27fe4,692 335 351 25 866 188 533 267 726 541
29e5d611a56c9357,515 943 351 345 380 508 188 992 849 562
e1268f9f0c5949fc,25 952 515 943 351 345 267 992 188 508
346ee6df7a749dc5,866 952 515 351 943 380 188 508 1010 562
af4a2e88dff3cadd,952 515 345 943 351 380 849 541 562 435
ec60d35f3a911b61,25 952 515 345 943 351 380 508 188 267
2f1464fc5801af99,25 345 952 515 943 351 380 508 188 1010
4697b6e14122c602,335 952 515 25 943 866 345 503 541 188
47f9de7a2a0a0c50,692 952 345 515 943 351 380 562 849 267
2642f17f1dc89399,943 692 380 335 25 345 522 866 992 849
d85615c66487fc42,351 692 335 25 380 866 345 992 849 533
7b3d1fa93b73101f,692 952 25 866 345 267 503 188 541 992
6bff274f6ec0cc49,533 952 943 380 992 515 351 849 325 562
851c6e5741c56ac6,952 943 380 212 351 849 838 771 188 562
b71725a92cf2f111,25 508 351 866 267 212 849 840 325 503
6f72bdeb09cb20da,25 943 380 335 692 345 351 267 866 849
65c246c3133b0140,335 345 992 351 866 838 771 325 89 188
690dbbb336a29866,992 351 866 212 849 840 325 188 541 89
fc042688a017fe8d,380 25 335 692 866 849 325 89 541 503
479ecacdaab9c8e7,508 866 838 212 771 849 840 325 188 503
c5f367992adedb35,533 952 943 380 515 849 267 351 838 89
854c69247b679eaf,345 992 866 838 212 849 89 188 503 541
8206ce31192ad802,952 380 992 515 351 849 838 89 188 562
b2eeca163ad60f02,335 992 212 267 849 771 840 325 89 541
fdd6fe121313ecb5,345 351 838 267 849 840 325 188 89 562
42f49867a96b098a,25 533 992 212 838 849 771 325 840 562
bd3b214cac087369,508 952 943 380 992 515 351 325 267 840
75999a8e1922bb82,533 345 992 866 351 838 267 188 562 541
3a6a17adb7eb85f3,952 533 943 992 380 515 849 267 351 840
2fe7ad1811294d79,952 533 992 866 838 849 840 188 89 541
f8879c1e315a79ec,508 515 992 838 771 849 325 89 188 562
840bd1db337f4089,533 380 515 212 351 267 838 840 771 541
bf4ed55de55ccc12,25 508 345 992 351 866 267 849 325 541
9dd439c3b0f9d442,692 838 212 771 849 840 325 188 562 541
693aa3340d3086ba,952 533 380 515 212 351 840 838 771 562
5a50be6da702dbd8,943 345 515 992 866 351 267 325 188 562
3dcb1d7a4fd1c15a,25 508 335 992 692 345 838 771 267 866
a7f0db9a2bd09fa2,866 212 838 849 771 840 325 188 89 503
6a09718746c8b812,508 335 692 345 351 267 866 212 840 541
2d65e76fc9c5fc97,943 25 335 992 351 838 866 212 849 325
372362e757ca12e7,992 866 351 838 267 771 188 562 503 541
90a3b72997b5e0c6,533 943 992 380 515 849 351 267 840 838
cff3d8c4dec8df94,952 515 351 838 267 325 562 89 503 541
f4fca4a2847a7386,943 533 335 692 345 992 866 840 325 89
ae19c6dcc1b3aff0,533 335 692 351 345 992 866 771 267 212
2830d0955307b435,508 952 533 380 992 849 838 771 188 562
f020de1de125b49d,335 692 838 866 212 849 840 325 503 541
90ef31b86133c63a,952 943 866 351 267 840 771 188 562 196
de87bf37eefdd3fc,25 335 692 515 351 212 866 771 840 188
231d6450a592afea,25 992 838 212 267 771 849 325 840 562
0ae8563282b0ba1e,533 952 380 515 351 267 325 188 771 89
b7ef8e93756b0a61,25 515 345 866 212 840 849 325 541 89
b89fcb896dc89427,25 508 515 866 351 212 838 849 325 89
37a3e9200b0275cf,25 508 692 345 866 849 325 541 89 188
f5af4fdb9c7f5964,533 952 943 515 849 351 838 562 196 541
8c0bc06e34be3e71,952 335 508 692 992 866 840 849 325 503
290a8fc7f7677c19,943 380 515 212 849 351 267 838 840 771
46e5ebf0b683a6da,345 380 866 351 212 771 325 840 188 196
43772d30494c638c,380 25 508 335 692 992 345 351 212 866
1117db0e50158d7f,25 508 335 692 992 345 267 866 212 849
31da96de257f9937,952 25 508 692 849 840 325 503 89 188
d103dae0cb50c10a,533 943 380 866 515 212 351 267 838 325
e1dfd1cc8421ae19,533 692 866 212 838 267 771 325 840 89
4d52d7cb04179995,25 952 515 992 866 351 838 771 188 562
5b87a13bd113d4bc,952 943 533 992 351 849 267 838 188 840
da6b6863d2ce4ae9,335 508 345 838 866 267 771 212 849 325
fd922c9c5009f445,345 952 943 992 380 515 849 351 325 267
df730a2e45932fd7,533 515 992 212 849 771 840 562 89 541
4ae0ede6c7ce3dca,508 533 952 943 515 351 849 838 325 188
edb77c56c8a46bef,380 992 515 351 267 838 840 771 188 89
44254c657ce4d432,25 508 335 692 345 771 866 212 541 849
b452d8bc20b6d2f2,380 25 508 345 866 212 849 840 325 541
ded517a64e97d1fb,692 345 838 267 212 849 325 188 89 196
028498a999e3c046,952 943 380 515 267 351 840 838 188 562
4fd95206ac0f44ee,345 866 351 212 838 267 849 771 188 562
6dc78af779ef019a,25 335 692 345 866 212 840 849 541 503
ace8880f3e53d3f7,533 25 692 345 992 866 838 212 267 771
0e80d862ade0101f,380 992 866 351 212 325 89 562 196 503
5a68d40917fa169f,335 866 267 212 771 849 840 325 503 188
a2416783bc5e9409,25 335 508 692 992 345 267 866 541 212
32ddb08708076fb2,25 508 335 692 345 771 866 212 503 541
ee19847d3dc2ba86,952 943 692 345 515 866 212 351 325 89
99e0345c7ccb3e2f,335 692 345 515 351 866 212 838 325 89
aa64dc967f7e51b9,508 692 212 771 849 840 325 541 188 89
068b17a8f1009d18,25 515 508 345 992 866 267 212 849 840
1676b5c43405d22a,508 533 952 943 380 515 351 838 89 771
c444d5f692d58bf0,508 533 943 515 212 838 325 771 840 89
2857b23bf5866de4,533 335 692 345 992 866 267 771 212 849
0d56d6058e55ea71,25 508 335 692 345 267 771 866 840 325
516891e0ca2b2472,345 992 866 267 771 325 89 188 562 503
c1b4083d3ce586c0,952 533 380 992 515 849 351 267 325 840
f98e9b44e24ff16d,952 943 380 515 351 325 838 840 771 562
0b45fe85b3dc9b70,533 952 943 380 515 325 267 351 840 838
552096b0266feb5a,380 335 692 345 992 866 838 212 849 267
379b2abcd49c2295,25 508 345 992 866 838 771 849 840 89
f444768826258c28,533 952 943 992 380 515 325 267 351 838
6e3c864f5b597439,25 533 380 692 992 838 849 771 840 188
6c67491b5fa69ccb,335 692 345 267 866 212 849 325 196 89
19e42ea790f659b6,380 515 866 351 267 325 840 771 188 196
a68de3956d84c51e,25 692 345 267 771 212 849 840 325 503
68091841ae876550,335 692 345 992 267 866 212 849 89 503
db2ac98edc4f15fc,952 943 380 515 267 351 838 89 188 562
51c18712a58d66a5,25 335 692 992 866 838 267 212 771 325
ab9c9dbd5dd227dd,25 952 943 508 992 212 838 267 771 325
ac2522e0ad6bdd14,25 508 335 692 345 771 267 866 212 849
331301f9581a0015,380 692 992 866 212 771 849 840 188 562
f7a394e12791e1cc,25 335 692 345 351 866 212 849 840 325
81979239cfb8c51b,943 380 992 866 351 267 325 840 771 562
e92910d9e5a0f4e6,335 508 866 838 267 212 849 840 541 325
9ed570f18fb45282,952 515 866 351 212 267 849 771 840 325
8c0088983e24a760,952 380 992 515 212 351 267 325 188 771
98e11614d45a7f19,952 943 380 515 849 267 351 838 771 562
6c44479e8433d0ed,533 380 351 267 838 771 188 562 89 541
18752e37b8d6ff7f,533 952 943 380 515 325 562 267 188 351
261a5b5807e2151f,25 515 508 345 992 866 267 771 212 849
bef5f97d4dda54e1,692 533 380 992 212 267 838 849 325 771
c4903d370158a630,533 992 212 351 267 849 838 771 188 89
e18b05bce9471087,335 692 866 267 771 212 849 840 325 541
a702f186142ac370,533 943 380 866 515 849 351 838 840 771
fbe4c0ca3ee584c7,508 380 992 866 351 838 849 562 196 541
20bec5db7e7e15cc,25 335 508 345 992 838 267 212 840 325
0a0866519d44e8bf,943 533 345 515 212 838 849 771 325 840
cba21b62f9bc7d39,345 952 380 515 212 351 267 838 840 89
dab8f110fe0c773f,533 943 380 515 212 351 267 325 838 840
301de423e8f9a5ef,335 508 692 838 866 267 212 849 840 325
6169968de29e1423,992 838 212 849 840 325 188 89 562 541
0fa12c083e00e127,508 692 212 267 849 771 840 562 89 503
cdb529998c53f2a2,508 952 943 992 515 351 849 267 838 325
a563ca4a38a9343b,380 25 508 335 992 692 345 267 866 503
8a4b39266b2cc806,508 380 992 838 267 840 771 188 562 89
559ad4aa851c0671,25 952 335 533 508 692 943 515 866 351
88ec72da38228156,952 533 943 380 515 212 849 351 188 325
2c0fbfe5ed0ff3b1,508 952 533 380 992 212 351 267 849 325
d165199095403796,952 508 943 515 992 866 351 212 849 840
02d759afbcbc2790,508 943 515 351 849 838 267 325 771 562
7446a035c07abedf,692 952 943 380 866 515 351 838 267 325
e49e2db89d5e2e69,943 515 212 351 267 838 840 771 541 503
a1e2b67986489741,25 508 345 992 351 838 866 212 840 849
c9a37c7adaa26b0d,508 952 533 943 380 212 515 849 267 351
6e8b7a19e5d370ed,25 335 508 533 992 838 267 849 771 325
25d04adc105fca0c,335 952 380 515 866 212 351 267 325 562
9ca6286ec577da9f,380 335 692 345 838 866 212 849 840 325
5618b4a5dcb8a516,25 508 335 351 692 345 838 866 212 849
1be4c73d54c07495,345 212 267 849 840 325 541 188 562 89
833fa0fb413dd65e,692 345 838 212 267 849 771 840 325 188
1e8751b669caee7a,335 508 943 692 533 992 212 838 267 325
a7156edc57506bf3,345 351 866 838 212 267 849 771 840 325
c85d9dc2252ad808,25 533 335 692 380 345 351 866 838 771
f2e553613f5e3ccb,25 335 508 345 992 866 838 771 212 849
0e183fea98af0528,345 952 943 380 212 351 838 267 840 325
aed916a0c5b3afd8,335 692 952 866 992 943 380 515 212 351
23d99d145a7dd1fc,335 533 692 992 351 838 267 849 771 325
437d4899605bb114,952 533 943 380 212 515 849 351 267 325
57e39d861d84f843,25 335 692 345 267 771 866 849 212 840
414df0d1b2151119,943 380 533 351 25 508 335 992 692 345
510f5ef74c6c3ec7,25 335 345 533 943 380 515 212 351 849
b0ca82eb79a25df9,943 533 212 267 838 849 771 188 325 840
96ff36d3c70ceff3,943 25 508 335 692 992 345 866 840 503
0c5550e4d14f1182,533 508 992 866 212 838 267 771 325 840
031ea080e4e2ee17,533 943 515 335 692 345 351 866 212 267
015168d00ca318ce,692 345 866 838 267 212 771 849 840 325
f5030374fe263a45,952 345 515 866 351 212 838 849 771 840
fd50f895c34547c6,25 335 508 952 943 380 515 267 838 840
93f9f5fbb3b491bb,508 952 533 943 992 380 515 562 188 840
848c3c19343a47cc,952 533 992 943 380 515 351 840 267 89
7b435e59a6788403,952 533 943 992 380 515 849 325 351 267
0c54874c683810f3,692 508 533 943 515 992 212 351 267 838
34402815aaa66c6e,25 943 508 345 992 866 267 840 196 541
d8312e179ef32857,508 380 992 866 351 212 838 267 849 771
44609c18fc448524,345 952 533 992 943 380 515 849 562 188
28f7510911cf9c5a,515 533 25 335 351 508 692 345 992 838
13579034ce0a5cca,952 533 943 992 380 515 849 325 351 267
b600e2e648da23e6,533 943 515 866 351 849 267 325 188 840
999a0178be35c4e6,508 533 952 992 943 380 515 849 562 325
f3e9ea9b66df3e6a,345 533 952 943 866 515 212 849 267 351
b4f3215864a4b179,508 335 943 692 515 866 351 849 267 771
211e9dbd76207053,335 508 533 943 515 992 212 351 267 849
60e6c37b68de8f38,952 515 726 866 351 151 522 1010 562 1011
9b530c49fdb3bd11,692 943 351 866 562 151 54 522 438 803
22f50581ea3d49a8,515 943 726 351 54 151 803 60 1011 1010
6023056086cd026a,943 726 25 351 522 803 944 849 60 1011
6f1ac89af66faa78,335 952 515 25 351 866 54 522 151 749
7c5a0e46e09e291a,335 952 726 515 943 351 866 522 54 944
20480a2a4a218e67,335 692 726 25 803 54 522 151 849 1010
617e5dde6e418bde,335 952 726 866 351 522 151 1010 562 944
03154c5ccb7e1a2b,692 943 503 240 197 435 952 267 866 415
2a401cec9554fd11,944 335 749 380 866 240 435 415 651 947
b273fe943551f027,503 415 866 749 435 952 54 947 267 515
809a73f34279437d,692 335 952 515 943 726 54 866 25 944
8ea52acf2f315ec1,541 692 944 335 503 749 952 424 380 435
a8e8272d4dcddf89,424 749 952 240 415 54 380 197 651 866
e00f28b8fce9eece,944 503 952 435 522 380 515 267 481 25
f08b58962e78693c,692 515 943 866 54 522 562 1004 849 944
b985b61cf269b913,541 943 240 749 424 947 952 54 866 380
cff6124efe2c534f,692 335 503 749 952 435 424 240 522 380
d3f0a5e51372e702,515 952 692 25 351 866 54 151 522 849
b34d541beeb5e45b,692 335 952 515 726 944 25 1010 866 54
a5449e2519663e6e,25 351 522 562 1010 1004 803 60 944 992
32b2396b8892daf8,541 335 240 415 267 947 522 424 380 54
ff05c2f84a2dcf86,541 943 435 749 415 424 947 267 197 952
ed5e8babaa73fba5,952 335 692 515 943 351 54 849 866 562
c0964ca0d4983136,952 692 351 866 54 1004 151 849 438 992
b15f2381c8697f47,943 726 25 151 54 1010 849 428 944 380
e97d400f6ba979a0,335 25 866 54 151 522 803 562 992 380
b28808445547c57d,692 726 25 351 151 522 803 428 849 1010
1c7032063b00441c,515 943 726 25 866 351 54 151 749 1011
eba485c31d0509d8,335 692 943 866 522 849 1004 803 438 992
2829f7b0b70b44ff,335 424 749 240 952 415 651 197 866 515
92ba2630c4f31d1a,943 726 866 25 54 849 1010 60 591 380
3501347f0b855a98,25 692 438 726 804 121 551 221 952 114
8cb4cafce68d0d85,335 25 866 522 54 151 849 1004 1010 562
b99a643f42f4ff6e,736 562 335 515 464 56 1010 60 72 603
c2377bea9a4b38d0,952 726 25 54 151 522 992 849 60 1011
31229e1e96f318bd,503 424 435 515 197 54 380 947 651 267
eddb83b8a03fe931,944 335 503 424 866 435 240 481 947 428
37d254030190c844,952 726 351 25 54 803 1010 849 428 944
f226aeb673231f2d,952 515 692 943 351 54 151 522 438 562
70912d93afe4ae37,692 866 351 54 1004 151 849 803 522 603
879f5b07c297a944,944 503 952 749 240 522 415 197 947 435
e9cef545fcbfdd7c,25 151 803 1004 944 562 992 428 438 345
03bc7288a223e305,515 726 943 866 522 54 351 151 438 849
e1c5a507b2805adf,515 335 943 351 25 866 151 54 803 551
262547ceda180633,943 351 866 54 522 151 992 374 438 803
26eaa57e67d8be22,952 515 943 726 866 351 151 944 522 1010
c485d0f982eb1741,335 952 692 515 726 943 54 749 866 562
ecb164c895711930,335 515 726 943 25 866 54 522 849 151
f7885a0ddff6e7bd,116 799 259 608 360 828 384 1018 381 382
7798b1a240939809,116 360 799 382 905 180 381 502 549 742
71d73f01bdfd7afc,360 549 277 779 326 189 180 259 502 906
3cf722a191bdfc35,326 551 622 68 906 281 120 54 685 753
408351aa94ad8056,259 360 608 180 382 381 384 742 43 905
cc6e435a5a58d508,753 179 583 54 251 508 345 338 1011 374
925d58360a1cee06,384 269 437 669 909 453 326 695 308 928
0c819df2d0603ca9,608 1019 382 905 384 828 180 742 502 779
8c2bc07884279b80,1019 799 360 905 382 381 828 1018 43 742
c8dddb06bc75b133,360 384 116 799 1019 905 382 549 381 742
36f709a0653ee65f,608 360 1019 116 502 799 382 43 381 742
4cd6e99424b3c1dc,259 608 905 43 384 779 180 189 82 928
96b74a514edfc6de,597 191 426 742 1019 928 381 43 382 598
461686ec4f857377,335 514 426 384 502 360 800 810 615 612
30919f5bf747f33d,180 674 617 135 906 126 360 384 608 453
606fd84313b7c4e9,1019 622 799 608 384 277 551 360 952 549
3a49639c5479600b,259 608 116 360 799 180 384 828 43 905
b44cc0f650ff371c,1019 116 360 259 608 381 905 382 43 180
cc2fb31fd43eb228,180 360 326 384 608 549 828 277 952 116
4a340a65e485b9a4,116 742 384 43 502 26 1018 779 892 549
9f6ebf200faa1782,191 1019 116 828 381 360 95 949 65 180
4c9e3756eb0813f7,116 360 1019 180 799 549 905 382 502 779
8ee607144e50f56e,259 116 1019 26 828 502 1018 189 928 892
3d5ff01e60e1df3d,1019 608 799 259 1018 828 82 384 43 685
babcfcb2196e314a,549 426 39 692 235 441 669 453 10 1023
d0e9c83175872dd8,799 608 360 381 384 43 382 779 905 82
8d6ed9642282d760,282 1018 852 909 164 664 437 514 814 686
16747be080b14d38,502 453 235 308 799 828 1019 382 116 800
0b6f4679f5452bd9,277 669 191 779 44 799 16 949 1019 569
8707ee486af76611,502 441 235 286 1023 10 402 336 928 308
f584ec611d079050,799 1019 382 116 43 828 502 162 549 779
39679c2c3505013f,326 952 551 810 622 180 549 674 126 135
2d5183f1bbbc1482,608 259 905 892 844 308 779 1019 116 828
8892ea50cd0a8e7b,969 828 519 799 481 255 360 162 382 949
468d3aa5fc5e5a71,39 1010 844 515 943 423 996 469 6 696
a329ad56e03241f0,799 384 1019 382 905 43 381 742 26 549
5978d3303ef37013,384 608 669 326 116 453 8 259 549 26
3182e162dc0b0c86,360 1019 799 549 382 905 502 381 180 1018
586f798815f7291a,384 1019 116 799 382 905 381 162 43 742
70cf1e1bc45d00bc,828 381 384 905 43 742 502 779 26 549
4c8613afa1288f22,68 952 191 1019 884 277 669 897 381 799
f1546398b9e6a5a9,581 384 509 175 754 892 916 286 484 499
e9f817a19d7c5ef3,5 484 916 472 230 410 734 969 574 798
d520ca028445251c,608 799 1019 384 502 742 116 381 549 800
4b438ec3dd5b5048,259 1019 360 180 381 828 905 742 1018 43
26e170fc85641011,692 116 710 810 857 743 88 195 425 351
f8b0a874e63a7a45,617 906 135 674 126 326 952 692 810 116
2f1c35fa60920476,259 1019 360 384 382 381 828 779 26 234
de13ad8c0f80e65d,68 692 831 884 514 586 335 754 743 321
3f494db5d71c4dd7,799 360 180 382 828 905 502 43 1018 742
a70b27f0215deb4c,799 1019 116 381 779 549 189 289 828 928
3e97adee5819338e,692 39 753 509 608 261 549 118 248 256
d2cf7ebac121031a,597 685 162 779 892 308 844 191 95 304
b788a5b3ee78eb38,608 116 384 381 828 162 1018 189 779 549
9d62df11e1a05dc5,549 1019 622 828 502 952 116 608 384 308
68e705cfccc2d1c1,116 1019 360 384 828 382 1018 381 905 82
47669afcb808b019,259 608 116 382 384 381 1018 180 742 82
2a02300a9e16cef6,259 608 799 828 1018 82 779 99 384 326
f42dc841b7ab9d8d,259 116 608 905 43 1018 384 189 180 234
c43b08586d72d1c7,259 608 1019 116 43 360 502 905 381 685
b10373338a6267f4,608 116 384 1019 360 799 180 502 382 905
55dd408577bf3fde,259 360 1019 608 382 828 742 1018 779 384
622a5c1d9d1dfc90,608 116 384 360 1019 799 382 828 180 437
ed0ce0d5249f36d7,259 116 360 1019 799 608 905 180 382 26
51f27d90c80e4210,1019 116 259 608 799 1018 906 549 360 828
77b07680a45d9041,831 116 201 334 779 88 469 549 858 234
524af993eae2cb90,671 294 195 831 461 927 877 361 130 88
bd463700b7db6f7e,201 195 874 74 847 831 126 549 710 98
8e37909da660e923,74 64 453 98 147 469 126 671 377 306
1bf343bd554b7998,331 334 361 426 753 118 195 377 64 306
354f32b219dfe0e9,831 453 116 64 671 331 361 941 779 812
3b90a21a08db4b38,377 389 294 877 897 831 241 469 657 116
a432230c9f1bb16b,195 377 941 116 361 671 118 331 64 88
6473d525add8295e,518 847 201 421 195 126 425 74 753 831
b7e00e7e55c9f454,195 425 831 98 201 671 306 645 469 147
16264d12f31406f7,377 453 415 361 334 116 941 118 831 331
88caec626caa41da,377 98 195 334 64 453 88 671 941 118
81886f3f9d200ab1,195 425 201 64 306 88 98 812 671 921
3cef2524ba8c41da,98 377 549 201 831 941 469 334 927 858
1c2cb8f1a7930ca1,453 415 753 195 645 654 361 331 74 334
f2abe23e66ad3389,415 98 331 306 334 195 753 361 532 377
bcc947adaa0f1a89,453 831 201 98 921 37 377 426 753 516
108cb8c41925362b,671 377 650 130 461 118 294 831 165 195
2fc53c891293e4de,195 98 361 941 645 334 377 64 819 921
08aa4a16d4997b12,377 941 334 64 819 118 306 294 753 671
abae15916a22af7b,461 927 294 118 361 116 195 130 389 469
c91ac6cbc09c9b95,201 377 195 941 331 334 516 306 858 426
e78de801c7695bf5,98 377 64 361 415 116 294 645 831 118
7504d92734557668,377 927 1016 118 469 116 361 877 195 897
83592c686ae9912e,831 453 195 201 519 377 361 753 532 334
fcd0b36abfeb367b,710 425 195 64 126 334 518 549 453 831
ee60f304e8b007b0,377 116 453 334 415 425 294 941 831 64
a21ffeef7f7b46ad,306 288 201 921 195 126 377 425 831 37
fa755f458822b17d,195 306 831 921 201 753 334 858 331 37
ca6c910f27f67d10,821 201 453 195 288 126 819 425 921 147
bd080a3e07f77c46,671 650 98 377 927 116 453 130 1016 415
734a00ed0d1e6ea4,377 927 130 294 877 118 897 389 1016 165
4237495dc2a86ee3,377 453 201 425 116 779 334 331 858 941
8fbd3915e7129106,88 201 858 361 331 453 941 334 116 294
86eb9370f45563b0,453 377 98 195 671 334 116 118 306 64
ea6789f7cc1c066b,98 617 927 171 118 377 241 1016 229 294
87b0f3468837cd07,98 453 334 331 361 294 64 671 941 831
5077bc98f4e4fa71,831 201 195 98 453 64 952 469 88 306
716167adbaa21f43,377 671 453 195 361 334 294 650 693 88
7371d481989ed096,195 425 831 98 64 74 927 710 88 821
94d80434fc1ca2cb,453 294 671 334 88 116 415 118 831 64
b6f9888801b1d274,671 377 98 650 241 638 927 294 858 941
a0c36556ee6a49ec,98 361 453 118 941 294 334 64 831 116
9d84320424314c1a,377 98 64 334 195 671 361 415 331 294
7c08783b40fcb667,195 64 425 453 306 159 518 334 857 974
964470778d8f21b3,98 415 334 941 377 64 331 753 645 566
f9dda51caa5d17e6,88 64 453 377 306 671 549 116 710 147
e1b758c4da9f07ca,453 98 377 195 671 941 415 64 361 118
1d789bf5acf22277,98 650 453 195 941 334 116 118 877 831
e21283c38ef0d51d,334 118 671 294 453 779 425 361 941 415
6c64fb529cff71cc,98 377 461 116 118 897 941 130 469 361
6f3e80022fe30fb3,831 377 453 116 858 779 650 941 195 294
86fa4d2d5b830513,98 116 858 377 361 331 210 650 88 195
252fa86722b75560,306 201 126 147 425 195 288 64 453 421
000f2d950bd9b2d1,671 201 88 195 831 650 425 98 469 116
5e3c6b1bc794f05e,195 941 377 361 98 812 334 88 331 426
043a8ad6d6261ad7,312 671 650 334 362 86 933 831 98 657
c65480e3bfa38bf1,98 294 361 377 195 415 334 671 331 693
771243cbed42d19d,98 671 361 195 334 831 941 116 453 331
c1b9181bab654f7e,195 671 116 334 453 941 331 650 64 415
f714b43624c6bc75,98 453 361 88 334 116 331 671 118 831
4c67110486fc2acb,415 941 98 195 334 331 294 64 645 306
89926a4cac449398,195 425 201 650 812 306 941 453 477 549
436dac8752d8dd38,415 195 819 941 532 361 753 64 334 645
bd352b96ebe8e540,415 941 361 377 331 98 306 195 64 549
5ea145e27a2d8aea,453 377 98 671 361 294 195 650 331 334
2f258e280e56599b,425 195 306 518 147 819 159 469 812 974
65d62f5a7af9280d,201 831 453 415 516 1021 195 306 37 650
ec57e39e482eb298,98 334 453 671 294 941 361 425 88 831
1fb14e8cbdf42302,195 201 819 941 334 118 331 361 377 415
dc9836746385f7ff,831 201 941 549 210 426 425 650 469 331
eb67462eb92b2711,453 819 831 195 37 334 1021 847 415 201
e4e1f7d811b4acaf,201 831 98 377 671 549 812 710 453 469
3e6423e736135bf8,98 453 415 377 671 334 331 361 306 941
1087a129dc24f896,377 98 650 657 294 461 453 361 130 941
346eb839569dabac,98 377 453 334 201 116 858 331 469 516
a4b3d58343354454,377 361 331 671 415 116 118 831 88 64
0fff24a46e8e18cb,98 650 453 377 195 294 118 461 116 415
5f6da8a61de13e09,831 334 98 453 858 549 941 331 116 195
2fb122260daaa3b8,377 671 334 98 195 331 415 116 361 118
6fe7f1bd348964e1,294 195 118 877 657 389 165 116 361 831
94864ba190b90143,453 831 377 334 650 426 195 921 37 88
db763562c2edd3a2,98 377 415 453 941 195 753 306 294 334
3ad34431391a9318,201 377 98 516 415 549 753 195 650 88
0a682bc6e5f9c8c4,469 857 897 657 377 294 648 86 831 118
661619f4dfbec565,98 671 195 334 294 453 361 831 116 415
06b49dbd2bfd8c49,831 650 858 201 453 116 312 678 857 334
90a875843466de72,453 377 98 331 294 361 116 195 671 334
96b3d75b81f379a0,377 671 650 195 831 116 294 453 334 64
02f491dab6d74551,831 201 941 195 98 753 921 294 331 210
b8e4207b4e45c86d,98 453 779 941 858 377 361 549 331 294
e2935afceb677512,874 64 425 819 812 518 831 126 469 98
cbcc33332a18cdac,201 831 377 195 426 453 671 941 286 234
d6a303012975e75f,831 98 201 549 116 195 671 294 453 779
4f2efc822151eecf,586 887 484 472 5 224 960 745 547 273
3c3c356572a9d66d,195 98 377 453 415 425 693 294 831 306
e24606e9f29647dc,98 650 294 118 1016 116 195 831 657 130
0c6a3ace4444e8cd,377 453 195 415 294 331 941 650 64 118
e2fb74f0c9124eed,98 453 331 361 294 195 671 116 118 88
7a33e7fed0743f06,941 195 98 361 377 415 306 425 294 645
eedde728fd22bdd4,98 671 195 831 1016 118 650 294 334 941
09b4cdeee0c9f1a9,98 453 377 195 650 415 753 361 331 67
3a961ab8f1dfa864,831 201 98 306 858 377 116 753 549 331
f2311ed5c1f0fa57,453 361 334 753 831 118 331 294 941 116
cd4ac461fb052700,201 98 334 858 118 195 426 549 88 415
a730e02f2e08a5f4,201 453 361 377 98 941 195 118 415 425
37670e5700cae6f8,195 819 518 64 874 201 847 37 415 831
3ff98a9d5a57e568,361 195 331 334 415 98 116 377 294 671
d17f5305dbdad72e,921 453 847 518 126 974 64 710 821 201
2a95b5fecdfeb5bf,195 812 831 710 453 74 306 671 88 821
6b549c3393524903,377 453 941 98 331 877 671 361 195 334
4f95c441ff003982,201 453 671 116 469 306 710 812 74 927
914feef1888a8ac5,201 98 64 831 288 710 921 74 469 812
62f8a3cca3fd3e8e,5 781 484 472 887 652 745 319 224 346
1cdf0974b46fe320,201 98 361 941 453 858 118 650 195 516
efa55b16e988f0d3,98 377 453 64 650 415 294 195 389 425
774d2ad8f0754133,201 377 98 195 858 88 361 331 426 453
e815cbdf8f3b7532,377 98 453 116 195 671 941 64 67 294
6e28c906f1431f70,98 377 927 361 130 453 118 941 779 195
7221ef5e1f3f3d98,831 201 858 98 377 426 116 334 306 210
c3884132f0c104c1,453 98 201 361 858 516 195 331 88 334
091f626eada644bc,812 425 831 126 195 74 840 671 650 710
cf71adc748001d5c,941 98 377 195 294 671 361 331 64 116
8d6772b000b24b96,453 518 64 421 201 195 814 812 37 549
13e462fe27e3aad4,98 201 779 377 831 286 941 858 453 477
05986fed2036deb6,306 195 425 88 74 201 453 98 147 921
93d8b0f58fe50939,453 98 195 64 941 331 294 116 88 753
37ef929d243814b7,377 98 453 116 361 334 331 425 941 64
fc99673679cda34d,294 361 927 453 461 116 334 118 67 941
66a204a6d1a25d66,294 118 130 657 195 831 1016 453 469 389
f2882a5c8ddc9edf,98 377 294 453 941 657 831 927 64 130
4223978ba5a2d003,469 425 201 831 98 88 671 812 306 195
3f7287c4efdc071a,334 201 650 671 286 549 210 453 294 941
2da1202c8fb03c96,671 116 195 361 294 941 453 88 67 425
f27682968e15a737,195 425 831 201 377 671 857 64 306 650
d79ee9ffe21c843d,377 98 671 294 361 453 195 116 331 334
e8074186d08be19b,377 453 98 195 831 671 415 64 425 88
6678c8576dbc4656,831 201 88 334 453 377 426 549 415 210
2b193a2b252dc707,195 201 88 710 377 425 469 650 927 64
e3e8149d5fe959ae,98 377 453 334 671 88 415 118 64 331
793aa7aca0574848,98 377 453 361 334 549 516 116 650 195
f5ead67bb16d9fc5,831 334 819 37 532 118 98 753 201 377
70c13f731b42019c,453 819 195 974 361 331 64 645 941 532
8a0f33804de33e90,201 377 858 98 453 941 118 549 334 671
e8be1bf5eefe8c6b,306 831 532 201 88 98 426 334 753 118
e8af01463a870962,98 453 195 334 415 116 294 88 671 118
e8442cc5576bb932,201 334 306 941 921 831 195 549 426 819
e2fb1eb3eeb20f82,650 831 858 377 118 201 286 331 116 941
e6a807d002b59dda,425 88 469 98 64 812 116 645 415 710
3f0a9a993abea594,415 453 195 361 921 98 532 331 559 116
5a33313f93274886,201 650 549 195 657 858 334 469 477 453
e7a9bec435cdc09b,650 927 294 130 195 831 1016 361 241 312
0f8e8484e0c1cef5,671 98 118 650 195 361 877 116 294 927
521093b8a04575aa,201 831 98 377 779 453 549 477 312 234
65eb41dbb4bec987,377 294 941 927 116 195 118 331 469 877
d142021c68e613d5,453 118 294 306 415 334 88 671 64 361
a24264a7da99b75b,941 671 549 88 425 650 645 477 955 116
76a17206045a23a4,425 201 306 195 453 288 469 118 921 88
e293efc6623628cc,377 753 361 306 941 331 88 645 64 118
bcf6e492e268a99b,334 857 617 831 1016 165 241 927 171 657
8bb6da4e0bf3f5aa,831 453 195 334 858 88 377 116 118 306
eecaf5a05dc02a3d,415 195 819 941 361 974 98 331 64 334
024e05ce64b380b5,377 195 98 453 361 425 294 334 118 941
11f446c42a4ebba2,671 831 116 201 858 312 657 98 377 334
f91cb2bd1c236997,941 361 453 377 415 831 334 118 98 195
aefda93c9b788c61,288 921 453 74 518 549 415 831 421 195
8ddc27e108cd5d16,377 116 334 425 88 941 671 361 331 415
cd79869393f72b1c,377 331 361 98 294 195 671 415 116 425
207866fe1561aad9,98 195 453 377 415 306 361 64 88 334
47e0c29af22070aa,201 831 453 518 88 821 306 147 334 812
52e56158a8deea8e,831 98 921 532 377 415 334 426 201 118
85228e9fe65c4316,831 201 377 469 116 812 927 306 64 955
0eeb4360bd3591a2,98 377 361 334 195 415 294 331 118 116
237fab6434bbb95f,831 195 425 88 477 64 201 98 469 645
8405a12f945ce6ff,195 306 425 469 88 64 518 831 74 819
a5c5f39a9a3fa245,195 671 453 361 334 64 88 650 331 831
a546b3640d14738a,425 831 453 88 671 201 288 64 921 812
1cb99e0e98ed0e78,831 858 116 941 98 334 377 453 210 779
3373714f0a0f9fcd,941 195 377 98 671 415 116 334 361 331
6e5b99c4dbee797f,650 831 858 941 671 453 334 116 549 98
5d0e590aa34d2e98,453 941 195 98 377 532 921 519 974 294
7c1a8fb0071d319b,425 821 831 88 64 453 126 469 306 159
5831b1248335bb41,201 195 425 98 453 469 306 671 116 710
f63528e7bff0992c,831 195 425 74 306 98 710 334 821 453
461afa24f8e3ce15,377 195 453 294 650 116 941 88 334 415
97fcb3deabb98677,98 377 453 941 361 425 415 831 294 118
d1657df8b711ebad,201 306 195 821 64 518 549 819 88 288
12f4db445724b65d,98 361 294 941 195 453 671 64 88 877
884bc976840298d5,361 377 98 195 118 415 64 116 425 306
d41709c2cb4553ef,453 377 98 88 415 941 331 118 294 361
54cf6c349ee60fb2,453 331 195 415 98 377 294 941 118 671
faac11b4413cdcf6,453 334 195 98 361 64 116 377 331 118
2315b07c42f1d5fd,98 377 415 941 116 64 331 425 88 294
6e43bbb716098f75,453 195 753 941 331 306 98 377 294 645
7c6767a9a15b12c3,98 377 195 941 425 331 116 361 294 67
fe6dd2ec383e0a9b,377 195 98 453 361 118 331 941 116 753
f8c4db6796507946,377 831 201 116 671 195 549 650 118 941
4a9dc59e2ad65d59,361 453 195 941 98 693 819 331 306 64
6dd4087fc6de1514,377 98 671 195 453 294 88 941 779 334
dd05348fc2b0d6c5,425 201 831 98 377 671 469 306 453 477
9c7962ccc539915b,874 453 819 518 753 37 974 195 74 126
e347e5466fb747f4,831 98 453 334 415 361 549 710 516 819
86669f13d411f39e,377 98 671 116 294 361 453 941 877 784
791bc4cd2a5e1938,98 453 118 116 294 331 415 941 361 671
eb17815d92fee4f1,361 334 195 753 98 377 294 306 819 425
88e689507b586800,98 118 671 831 331 941 195 116 334 453
44beee3765d9a630,831 201 710 819 516 361 532 519 458 334
5ffd66fc399ca320,453 306 98 361 64 941 377 645 819 116
1a04fe36cfdf314f,201 377 331 941 549 453 98 116 361 927
4ad83ef04b1174aa,831 195 331 516 377 201 98 361 118 453
20168cddf2a2a9f8,831 98 650 201 195 941 453 116 331 927
aec812c94f72b6e2,415 453 361 195 753 294 377 64 98 671
62811fe82d1075af,831 453 334 377 858 650 645 195 331 88
db58f241b8fe180f,306 288 453 74 921 64 469 549 710 821
d48d534420188429,831 453 116 331 195 549 650 779 118 334
cdf573f6874a9eb8,453 331 415 941 195 377 294 98 831 118
1fb1a3580b5f597b,453 195 377 331 118 306 753 98 532 941
7d9dce8e42786add,201 831 453 549 426 116 858 98 477 645
214e8f911ad5941d,377 98 671 453 941 331 116 195 650 334
fb53507f621014be,201 306 74 831 710 819 453 425 195 821
19b88e83c1d2b416,306 453 361 195 334 941 377 415 98 532
12c47bbb92c758ca,453 831 334 201 306 415 819 921 1021 361
dd5b1e12444a35fa,453 195 377 361 334 941 645 331 118 306
10eacbf4706a0b76,74 453 195 288 710 921 201 64 819 549
c291cd6120f15e9f,377 195 671 294 118 650 334 361 425 779
f2ac2d0286a5ee5d,377 671 98 116 941 877 650 698 294 453
36b32d3fb7108fa7,377 927 118 361 130 116 195 165 897 858
bd08e3e3a81ee894,201 650 195 88 671 425 64 6 831 116
1c736850172d8ffb,98 415 334 64 941 377 671 116 88 361
366f17a31cc80b23,831 98 331 377 334 779 361 426 286 210
4af38da32362448e,195 88 831 64 469 650 147 118 710 98
c6879b10e0f49285,98 118 671 294 195 361 88 941 650 927
3f98efaccb7285d3,453 831 426 98 306 210 549 361 116 753
3e361907547ea470,453 195 693 415 98 941 334 116 819 64
25957b472310e164,201 831 650 858 331 753 361 549 116 306
bdb250ccdf35f816,671 98 377 461 294 831 927 118 130 64
0b82e8b4b23e28ab,377 98 453 941 195 779 671 693 361 88
22bb1bd149c1f9b0,671 98 650 377 927 118 195 941 453 361
47c6d0705686f20d,98 334 331 415 377 361 195 425 294 693
eaa1e0f8e80855c3,195 334 941 294 361 671 831 425 118 331
2ca35ed7eee5735a,98 425 88 927 64 469 857 294 858 195
ec599b1fd5d4772e,201 377 453 334 98 331 858 118 195 425
2b8c4da1d1a4720b,98 377 650 461 927 64 294 195 116 941
fb83afa9ad4a5841,195 453 941 361 671 294 415 831 116 118
9cc82d9062920136,453 98 831 201 306 334 819 377 549 37
927188d2422e04ca,331 98 195 116 294 415 425 88 64 693
191f65d9224571ef,453 98 331 941 377 210 116 118 650 779
2738644e17b37625,671 377 98 88 195 201 927 831 549 306
574582ebeac42401,453 415 331 294 195 98 645 753 334 819
fba223739dabd3a0,453 361 195 753 306 64 974 331 819 941
d9d892261097323d,377 671 361 334 88 453 64 67 650 469
8cad6a52269f6f25,425 195 831 74 710 453 116 549 955 64
7b630f1027394cce,453 195 64 306 941 361 753 118 331 98
dbcb9dca14965b6d,377 671 98 941 294 638 650 361 118 425
d87ff10503287a0e,831 201 425 812 857 195 306 88 821 426
b992d68961f141e5,377 415 334 98 195 294 64 779 425 753
150ddbe2d8052825,831 779 195 201 650 671 334 858 549 88
c8663b23d8681ed0,98 831 650 377 549 671 453 858 88 477
51dc970126b8fd6e,377 98 650 361 461 116 657 877 1016 195
c8a553d4649d7371,331 377 98 195 294 334 753 645 116 118
76713ed8a2191e30,195 98 453 671 377 116 812 415 361 294
6363301281065573,64 453 195 415 334 98 116 425 361 118
157650cd18891b0d,377 453 98 195 671 116 331 425 361 831
edda057f9256f514,453 334 361 377 415 98 812 195 294 118
4ed3dd6b52abf94f,377 415 453 671 64 831 116 294 425 334
1ec876eaf5c589c6,201 74 306 64 126 453 710 518 288 874
c785e944260ceb1a,425 195 334 377 453 671 98 779 831 294
287b9f86e4831c24,98 116 294 195 671 361 453 415 118 941
1cb45328bf18a11c,453 858 361 116 334 779 549 425 516 650
44db2e54f9938864,201 98 377 331 334 941 516 650 116 453
3e38a38ea7f8f445,98 671 195 361 88 118 831 294 334 331
3e1bb579328fd2c7,831 671 941 453 116 334 549 98 331 692
b8017ec132f2e947,671 377 650 116 118 195 294 927 453 461
24c2cbf18d82d6ce,98 415 453 377 334 425 116 671 831 126
8db4097344770e8b,453 195 415 98 377 64 941 294 331 361
64520c46a714d90d,453 306 415 74 98 974 361 294 864 671
9625a666d010de57,831 650 201 858 469 377 638 453 516 334
420338047dffc6d9,377 331 858 334 941 195 453 549 516 118
a8a72bfcd641338d,415 361 195 941 306 98 334 753 64 645
a92690fc4692f5ec,650 98 377 130 294 389 1016 312 116 118
88d7b853cabe386d,831 941 98 549 334 377 361 88 650 195
1b0acb72b064c4cf,98 461 377 130 294 657 1016 116 389 831
9d8821d7c8d66032,453 415 334 306 361 377 294 195 812 98
870ea0cc9702ba27,98 941 334 671 195 331 118 415 831 64
8128b6bc8c5174bd,453 361 195 377 941 98 753 64 645 294
bcf7104504765242,831 98 361 195 453 201 858 877 334 516
9624c5cb959b5718,98 377 927 116 165 1016 469 453 118 877
d03ac84b94c80c75,377 98 650 461 130 927 877 118 294 389
d5bac8e4d996a42f,195 453 377 98 116 64 334 361 941 831
93fa308a947bc759,201 425 831 377 195 645 927 98 469 88
9826bb4703f8b439,671 195 294 650 118 858 461 927 1016 361
1671cae0908b76f3,831 334 453 858 549 415 941 98 331 426
de1e91abeef370bf,377 453 195 415 671 361 116 753 118 334
03bfce9923ef19f5,377 98 671 941 331 453 877 334 469 657
e53203435161b9be,98 927 312 377 130 469 294 897 118 389
2b8f9cfc09d8b43a,98 377 453 415 361 671 294 941 877 126
ebce028639252afd,819 64 847 74 201 425 37 549 421 710
9493210531ec0e9d,415 453 98 195 306 974 361 64 377 116
90d8d8bfbc69e1fa,650 98 461 377 312 1016 165 118 469 831
ef4aa26d1069ec2b,306 415 361 941 195 331 334 98 819 116
60661dab4384bab0,98 294 361 195 671 118 858 64 88 877
01efaa88c9bba998,98 377 650 118 294 927 241 1016 130 116
eb822850c8bd30fa,195 88 377 812 469 64 671 116 98 453
e55f03357129c349,377 98 334 453 941 831 361 294 415 306
739cdf9c40f1a276,98 377 650 927 461 877 116 195 334 294
8caf03d9c769c4c8,377 98 461 927 165 361 294 1016 897 831
c048f4a355d28bed,671 98 453 377 941 650 361 334 294 118
d50661fca441baac,98 195 361 453 88 941 779 831 331 118
26f627663ac33646,98 650 461 118 294 877 241 312 831 88
f970bfac41da3978,831 201 377 941 306 650 858 361 195 426
