id,predicted_kmer_ids
bcbf66a3a49cca3b,191 669 1019 973 511 88 565 693 799 597
954ecda07c3ab83c,511 384 549 598 824 213 210 928 195 973
30ada2416f16adf7,693 116 828 565 88 44 892 65 2 969
5cf7447c9fa87ae6,608 779 174 511 454 852 973 210 384 841
4c04a60d2105c3ee,779 116 608 174 502 828 565 44 384 454
686388892475b606,1019 426 799 511 669 116 828 44 685 259
42dfc6c090d50d29,230 940 441 549 597 384 65 235 751 511
68eb81b165ab625e,116 608 549 259 798 779 234 191 511 841
676a8c3a6b4fd021,779 511 828 210 44 973 516 537 669 361
39e9e1b58b44ec31,841 669 1019 799 693 751 44 969 454 565
3bd0a050a8d91b63,210 549 828 779 191 669 234 426 259 454
3f95fbb3ed5b6207,1019 44 210 693 828 426 511 454 174 940
d5f7f8a699628e3e,608 799 549 384 949 852 195 234 841 213
08fb6ce932dabb1a,608 549 511 2 210 852 234 191 454 384
2fe224aa5eaceba5,511 669 949 841 328 1019 828 973 65 597
52b2ba6e31d19b05,191 210 841 454 277 382 669 799 852 928
dd5e522bab9625ab,828 116 426 799 511 454 841 751 669 65
0af5645f125e1d25,426 828 277 798 44 234 382 799 751 852
e0ea3d65e68bd1ae,191 384 1019 841 828 234 511 120 210 949
911cf5590796da91,513 116 685 454 909 201 382 941 717 798
8ace271be4187679,608 779 549 454 511 949 382 259 799 685
3df3771404eebe96,511 549 779 259 841 191 798 277 234 669
63dc3acd11845bee,669 328 841 549 384 44 382 717 941 499
e338d8f3aa79b5e9,549 454 259 174 685 277 751 441 841 426
7e02950a55cc0753,210 799 751 116 454 259 828 65 565 685
854565481c3e5537,549 669 234 259 799 191 928 841 426 65
1a41d8e2a19c0156,511 669 259 751 973 454 44 98 2 382
ff17aeb718b0187a,920 608 511 384 1019 98 441 195 1018 549
29f80463e68c9d4f,798 608 384 549 230 940 597 502 308 235
1ef5473114a354d3,191 511 799 841 693 116 454 259 65 44
6ddd86b05282b784,669 905 511 65 43 598 742 189 162 26
fa39fd6c40fd06f0,277 234 537 454 669 941 973 382 82 174
8459e745ee6a8829,511 799 210 65 669 549 454 661 277 259
63b54e373f5ff6f2,828 210 259 549 426 191 537 234 841 798
c6ef7b9990d17a88,549 191 511 259 289 210 799 234 852 360
d231e529c1e17fec,779 384 511 259 174 382 841 277 2 852
a732760e7f6a1b39,384 511 259 798 454 44 799 234 669 685
4b8c80de3e7bebf0,779 799 360 384 234 852 210 549 2 824
88545d2473a45c8f,511 426 234 191 798 277 210 841 174 799
20693690d97c56a6,779 828 928 277 259 537 549 841 44 191
d7feb878416e949e,384 828 799 426 669 751 210 259 685 44
1356ea7f3aa2ef3e,191 426 382 941 717 669 499 82 824 210
74052496bbde1347,608 799 565 669 210 841 98 426 949 513
7dc93afee2013291,191 116 426 210 454 669 565 269 973 44
a9175d531acb0403,1019 779 426 191 259 973 44 234 798 751
3b1d116465187681,973 191 892 608 384 210 499 426 751 693
9945429b237aa25e,828 191 852 384 519 382 549 502 289 928
d6dad80030d37190,511 65 841 426 44 210 2 565 751 277
e9da5e2651ae308b,234 608 511 306 289 288 906 454 382 661
79183924f8895153,799 1019 174 779 511 549 608 289 382 210
2a9d51a24a311cf6,608 426 191 277 2 116 23 693 454 361
2f6676a990374580,608 382 669 941 44 949 328 511 717 499
4d3e2cdf8b089a66,1019 191 693 511 210 669 426 841 969 828
b78d61b4a12bc500,608 516 384 549 191 174 2 502 1018 928
acd2315c85645867,952 380 515 503 866 345 992 849 508 562
5f3245b4ca950e5d,692 351 515 943 773 188 562 992 533 508
f6aff258b60d5d67,866 541 503 944 849 726 188 508 562 533
0b53d3ce7d874bc1,692 849 335 726 345 866 541 188 267 503
fb9127379eca1324,345 866 992 533 267 503 541 508 428 435
bdd5a794194a701c,692 943 849 380 992 508 533 267 503 435
68aeb64541a9f848,335 380 992 533 541 503 944 435 508 428
4ac9800f80a0d4ee,952 351 380 188 726 849 508 541 944 533
1821495a23217879,952 25 380 866 503 351 345 508 849 188
c0d29cc5981e81c1,943 25 345 849 188 992 267 435 562 428
78da5b6451d588ba,866 345 541 849 533 992 562 267 726 508
d754c5fac674f5d4,692 335 773 345 541 866 503 267 188 508
66dcc3fc2742e846,952 541 380 515 345 351 992 508 562 188
bd534bfa49caa9ff,692 952 345 515 726 351 943 188 562 508
f2feb51db4eeface,726 380 692 25 335 866 562 541 508 267
beb7a480d66494cf,335 503 25 866 267 849 992 726 188 562
0463d68f70f38751,25 726 188 992 541 562 533 503 267 435
2f3c4a70f2139517,692 335 515 351 380 866 773 541 188 503
b45ea215d04f9cae,515 866 351 943 188 380 562 267 428 541
897b10b97dc9b19c,351 380 435 541 503 849 508 726 992 773
d2ffb839360dd453,952 943 188 562 992 267 508 503 541 428
5bc8bc27b4764b2b,335 866 992 533 849 508 562 188 464 726
88d2067364c5488a,335 25 267 435 533 345 849 508 188 773
2343b627f878bc45,866 345 267 435 944 533 992 188 849 508
5d45a54efa1ada26,692 866 849 562 267 541 992 533 944 508
e811bf1d3528ec07,866 380 992 267 533 508 541 503 435 1010
fa07e5c330308113,351 380 345 267 503 849 562 944 435 726
e9ed33016486e24f,515 943 345 351 380 562 992 726 503 508
bc2d53c66da5fbbd,943 335 351 726 541 503 188 562 508 1010
dcc8a7385456c28f,952 541 562 849 503 726 992 944 773 435
5940d8a50906d2b6,351 943 522 25 428 188 345 380 562 533
7c0cfae46577acb6,351 943 692 335 345 866 188 849 533 726
f820d4e61623dca6,866 533 267 508 541 503 428 435 603 1010
ddd6497961b6a03f,952 25 515 541 944 267 345 1010 612 508
5ff5f7962eb00df4,943 726 849 188 508 562 992 267 533 541
b0873c8a024ea54f,515 952 25 380 944 351 726 562 508 188
75b0436f1610c76e,351 541 345 992 562 533 508 188 849 1010
b208be1f05648205,952 515 943 351 380 992 944 533 503 435
f8fae6a1fa249d35,335 25 866 345 992 726 773 508 772 188
d7ccc51ee920a3e4,952 849 503 267 773 533 944 992 435 508
a150221422b01536,992 188 503 267 562 726 533 773 435 944
976de4c006553bf5,952 267 380 515 541 351 562 508 849 992
dc2a374b9630a432,943 351 380 849 726 508 188 562 503 944
64e0b5a3683023b6,943 380 692 335 849 345 866 773 992 188
c52d7a846e423bf8,515 345 267 541 435 188 849 533 944 1010
a237b7aa082bd361,943 515 541 188 992 849 726 1010 533 773
934a5134db8099c6,943 380 849 726 508 267 773 992 503 541
9c3839723fd689b6,952 515 992 508 533 562 188 1010 849 464
98a0842de5031cf8,943 25 380 345 849 726 992 188 541 562
0de6c7b4de877530,943 866 380 188 849 773 992 435 541 503
96485cb8f85f76ca,692 345 25 335 533 866 188 428 562 541
43b90965a27e028e,503 188 267 849 435 562 944 533 992 726
9e5f04febf401bd7,943 380 351 503 345 1010 562 849 533 188
d7cba1a1282bb300,515 345 380 351 541 503 992 188 562 508
b114b8a4f39bb214,866 188 503 773 533 562 435 508 944 1010
edd08c5db885a6cd,943 335 351 25 866 345 992 533 464 849
eadbee01ac82f83b,351 25 992 726 188 533 562 508 1010 464
27f5baadc48f3922,143 25 214 179 1010 151 316 68 435 712
6e80749c66288b73,143 25 630 698 237 345 179 151 986 435
ef98513a1ac30691,952 345 351 866 943 188 380 533 267 1010
db0edbf004aac918,351 992 849 533 562 188 508 1010 772 726
0bf076a40d0dacc8,25 188 541 503 992 726 773 562 267 533
f918733e85b3a964,943 345 267 435 726 992 188 508 773 944
f498d12b18e0f01d,351 692 335 866 849 992 773 726 503 267
35e21f2f19a78360,335 351 345 849 533 188 508 773 464 1010
1e97f89748412fb9,380 692 335 533 866 992 465 345 188 428
897dd8870e388185,25 562 992 541 503 267 508 428 435 1010
2892ffa36cfab556,351 849 773 25 692 335 503 428 541 345
39e389715441ee3c,943 188 562 533 508 267 541 503 428 435
d23d63bf5ebd173d,267 866 25 992 849 188 508 562 1010 726
649c66e34ef3283c,943 380 562 773 267 533 541 503 1010 428
eee920e7179419af,25 944 345 533 849 508 1010 188 726 772
0f861e6f1cbb843b,943 692 335 866 188 267 533 503 508 541
4c9035774f229005,943 849 380 188 562 533 267 541 503 435
7b7b3b0536e1c683,866 345 267 533 992 435 849 944 188 726
532a4661a04b39b8,943 380 345 267 944 992 849 726 533 773
18a80d3e3df87f16,943 952 866 515 351 992 533 562 188 1010
b843d4f0090fac48,692 866 345 726 188 541 267 773 533 435
fc3e959029953f76,515 351 773 267 508 503 541 1010 435 944
80e9af32bd931e87,345 54 952 508 143 583 197 490 515 351
26f5f120d7ec8eea,25 562 992 533 541 503 267 508 435 1010
f1905cc0f0c15830,515 943 380 435 562 541 508 503 188 849
9dcc31c7defa0283,866 380 351 541 503 345 849 562 188 54
b086695eaad98511,692 25 866 541 849 992 726 428 267 773
9e910c7390945e16,351 622 551 380 692 25 188 465 866 345
ad32e464a318c1dd,335 25 866 267 345 726 188 508 773 435
210ac716609e271a,943 380 692 335 757 551 25 866 533 773
329d6822fd33751f,943 335 503 25 866 533 345 992 726 435
bdd5a23aa2def8bf,345 380 849 773 503 992 267 541 508 1010
f1f42ece147b49a1,503 866 435 345 992 849 508 188 533 562
81bd72707e70af92,952 380 351 345 435 944 726 188 562 773
9fd50c8b4a5239cd,351 380 541 849 503 435 726 508 773 992
7741a4c45aa5d334,612 455 345 630 1010 952 508 435 351 151
1c7bc5bae53e6771,25 866 562 726 849 541 533 503 773 992
1a821949ef622754,380 726 773 267 541 533 503 1010 428 435
c1ac2c44f1c264b7,380 726 692 992 335 188 345 25 866 551
5e7035cbf0dd7eac,952 515 943 351 188 380 562 726 267 773
81e20d5d7413e47f,267 943 952 508 612 345 515 351 503 380
f0739c9218f26b37,351 380 692 25 335 345 533 541 866 944
86a14ed05803474c,25 943 345 503 541 54 508 849 435 267
7bbbbb06291b451b,25 943 380 267 992 533 503 435 428 508
9c00bbb18cb97e6f,692 952 188 849 541 267 773 992 508 435
98ab7a7d056fb60b,515 503 866 345 849 533 726 188 977 1010
4128368cba67c13e,345 267 435 944 849 992 508 188 726 562
9138f2685f1033cd,197 583 692 251 335 54 866 508 143 345
2407a62ec04a4aba,335 351 943 345 866 380 726 188 773 508
7d607c77449c8bf3,692 251 197 845 336 686 466 998 214 523
a6034b3af0673e99,692 380 866 345 533 503 773 992 562 849
8012a4bcb4542620,692 345 562 992 503 267 541 533 944 508
3553fc2e5679b5b3,380 345 541 188 267 435 726 562 992 508
72b6d93e017139b6,692 380 335 345 992 866 503 188 435 508
a75a7581d41cf10f,952 515 267 345 54 533 992 772 562 849
f7ce57da39a83804,726 692 380 25 335 188 866 541 267 562
5cacf689fd822b75,25 435 944 345 849 992 533 508 188 562
5c692f2d0513922d,952 943 515 380 351 692 435 335 522 267
989c0251b9ba9f7b,692 351 335 380 541 503 25 435 866 533
137ef3054e0dd7c2,380 351 335 25 267 866 435 944 992 849
8546c13c87a4cfb7,692 380 345 849 866 773 562 726 508 533
e233f8287c56cbfc,692 515 188 849 267 773 503 562 992 533
c001826a7fed915d,515 692 866 992 380 345 849 726 188 773
b40fafa55eff980d,952 435 992 188 562 849 533 508 1010 772
1b6eb73cd7f7ffd6,692 726 25 335 345 866 503 267 188 811
980c917d81e9f820,515 943 541 267 435 562 188 992 849 944
5a02e40ce4b55051,345 952 515 943 351 992 188 1010 251 435
91163e91c503bf9b,490 866 143 367 25 986 237 214 151 1010
099ec79ba6adf59d,25 503 345 267 562 849 992 533 1010 726
a37ec2d13b465c84,943 515 380 503 188 992 849 508 726 533
06aa68f4a5454e2b,67 919 628 657 58 229 835 457 572 167
a2662c26e3ab69e8,515 380 188 849 562 267 726 992 533 773
4d7e6cbc08ba5c4a,522 290 943 380 200 188 25 335 533 692
356e8225e2288bb0,380 335 692 757 188 345 533 849 726 551
52020241ec3686ce,692 503 541 335 866 25 345 992 803 508
662cdaa623926178,692 25 335 503 345 866 726 773 188 435
f7f6bc209067af42,692 25 503 267 944 773 726 188 992 533
bbfd2fc8dab8dac5,864 606 583 143 835 273 165 567 612 933
cc98764afad61671,952 351 943 380 562 992 188 503 1010 267
a8b30aed363c45dc,515 866 943 351 726 380 849 508 773 267
ce00a96eff1700e3,645 558 653 532 693 699 901 454 599 939
91e1b381bef83b47,335 541 866 25 345 849 992 188 267 726
041537bc2d640aa5,465 533 380 428 692 335 188 25 992 345
e3637de1780efb5c,515 335 345 726 541 992 773 435 944 508
e64a0febef7e2d4f,692 515 335 25 866 345 533 849 508 264
cf28be5cff9c2989,952 25 503 541 267 345 992 1010 508 849
4ca4bad0ee07ef1a,952 943 188 541 849 267 726 435 944 533
6e172a7baad98df5,335 866 345 541 503 267 849 726 188 435
b194b134975a3a95,726 562 533 992 541 503 267 508 428 435
6bb2d2a894d8ae65,351 943 380 849 726 773 992 508 267 541
cc01d39468ee692e,335 345 380 25 866 533 992 562 267 503
28aceaa975a5ee3e,25 943 952 515 541 503 345 380 351 1010
446af227696aebbd,692 541 335 25 992 726 345 866 773 944
79fbc9db19b0c1f8,866 345 541 992 849 503 188 562 435 773
a14bac6d2103330a,692 335 25 188 849 541 622 503 773 726
aacfa80668bde54e,351 380 335 25 345 726 188 503 267 562
91ec8a91cf89bc95,351 866 541 345 435 849 944 562 188 773
1b17ad0f9d2ca4a3,943 351 541 335 944 25 866 345 533 992
5b063c40fcadd4b0,757 943 335 380 692 651 25 773 188 345
87b1bbfc063b6e82,465 533 692 345 25 335 428 188 992 503
21a5d6a8e15c4b43,943 25 541 267 345 188 849 992 726 54
de51caa374b2bb92,943 380 692 345 188 866 25 533 992 562
8b85629656fd4794,692 351 943 380 849 726 508 992 773 267
a73dcf15b5ac4d30,335 490 54 25 612 455 944 435 952 1010
d4113de9d42a290e,515 25 335 351 943 992 267 533 508 503
28121d0d3021f3bc,351 943 522 200 428 188 692 335 345 380
4775fdf2b019a2ce,952 515 25 351 992 508 464 849 562 188
d3a009adadc43bbb,1 312 174 511 382 1019 36 754 599 103
62ef171c1a22a2c6,351 943 25 692 849 345 335 992 726 188
45c25395bf98bf57,351 345 380 992 267 503 188 541 562 435
d4cc60ceece6d5b3,866 345 351 380 726 849 992 267 533 944
976ace3619c1b2fd,692 25 335 943 380 992 533 428 267 508
8e80f621147a1c76,25 335 345 866 503 773 435 562 944 977
24c19357810abbb5,515 351 541 944 188 435 849 992 726 508
08abec2f9a8e3c3f,515 380 335 345 25 726 541 533 773 188
3688afc975452f8b,380 290 692 335 25 345 849 541 773 866
774b60fba70bf785,551 465 351 943 200 335 380 821 25 533
c4a588ee0776020e,692 952 345 515 943 866 351 380 508 503
56c08293484e80a7,692 25 335 992 345 866 541 267 188 428
cdcd03ddcd966518,952 345 515 943 351 188 435 508 541 944
b7efeac02f3c45a3,583 952 515 351 508 630 562 943 435 188
1a6932a74de915d4,380 351 944 866 849 508 533 562 188 726
545bbedcaa6bedcc,380 188 849 992 562 726 541 508 503 267
c88475a3037596c9,251 612 25 345 151 435 952 351 944 503
3e0501a00e3ebe5a,952 954 857 515 351 428 25 465 551 622
f4aae2380b1547cd,654 731 458 558 569 685 653 1021 532 940
e2a1c1caaeba80cd,335 197 490 866 612 952 345 508 1010 515
d09bfd81513651ce,692 380 25 866 503 345 533 267 188 435
ef0d5bce139f436e,515 943 380 345 503 944 541 562 188 773
a9cac6ad6f286348,692 490 698 583 54 143 197 214 335 866
15493caa15404814,692 380 25 351 866 435 503 533 773 726
4839f0f1d881d68c,515 345 351 267 380 435 503 992 508 849
8a186b67e9983b8d,351 25 335 849 188 866 943 380 533 551
55969806f5a01fa2,515 943 351 380 622 551 692 465 533 335
3c2360c402cdae28,188 380 508 849 267 992 726 541 435 503
875d81b6d2cd4127,943 25 692 380 866 188 726 849 428 533
48f865e06997b926,54 952 612 944 251 351 515 267 943 992
4601bfc9eb799013,380 943 335 25 866 541 345 533 435 849
bc3283266a264fba,515 25 335 866 380 992 541 503 533 508
65687da509f09e90,943 380 25 866 345 508 541 503 726 992
d23efca27b8176f6,692 335 345 25 188 533 541 992 562 435
d48b3af46e2b6ccc,335 515 351 943 345 380 541 188 267 508
e9dd9da1c196b384,692 943 345 380 188 541 849 992 508 726
3eebb31fefc4b11c,345 380 188 503 541 267 944 849 992 726
944a7dc027c80597,692 515 943 866 380 726 849 562 944 541
ebff2018702b0600,692 345 351 380 188 726 992 773 541 503
cf2056cf0e6af296,515 943 335 503 541 345 866 992 188 533
f6c9a0aa7087f492,380 692 25 335 345 866 188 428 811 541
b9d356f8f2d24ebd,25 345 849 267 435 992 944 562 726 428
f30b96f472975f35,692 25 335 380 849 773 726 533 503 541
16c260c6ca644587,380 866 849 562 726 541 508 773 267 503
9d0ad0a1f60acfca,351 25 943 345 866 773 188 992 533 508
36d33142ac668675,952 503 351 25 345 992 849 508 464 772
d24105bd73ad815e,952 943 692 351 25 335 345 541 992 435
2b8806218b75450c,335 267 952 25 866 54 435 943 515 503
607044d12e78c2da,943 866 345 541 503 849 267 533 726 562
d6d6099ee3add270,25 952 943 54 345 197 380 503 1010 267
3c9c179c6f55b2db,952 503 943 351 515 692 849 992 522 196
647040fad1534227,515 866 25 351 345 992 533 508 464 772
b114e395f182b745,952 515 866 351 435 541 503 849 562 508
b5b236fbfc0f8d27,952 943 515 380 351 435 541 562 992 849
106a46f27953560f,335 25 533 345 541 866 773 267 188 435
f6486ebdfb6d2e82,943 25 952 380 515 351 345 508 630 151
25cc90db36f56543,866 25 583 952 943 944 380 1010 455 515
613d1c946527882f,54 25 435 583 345 943 992 1010 952 503
4e63d9c87a3f2b75,351 692 335 562 25 943 380 992 428 533
e51f9ff15862d8bd,335 503 726 435 773 992 533 508 1010 428
516103586e0345b1,25 692 866 351 943 380 726 849 773 267
037641feecfa66e5,952 335 692 943 380 267 533 428 603 503
4efccd047b5aadb4,515 380 943 345 541 267 562 944 188 849
fbd86bf2aeec97bb,798 731 693 599 653 454 532 901 699 939
7211e0e7e99f2613,866 952 943 515 351 508 380 503 541 992
87b92656db87f4cd,25 380 866 541 351 503 345 992 188 849
2bd555979a0cc44f,952 515 943 380 503 562 267 992 188 151
3c5218c40e8b2b46,351 849 943 380 992 267 533 503 541 1010
ea3548539c1d1d8b,692 351 345 943 188 849 773 380 508 267
9739f671360458cd,866 541 944 345 992 849 508 533 726 562
c434923bb184be2d,952 335 351 380 992 533 541 944 508 435
6c993f1db1549155,692 952 351 515 943 335 364 866 677 242
73292a247be40b3b,345 952 351 515 943 188 992 267 54 503
1172427c14b96eac,692 345 943 849 562 380 533 992 428 622
bbdc3eb6cb9c9c54,335 25 692 952 515 866 943 849 345 726
4cda0c49ad77c729,54 251 335 583 866 455 25 1010 630 345
6239a7d78d7fcf61,515 943 692 335 866 849 992 773 188 541
e46232e746c56090,692 943 335 380 541 515 25 866 345 1010
177012090fa30cdf,866 952 515 943 351 380 435 503 992 541
ccbc7370e2fff1ff,380 515 25 435 866 345 992 533 562 849
07e26a0c01d8bdf7,952 515 866 541 435 188 944 992 773 562
f5f12f4b98da47c1,515 351 943 25 335 866 380 188 992 541
1cf87fdbd878e2d9,335 25 773 866 188 992 541 503 267 508
daf97e12a9694ef1,345 692 952 188 25 335 866 508 515 267
8513f4899f4a0b85,692 345 943 380 562 992 508 267 541 428
c4f575c9a86f6d3c,54 335 251 490 866 455 143 25 630 435
80c021fc685629d6,515 335 692 351 943 726 773 380 533 267
7c697ce9309f2767,574 1021 661 323 880 273 890 871 364 896
cbb2ae2e1fe0f8ca,952 515 351 943 267 849 380 562 188 773
0233d09d2cbcbdc3,351 943 726 335 25 345 380 188 428 992
7e78de48e7b00d26,952 515 380 866 351 188 944 849 435 992
017dae78767e0339,943 335 692 25 533 622 866 380 726 992
1c68b22b6549e14d,380 692 335 345 188 533 551 992 849 866
7e9330505803a813,345 515 943 54 380 562 490 188 992 435
3cae9b499e3d0bdb,515 692 351 335 267 944 866 345 849 992
dedfd0de1e32dcf1,490 455 367 251 54 335 583 214 25 345
95cadc0b7c448406,351 335 866 380 726 849 773 992 533 290
043ae499cb58c943,952 380 267 345 533 849 188 562 54 1010
db1b708ffced9b2a,515 335 692 866 351 943 726 849 380 992
d91c3db19b0cd73e,692 25 866 726 849 533 503 541 992 562
47154dcbd5f7b725,465 952 757 622 551 515 287 522 428 351
45772f0b55586394,335 943 25 541 267 944 1010 992 849 562
e7d1b1074a74545e,25 515 351 380 726 773 267 992 533 503
e473a78485084e60,952 943 25 515 435 541 866 503 345 849
40c92a852b6507a6,380 943 335 25 267 944 345 533 849 992
a6b6654bfae7831e,335 345 54 562 612 197 515 351 1010 508
26d0b73ff3896cb2,622 515 551 943 351 533 821 522 188 866
b6c7aa4b1bf48c3b,943 25 866 345 773 992 188 541 533 562
24fb81e9416d38ad,335 943 380 849 726 773 508 533 541 267
1fca90ec70fc9353,952 943 351 345 503 944 435 849 533 562
07aacd84525acb68,515 622 757 465 943 351 25 428 380 345
54a1e79456f02085,612 335 866 630 367 25 523 698 316 151
e9bfa70baff15f52,952 541 503 866 345 515 351 992 1010 188
d54bf3b9916fd9f3,943 345 380 188 849 562 773 533 428 267
82eaae1572bf1023,943 335 25 351 944 541 849 726 773 533
fd69d98fd6372109,692 25 866 345 943 952 541 992 503 54
54c0a81148386a55,943 435 351 25 866 345 533 992 508 849
57e0abe1e5aab0ac,866 435 952 345 515 54 380 351 541 503
71b3031650710f51,692 335 944 952 515 25 866 351 533 508
3b1223f786a0a48a,335 25 866 345 435 944 726 188 773 428
b9d13b877107a99d,692 25 952 351 515 943 380 267 188 435
90bd09ed33a46e3f,490 335 251 692 54 866 612 583 214 952
d71dd0afd52b5b85,25 351 188 380 773 992 533 267 541 508
87b96f218aa4fcfc,515 943 726 267 541 992 773 944 508 533
6f1ab80b2aff1a31,503 335 351 25 866 345 992 533 464 849
ccc0f5e416714f02,515 943 351 188 380 726 508 773 267 541
80dd2d51ae07def0,866 490 952 197 515 583 345 351 612 943
a7572fb60229aa25,943 335 25 866 773 533 188 562 541 267
cd4cbf0a46ee6676,692 464 72 630 214 709 570 673 887 651
deb446f634932dcd,943 380 267 25 952 541 351 515 345 54
6360104cec6d7d89,351 943 508 380 562 188 267 541 849 503
b2fd76f90a713fc6,351 757 622 380 335 692 533 345 200 428
255bb847017aa9f0,335 866 345 541 849 533 503 267 726 188
0b344bf6a294e5d7,692 943 345 726 541 533 503 773 188 562
86beda2fc2ff6a25,692 726 952 562 515 351 943 380 992 267
aaf6cad69012ad04,943 267 351 515 380 345 541 562 1010 992
b239d8219df1dd3e,943 866 380 267 944 345 508 533 1010 849
195c196df59bbd3c,692 583 866 335 25 54 197 490 267 455
f6a62cb943c94e5e,943 692 849 866 25 345 188 533 428 992
a52a61e43ecbbab2,335 692 943 351 562 992 541 773 849 533
05a13eb10091c8ab,952 515 383 335 351 622 428 943 692 465
ae4a1fe5789c8729,952 515 522 383 757 428 290 992 551 622
095bbcd95548ca03,952 508 251 54 515 351 562 197 1010 583
57614c6f17d45751,692 351 335 267 866 992 849 435 726 944
d3c0a1a5b3f8bfdf,351 380 290 465 692 522 200 335 992 428
b7b7331a88b5ab8d,25 866 943 351 380 435 541 992 503 849
e9f86962ef13c6ff,380 692 25 849 335 773 541 345 866 726
4b8232fb2e2a6d5c,351 692 943 25 380 188 773 267 562 992
5fe1956538fba935,866 943 380 726 849 992 773 267 1010 541
9828a0f2c8e00e5d,798 654 645 693 558 901 699 454 939 599
f7f793afd6822306,692 335 351 866 541 533 849 503 944 726
1606037e1b735cd5,251 197 866 25 490 455 508 952 435 943
b3dac5faffa94e32,515 943 692 533 25 335 726 345 866 992
169c8e28d974ab6b,515 345 25 335 351 943 188 562 380 533
b8714a1fc883f4fe,943 692 380 515 351 435 267 335 533 25
a32d3dd225805931,490 692 335 583 25 612 251 54 952 998
4f782fd812daebd8,515 200 351 912 428 943 126 292 287 992
b60ddf933b329b96,25 866 345 952 515 351 380 508 944 267
d80002f11cf66de8,426 549 844 191 384 259 906 381 798 897
fee0f3133223d151,841 257 1021 792 573 557 133 153 170 631
37be6f9b8a9ee5f4,828 906 116 852 799 1019 2 231 1 38
2d914e056ddd3e35,940 426 549 91 798 8 170 631 259 983
bd1285aef9c75973,608 384 469 892 857 362 909 397 611 903
44eda054007e0855,928 828 439 499 566 426 661 282 454 549
121a219cff0ad8e6,234 779 1019 22 557 231 502 799 608 174
b1cfa28263a82ab2,259 23 304 577 844 983 779 133 170 631
bcc59721b990ee9d,116 234 1019 2 10 549 557 99 98 389
15e40fa3c5904f38,608 191 549 906 282 897 799 1019 892 828
e2b74c7a62bd168d,116 191 844 426 897 1018 458 983 909 906
aaac0b9e6d314fc9,779 426 897 1018 17 259 191 1019 549 799
ffc4b3662799b786,239 259 23 44 831 960 304 123 871 363
5a4c848283806eca,844 1019 753 191 361 519 819 897 205 983
051cc6a41efecce9,426 549 779 557 500 852 458 170 710 453
a3809534f50162dd,426 23 44 259 779 363 304 577 458 566
347e7903c6af5831,1018 381 1019 549 557 17 99 685 191 174
5cbb387732e3ea74,234 116 828 549 1 710 896 17 2 565
f3cfa3f9b3197c9c,906 852 779 116 1 98 557 174 685 1019
4d64a0b0dcb23c07,897 852 549 1018 779 458 381 9 799 322
0d3745bea388f435,897 234 906 1018 779 852 799 22 928 98
6659092ce9db0bd8,426 191 779 892 897 234 799 608 458 710
eb0c1533be5d7251,779 685 1018 799 857 549 426 17 1 174
955d41ddf3c7888b,799 116 557 779 259 844 828 897 1018 377
1359ef2395539a48,897 892 906 381 819 269 384 259 118 581
ed385615aa164805,906 231 333 418 259 384 909 896 174 133
89a453cbc8799244,426 116 892 779 819 608 259 234 322 557
251e8c7d17a3dcef,116 906 828 1019 557 17 1018 928 269 857
ea5ddaa9a7e7c7a2,906 828 897 259 1018 799 710 191 389 10
f2e92bb2a5fdbad0,426 844 549 116 819 363 892 234 940 44
0ddc0d985ef22a80,426 234 892 259 384 844 549 499 116 779
9b076ba0d2f85b2d,234 191 608 557 892 844 549 909 381 426
16a13910f62db6d9,828 1019 852 1 1018 557 799 710 549 2
2b348542de124e69,557 234 259 116 828 458 377 897 191 1018
3f970d2b21def19f,191 453 116 234 909 557 44 17 828 983
17f57e9df140f53d,557 779 1001 530 821 116 983 797 906 841
c41b80e0ab7722d7,549 779 608 844 909 906 799 897 381 852
aebf1c4dd9c71866,549 426 191 116 819 608 798 499 38 631
2f9449a851474a33,234 1018 897 116 828 174 557 852 381 549
e7272152b8f54e86,779 1019 234 897 828 565 1 557 549 180
7936b71c65020d39,116 549 779 426 897 381 892 710 16 1019
74a6801a3f95311c,381 1019 852 1018 549 557 191 259 857 844
c1949d07a8a6d48d,426 116 234 1018 906 1019 909 557 828 17
1f1ac4ef239c37b2,897 1018 828 1019 98 608 669 928 259 844
99419b9c05e45284,906 116 1018 779 2 191 426 797 1 1019
418210c6a323bb6b,426 828 897 1018 17 458 557 892 685 608
774b7c3b6eed8e43,191 549 779 234 1018 259 799 458 10 759
878d9a4840b9f160,906 1018 557 799 1 852 174 857 99 549
e338607854cd374f,909 844 234 282 799 1018 259 8 892 458
e7a0355136acf3c0,909 384 844 566 458 16 133 814 819 453
895fde4e2f3bc68e,426 191 909 1 425 453 174 663 39 906
219c1fc4a11d6b06,116 779 897 1018 174 191 259 852 381 98
5c84bd88d33a1797,906 234 779 557 17 16 195 530 1 18
e824d01aebde486b,549 1018 234 779 852 1019 116 2 906 426
f54ca344e1077bbd,234 852 906 116 1 17 259 549 133 174
376968604451e986,426 844 909 116 234 753 897 631 608 779
7342bab9f68c7cec,798 753 116 779 234 44 16 499 195 377
4adea23387321552,116 426 191 909 259 897 892 799 282 566
80541e9bee12e666,116 828 779 99 566 852 557 17 1019 381
83b7e507037d3ebf,116 906 469 779 897 799 1 669 1018 389
3b083c0b1e2f9de1,426 751 338 754 195 824 458 897 896 17
26c999ebb4a4a704,191 426 133 779 44 819 239 499 170 259
162c9dbb0f5a5d91,191 892 426 909 779 608 437 234 441 17
4d36da3473abc5c9,857 800 234 180 906 632 1018 441 389 361
39a0660cf8d61ce2,909 116 779 234 1018 892 538 259 499 458
c3d0c689ad4760a4,549 598 191 43 201 851 759 857 599 204
bd25ef7cd2233806,116 1018 828 557 17 799 549 1019 259 892
515aebfeddbe6458,549 384 441 983 844 116 892 847 973 799
81ada58f6ce60c7b,116 828 549 557 1019 906 852 1018 389 426
e88b5096cfc5f968,116 426 897 191 608 906 1018 1019 259 557
13d2cc86d0205e50,549 864 426 892 969 397 779 566 259 608
cc8607e1177c10d1,800 631 17 530 454 209 597 453 693 234
9195b48d8202dafd,909 892 798 779 940 44 426 91 844 8
e57933bf1f74656c,819 17 44 259 779 373 608 133 494 530
5d0308c2a24e4cd7,828 779 1018 906 549 799 377 116 381 928
d7ed877f8c75ce42,779 381 909 458 549 191 906 259 844 282
b721bf8deea2f756,549 608 799 116 892 259 458 363 779 118
3e0c42bc673f7eb1,880 897 698 638 779 453 835 118 259 516
92d2298b568cbac0,195 1019 36 191 695 638 234 557 698 23
19b4ebcb5d740a5a,116 685 909 779 259 608 799 897 381 1019
c060461ea2331c6f,897 828 381 852 17 557 1 282 174 416
44728904225a4926,798 426 191 1021 259 116 941 549 779 44
a747a6d85a3a97c6,909 426 17 259 98 116 555 234 819 844
711c6ff06c46a10c,426 799 779 844 973 95 234 239 983 363
6478d78c507d8976,549 259 116 779 693 669 191 828 557 897
0f74cebf41166f82,906 779 1019 2 426 799 557 685 191 174
288f479d4525a493,779 828 1018 549 557 426 180 259 17 1
71b71051be75b460,828 116 897 906 234 608 1018 1019 259 909
7d0289887d3a523e,906 897 828 133 892 549 1 799 426 1019
872ce396f7d4381c,779 116 828 549 1019 852 17 389 99 377
a80eccd288c4fe7c,549 779 191 234 909 426 983 844 453 441
06928ba2530182ce,234 549 191 906 983 897 844 118 909 259
25e43e04e8e6d353,897 234 1019 259 906 549 828 381 530 458
3241158ed1506ace,857 234 906 897 779 557 511 920 530 191
cca8432d0bc79c55,909 753 116 671 608 880 338 1018 499 426
80f87eb825da3e9e,116 906 381 1 1018 852 2 557 22 663
a47837e15cf9fec6,608 116 897 779 191 234 844 799 17 441
b2ae5b1a61d15e5d,557 779 259 906 458 1018 17 10 234 608
c112fb386282d2dd,234 116 779 685 909 1018 852 38 799 906
f7d0e64d96453b19,426 608 844 259 983 779 909 234 441 118
8e44b9b79e0f8e9f,897 234 116 828 1 1019 549 857 2 191
86ec444973f843c3,426 259 381 44 549 844 779 384 798 928
4afdc770cc4e2a81,549 191 799 259 779 441 116 844 118 458
fdecf7af974037aa,897 234 892 828 906 191 698 259 710 426
32fb363bf1a8b2c6,779 234 799 426 381 453 116 1018 852 17
8c9143ef03d6c5b2,828 906 779 116 549 557 1019 1 896 82
ece0b48834a54e40,844 549 892 941 566 779 426 897 608 798
468555cb2d66ffb6,852 1019 557 799 426 259 17 99 710 191
ca4da4b11dbfaed9,116 897 2 906 549 779 191 99 322 1018
85a0db8a2bfc2b9c,906 828 1018 549 1019 857 1024 469 259 381
c04e1d327d5a7b81,897 126 549 426 906 663 171 328 779 259
427e9fe749c7fb94,191 116 234 44 98 170 133 373 530 906
7d63b97722f7a9c9,909 116 779 844 377 44 118 799 892 234
7a103cc55291ee92,259 234 116 608 17 191 426 44 98 906
c1d2bd75ecb1410f,779 234 906 549 852 1018 857 191 835 710
21ad82f8db6c7795,753 116 234 1019 17 698 779 663 608 924
fd788d06f09975f8,897 906 779 1019 549 511 99 1018 557 2
a8e41249bac07ac0,608 98 995 557 273 453 858 377 116 906
787fe7058512e495,852 557 906 1019 2 116 779 234 99 925
2efe30379b1fab23,828 191 779 116 234 906 2 174 259 98
50d5d4f1ba46901a,549 426 608 557 171 754 278 548 165 259
4256aff3187d8d1d,234 852 1018 1019 17 710 210 1 259 12
248a8c3c80c76b8e,608 698 426 638 549 892 191 779 375 17
0d684dd9f14a6362,779 897 549 453 116 234 557 469 426 608
489d54d28a744407,426 844 909 608 566 259 819 779 116 864
0ae431cce003b367,530 549 799 116 453 557 897 277 234 561
ce4766c197574f81,828 381 2 799 1 17 608 710 191 426
2620e61169f672a5,906 608 555 928 259 98 857 499 170 93
0c39f944134facd8,426 549 906 259 909 116 857 928 234 751
033028817c35ec2a,191 844 549 64 308 608 928 141 798 909
45d4f73dc7e32559,779 897 381 799 828 1018 892 9 844 608
4eb52426c5da7336,191 909 549 608 779 384 897 844 698 234
61aa82d79eab82e8,565 334 962 353 210 171 983 906 116 828
c487bbfaa270d6d6,191 549 608 259 418 382 566 844 892 426
ab061cb673bef7b6,549 608 928 234 844 116 892 239 828 973
9cb8c2f7adf80e1e,116 897 1018 381 9 549 17 828 191 174
e93834bf1aaa45ec,828 799 549 381 852 925 557 565 174 259
8e9faf4a90cf2a00,549 909 191 426 116 798 234 361 566 458
c78fdd5d8b27fc8a,234 779 828 1018 710 1024 294 799 377 38
90b929c32bc9c264,426 191 928 713 844 608 983 892 799 363
e8df78efad6cc0c5,549 191 426 941 282 608 234 116 499 286
21878c8764c24ea7,549 426 116 779 234 453 828 608 99 441
65d68bed9d5188cd,361 599 426 759 167 608 37 844 549 453
0332fc00e35ef3a9,191 116 8 234 259 819 892 799 282 631
19dd430954b52400,1018 906 234 10 116 779 98 685 426 1019
90a993084ced6ea5,844 191 98 897 631 983 799 17 416 909
c97a84c259f8e201,828 779 906 608 191 1018 381 1019 799 557
272336a6b81c7e2c,116 469 779 828 852 1018 1 234 201 126
84f1f17a8d30c8a5,857 126 234 860 116 389 928 469 289 779
81bf34348acb4d2a,608 516 230 502 426 909 549 537 581 308
1d29153ebd2b36c2,191 871 549 426 116 753 819 353 983 1019
d8847eccaf216740,549 191 44 779 844 116 259 941 205 892
bc0e5acc6a9fc0b0,779 906 116 828 1018 234 751 835 896 710
4e4b218b8de74f0e,116 897 234 1018 828 17 852 892 710 565
6df847a24bb59d9b,116 234 906 2 779 1018 557 608 99 799
4c73a355b8c73006,844 819 191 549 426 259 892 779 116 437
88f5e6418c1813e2,234 906 779 852 1018 2 685 549 925 22
8914c79ce73649ca,669 692 360 16 13 511 277 17 427 1
6576dc2b8a0cd73e,549 441 909 118 426 322 116 812 213 8
fc843f11f477ae48,779 191 133 1018 557 426 608 897 892 710
d7bbf4aa603646a5,234 608 909 892 799 1018 282 897 906 377
b3a2facddae2d6ee,278 377 458 549 259 909 116 753 844 905
b50d73b5f24df541,234 828 852 231 557 549 381 565 1019 925
a1cce318c552f8f3,458 638 516 880 338 118 892 909 549 670
cd157a9180c34c75,909 608 638 549 949 332 259 308 116 812
67a49cb2b46cc6d6,897 779 852 906 557 565 530 99 2 116
051a0f7b5de7aba0,191 753 426 940 382 91 844 798 892 360
ff125bd2bebe947c,608 191 549 116 118 897 828 1018 779 363
5a8c47edafce5a5a,511 799 549 116 191 65 322 608 23 669
5cf4ff7ad3a8b3a6,116 983 549 234 608 426 220 973 710 133
38a1995296fd340b,1021 608 384 191 363 844 116 74 779 549
c75ef76db0e9b584,116 426 753 17 16 499 195 819 239 468
f9099fcf3b58bb37,909 608 191 779 549 844 499 363 819 759
8768eaf6d3094bee,426 909 259 191 377 453 116 363 384 779
24870bf193931593,191 844 259 363 37 799 819 779 983 713
868b928b5de27ad1,191 426 1019 259 909 608 453 819 338 195
4dcd9388ff3fd35a,906 234 116 133 983 458 377 549 897 17
de61363245e20488,116 549 779 191 897 259 906 909 458 118
267fdc01830750f1,426 381 608 549 844 721 44 779 458 234
4c62b8e1e27cbcfa,906 234 116 1 17 799 22 416 565 231
5fbaf53cfa1bc71e,1019 906 828 234 557 116 259 549 426 10
db9adb58c40a6439,828 906 116 234 1018 99 389 2 852 426
9b58bdcd27c225b1,828 897 906 191 2 852 234 1 116 608
2b119b67201bec1a,234 566 116 1018 897 779 458 231 896 1001
c0ee2bcf948e7fd9,608 116 779 234 98 892 844 1018 581 685
f68c453fd53f4339,234 549 710 191 1 259 906 381 1018 17
2a2a73f71be76351,608 259 116 779 234 798 381 717 557 44
8da6d769c3215635,779 116 234 1 828 549 852 259 1019 17
99565c7e4a7dd13e,116 191 828 844 1018 608 1019 906 799 909
ebdac71200efb8a2,549 426 909 259 234 779 91 502 282 458
51a06cbbf117c205,458 906 897 381 608 191 426 1018 828 259
c936a2674fe2b89e,549 844 608 239 779 116 685 191 453 941
88a21be13acb950e,1018 828 116 1 234 549 259 710 857 2
bb90a4bfad34c8e3,549 844 116 892 502 909 779 458 308 305
13151bce1cb04cab,798 549 191 426 538 880 502 779 815 892
37b657b1dd9ff5c0,1018 828 4 896 234 38 469 82 897 2
0d0064d912cabada,234 116 1018 779 322 1 1019 2 557 99
c26d3de2135bd02b,116 906 549 1018 852 381 799 928 17 1
8e1bef99f7ec1319,906 116 828 1018 1019 234 914 835 17 799
9742564ca5887a66,116 909 819 494 373 549 426 191 693 458
5356e1970ac3598c,828 906 549 116 1018 234 2 17 779 797
8e9e8c5bd9a5a138,844 426 382 549 363 191 441 17 798 608
17c6c797cdc5c168,234 779 906 2 426 1018 116 1 685 799
f4dbe8848256e57e,983 909 549 897 516 34 530 892 1 906
064284e6a336f154,17 608 819 549 792 16 118 892 779 426
c316ebb3b037c097,1018 426 897 906 191 210 294 549 269 16
c31f0e9ec5d90ad4,608 549 384 116 892 234 799 844 569 928
95e76bc6d144263e,549 844 426 608 234 819 458 909 259 1018
e3e5cf0cbf0e93cd,844 338 557 234 892 906 381 278 880 247
bf5e5162a3064297,549 426 259 909 234 116 906 608 786 828
2180f94d895869c7,799 608 171 191 458 753 118 98 234 549
24e2da36af4dc112,608 437 308 363 549 779 597 940 458 426
0872b61a8f5379f1,779 828 234 116 896 852 2 565 174 1
57af31c87f19cf17,1018 549 557 381 897 828 799 1019 426 710
e73afa947fcac318,116 234 415 828 897 67 852 608 17 530
e61e689b7613e354,1018 897 906 565 17 12 549 789 116 779
31fae18ef4484656,426 191 608 441 892 779 116 363 437 557
9e0f2b5c83172c1f,906 897 381 191 549 426 1018 1019 608 928
f237fa03d52ebdb4,549 116 710 828 857 852 234 1018 322 779
7c78bcb1bc3e2d5a,695 195 638 98 864 567 278 377 441 1019
1ceeb54ad7edb262,906 983 426 234 549 1 831 377 379 295
65f65fb12727af11,608 426 116 234 259 581 799 941 437 828
734cc90bd88cd0d2,116 828 779 906 99 426 549 557 1018 928
9304da436c582d58,549 608 116 259 191 631 234 928 453 277
67be45ba43aa73d8,779 191 234 909 844 458 259 118 631 441
fbabe524806114c6,857 779 38 882 880 897 327 244 431 628
ac9884dc1ef943bc,191 608 909 779 753 426 234 693 288 126
55aad07ed74d155e,549 17 426 191 753 133 909 458 779 10
ded2cc76948e232a,897 779 828 2 549 116 1 174 17 852
e49390320afcf4ae,541 428 151 651 200 536 838 464 790 771
f1e4597607f15798,290 803 551 465 135 151 692 771 464 25
752faacd6103367b,151 188 508 197 514 630 952 803 603 992
4c0563cc04c4cc92,503 533 736 551 465 464 200 25 692 536
cf8286c2647a3038,345 188 1010 583 251 349 630 992 60 803
c856cfb2a5349b5e,562 508 514 583 736 251 60 212 325 992
66a3592bf1523835,380 551 503 541 428 692 335 866 135 464
393614d9a48bda7e,345 197 151 188 562 1010 583 736 251 630
efadc0c692d965df,622 351 515 803 459 651 943 380 503 783
0eb86aa42d89c8f4,345 151 490 143 197 803 251 60 952 603
467634ba0434cae0,562 612 1010 490 515 943 143 351 603 491
d6df7a8b85ba452b,943 757 380 503 736 533 541 428 459 135
25b7421a873c8d93,757 428 135 465 151 464 25 692 651 771
4fd6747fe7e81c70,612 188 736 251 630 992 60 212 325 603
875672238f26f046,541 551 428 151 465 25 692 135 866 464
3b8aaaf35b1fe3bb,622 533 551 465 151 692 651 25 335 135
6cd80a1ca3c9703a,562 1010 143 197 952 515 943 514 351 603
4f1ac298ce93589f,612 151 736 197 514 583 515 630 943 992
6f5453e893a780d5,692 803 380 345 1010 508 464 428 188 290
b4cc9507c2859047,866 943 188 541 562 533 503 491 464 603
24a64944f5f2dc92,345 541 508 503 188 533 491 428 562 290
87ff3b8064fa9788,551 503 541 428 135 151 200 651 692 838
869d4f47f6b43f6d,612 151 562 1010 197 514 583 349 630 60
5c71c1c5fc2c9ad3,562 188 508 251 736 349 992 540 603 325
da7f79dc6889177e,562 803 612 943 351 490 143 491 630 380
3b5bb1d9dca0ed6f,143 562 1010 197 514 803 583 515 60 943
dcd5a6dcd3454230,428 465 151 135 651 464 25 692 200 838
90e70a75b920fb75,143 1010 736 514 583 992 251 60 803 630
522cf8d43c83e766,736 290 533 692 335 551 464 465 345 135
e6d423764c71f5be,508 952 351 612 490 380 60 143 603 491
46ce7430af7b0ace,345 736 151 803 508 533 490 428 464 143
93e5b9336f9b5d82,803 503 541 622 151 345 551 464 1010 491
7731930a0807e940,335 25 541 503 345 428 290 622 464 508
cc0ed8b0eca05c81,736 541 428 151 465 335 464 135 651 603
4d98f5a80dbd6df4,736 533 866 335 622 151 290 757 464 508
5bc45cc60b588f95,736 351 508 188 612 1010 380 562 503 197
56c5acf699fdb14b,351 803 151 380 1010 541 508 562 533 503
2fb93575e50af1bb,866 151 736 188 508 803 380 612 541 143
11f74655f2d34a81,866 335 533 290 428 622 757 508 464 1010
d82f4bb34e752455,380 508 1010 541 562 533 491 503 612 603
6b8f0d7fc8a9c6ee,345 380 508 188 541 533 562 503 464 428
4d805375199bd03c,943 622 551 692 866 335 464 465 651 491
737514afd2b8621d,757 736 551 465 151 464 483 692 771 25
4997d91380a23a1f,490 1010 736 630 992 349 212 60 540 325
b0e875c283b43f82,25 803 380 188 508 503 562 533 603 428
b0bcfb9263f82fc5,515 803 736 533 345 508 622 757 428 1010
98f61752143b0eff,380 622 503 25 541 866 428 757 345 1010
57aeb33379a090e1,380 533 622 757 428 151 692 465 25 335
54d320c69e6c3a2f,562 197 1010 736 514 583 251 992 630 325
bbe100986b7e3e36,803 541 465 135 151 651 771 200 464 25
973a2cddf6f1a15c,351 345 533 1010 290 428 464 622 188 562
42f28ce990fc1868,612 952 490 515 943 143 351 603 630 992
accf9175e031ffa2,612 490 143 803 197 952 603 515 943 630
357362452099080d,351 866 736 380 541 508 1010 188 562 428
89a2425b8934c839,151 508 490 736 952 351 197 803 514 541
9a6c8c016eb87b9f,943 533 503 541 692 335 757 25 551 491
ea5100f2e30443a1,351 943 533 551 465 428 135 200 651 151
9933c4491a17a004,503 551 541 465 151 651 464 838 483 25
0e786bd07ad41dd3,380 533 428 135 151 483 464 790 692 25
b7c02887094c6850,380 757 503 541 651 135 483 151 771 464
041c794b331b19d8,503 736 692 290 622 151 757 25 345 551
288abfb36a247b7c,188 562 1010 197 514 583 60 803 251 992
e4b650ec178fd344,803 533 551 736 428 651 135 151 464 459
4afc456509808f8b,622 503 533 428 692 25 335 866 135 651
3577a6fe7948b2c7,151 952 351 188 562 541 490 143 603 533
1ea8e17d263291bb,25 143 562 508 583 952 630 515 60 943
96cd2989d7941b93,533 541 757 551 692 25 335 866 464 135
b478d4318ee51fce,515 943 25 736 541 345 428 1010 491 562
1f019ced5e242dc1,866 188 562 197 1010 583 251 630 992 349
e26f4fc6dec741aa,335 25 533 428 188 464 290 491 622 562
436c5b9b5b8e2616,188 508 1010 736 514 583 251 952 803 515
967e88bd72b572d8,490 562 508 188 197 736 630 583 251 60
d5decd5d66d5a1c4,541 25 335 151 290 622 428 757 508 1010
bfcd8c37c18f6329,866 952 803 1010 380 612 541 490 60 503
b62f646be585a0ff,1010 515 943 351 612 490 380 143 60 603
715bea9d1e491b49,943 290 335 866 622 25 757 345 551 1010
8eeb1d875c6b740e,380 290 736 503 428 551 151 465 692 651
54160abd899c65eb,622 503 533 736 551 151 651 135 200 464
41ef3c3e16017703,736 151 541 1010 503 428 612 603 992 464
a9ba71e34857995d,345 508 736 630 349 992 540 60 603 587
d368a9f3021e2ef8,345 151 197 1010 514 251 736 630 992 212
4d0f4405b3a212a3,757 428 551 692 25 335 866 465 135 603
a67d4181c6ede424,757 541 551 533 736 428 200 135 483 151
08c07c8bbfbc01ee,345 151 562 188 583 736 630 349 515 803
67ff4968530243c5,380 757 551 541 428 25 692 651 464 866
4ff93a0d02281338,541 692 335 736 151 533 290 428 622 464
ec07be6ab3e517bd,380 803 551 465 135 200 151 464 771 692
5489fefd050a570d,508 188 562 197 514 583 630 803 60 251
49260d6606455baa,345 612 188 508 197 803 514 583 515 952
fe14dd2eef53f80b,622 533 541 757 503 692 551 335 25 866
417251c5e388da21,515 351 736 541 428 135 200 651 464 536
f5192a8eec2d4c27,866 515 151 736 1010 803 380 612 503 490
fe35c4f76d547be6,692 736 188 351 562 803 380 541 612 490
b73fcac7c3961994,25 508 380 1010 541 533 491 503 464 603
b05b399a71743f6f,25 866 380 345 151 533 503 428 1010 290
85015e6ce9dc94c4,803 692 866 533 503 541 622 428 757 345
8d96a01e24efc36f,197 1010 736 514 583 251 212 630 325 60
d54f72bcc00e106f,25 345 151 562 508 736 188 943 251 803
160d9f6da795013e,490 562 188 508 583 736 325 349 60 603
6996d5eb6927abb4,490 188 562 1010 736 197 515 943 803 514
1f881fd2c76e454b,736 290 866 622 25 151 757 345 483 551
a6d04a6c5cffda6d,515 736 345 380 1010 188 562 464 541 503
01ca9f9490743bc2,562 612 490 515 952 803 197 943 60 514
5863acc389c04812,197 514 583 630 251 60 803 603 992 952
a38d41e48b9e12d6,508 490 197 514 630 583 603 952 515 251
6652933988f5c140,952 345 380 188 562 491 541 464 612 60
fedb0b5e5286c401,151 143 197 514 583 212 325 952 803 603
0f2eb493a80ebc4d,380 503 622 692 290 541 335 866 25 757
ed4fe3eb911842fa,490 143 188 151 508 1010 736 952 251 515
5ce39cbb0a83ffcf,866 490 1010 736 197 514 952 583 992 943
d63359c126968193,1010 380 562 541 533 612 603 428 464 503
c94cf35da675bbea,757 541 428 151 692 135 465 866 464 335
2306f8bf4f0ea4c3,803 736 757 541 428 151 692 465 135 866
9e7bc282402d60fa,508 952 943 612 380 490 541 60 491 143
9d75553d5f93378b,345 188 515 952 351 612 380 490 491 143
bba6cce0f0156987,345 188 197 514 583 803 60 251 630 952
e91dfe5e5dd61759,757 503 465 135 151 464 651 692 25 536
a995bd23324e5289,952 736 151 508 803 503 612 533 490 143
2f13024bde916ab1,514 736 251 630 349 992 212 60 603 325
e18bd2fa74f2f11a,503 541 428 465 135 25 464 692 866 838
33cb8f66e1ad3e0e,952 151 345 503 508 533 562 491 290 757
5346dec5f7f1bd8f,503 736 428 551 151 25 465 135 345 483
e5b1f7a070713cb2,952 515 188 1010 562 380 612 503 490 533
38412d7a8d4bae93,692 345 490 508 612 188 143 562 1010 197
d81b089ba9e8e554,151 490 143 197 630 583 603 952 60 251
3aa0295d02387986,866 188 197 562 736 583 251 540 60 992
903dc8e0f6b3e3f4,622 533 503 541 428 757 551 151 692 465
9a14aed8cee1742e,345 508 188 562 1010 514 583 251 630 60
4e2a704aaee8e5ff,943 380 533 757 503 551 428 541 465 651
e3cf07060b033257,151 188 508 562 803 380 143 503 533 603
27476442e7356147,562 612 490 143 515 803 60 952 603 943
f4284945a9521ffe,692 541 866 503 290 622 757 345 464 491
e066fd617f28370a,335 25 803 533 508 188 491 428 562 464
5cc1a75689b9a1cd,345 188 508 197 952 515 583 943 630 60
96d4cc7331aba560,803 541 757 736 551 428 135 465 25 464
feb9cfe1b08693ae,866 351 345 736 803 541 562 188 503 491
05015384ba4fc365,692 866 803 736 151 533 508 428 562 188
60619e619fcdf7c1,351 151 736 380 188 803 1010 612 533 490
631a43b36b8871c8,380 533 757 503 541 428 465 151 771 651
f868973747ecdf32,692 503 25 428 290 622 345 1010 464 757
b477593a84f438a4,25 151 533 503 541 428 757 551 464 1010
a23787faa88f7f52,622 803 428 151 135 200 464 651 692 25
22fdea0082bedfb1,380 533 551 503 428 541 465 135 151 692
ad6db33a80b6ba6e,866 952 515 1010 803 351 612 490 380 143
4599cd3785a290e5,1010 490 143 197 803 514 60 952 992 943
ebe9dbacad2dc439,188 143 562 1010 952 514 943 515 351 583
000dc9ad607f67d0,143 508 562 1010 736 514 583 251 630 992
d9f9594fbd852a33,533 622 736 757 428 551 692 866 335 151
fa4543331a3b929f,866 151 943 736 508 562 803 1010 188 541
84845010a82e8403,803 866 345 508 428 290 464 491 622 757
0e4f2a1c71a99012,25 345 508 188 562 197 514 583 952 630
7a9f7e7ac81c0ebb,490 188 562 1010 197 803 514 992 583 952
fe2d04956da0da2c,866 151 197 1010 514 736 583 251 212 630
b0c8255137002ec8,943 380 533 503 736 541 651 135 459 151
8f141bdf57332354,151 952 943 188 562 1010 380 612 541 533
90546d31f029fec9,515 943 612 351 490 143 60 491 541 464
3c53d53a3469d75d,952 345 943 508 188 562 541 612 491 464
66a52a7512c93dec,515 803 533 692 25 335 622 866 428 757
c935dd580019fdc7,380 503 541 428 135 465 692 866 335 464
d195b76b475454df,188 508 1010 251 630 60 349 803 603 587
c0aba2d47bf08b06,803 290 533 541 25 692 428 866 335 345
cf5ab750638934ab,490 562 736 508 143 952 514 943 351 60
6a88b31ed086bd01,541 533 345 1010 508 464 290 622 188 757
5b3d8e9f2d145a99,952 622 551 151 465 692 135 651 25 335
950239b75558e880,335 803 736 151 508 1010 188 428 622 290
5f197379daf14618,952 151 736 803 1010 188 562 541 503 612
8314033958557d83,197 1010 736 583 514 349 212 60 630 325
5a9ef0ec8b8e3f8d,345 143 188 562 1010 514 952 60 515 351
9f796284e309046d,952 803 692 25 541 151 345 428 290 622
e8428321c52488e5,503 541 290 335 866 757 464 551 345 603
e68bed579cf5e589,290 736 503 533 692 25 464 465 651 345
c8b4b9fbb2311b0d,351 25 736 345 541 508 533 503 188 491
a672577ccec66e14,151 533 508 1010 428 188 290 464 562 622
2a48c30b045f13b0,562 1010 514 251 992 630 349 60 803 603
3dd6f7e087d9b0fd,508 1010 514 583 251 630 60 992 803 349
ef2a6c9ee2d09ae7,351 803 533 866 25 290 757 151 345 464
c7ebe9b420aea2fa,25 345 514 562 188 1010 508 736 349 998
836ce2addd0531c3,151 736 943 508 612 380 541 143 603 491
860260d1246b07a7,943 803 151 508 503 188 1010 428 603 612
38ed522344aa1cd3,345 952 188 1010 515 351 612 60 380 490
b06ac433a8687e12,151 508 583 1010 736 630 992 349 540 587
5ad30b25d2947c26,351 736 345 541 533 1010 464 188 428 562
c84dbd8a3a94d4be,503 736 290 622 757 692 151 464 335 866
b44fa583d47e866a,351 803 290 503 541 428 757 25 335 866
ef4668d0554c5d4a,290 503 541 428 135 465 151 25 464 692
6156454a54967730,692 25 335 866 490 612 143 151 508 197
2c8bc7fc9f429acc,151 345 515 952 943 490 562 188 1010 197
08c5d43c9ffe9011,151 490 143 508 736 197 514 583 515 952
0a02b72c42571e03,335 866 143 345 188 197 562 508 514 630
fc84a8ac8c5c20d3,692 943 345 380 188 508 562 491 541 60
442e431c5bd36496,490 1010 143 197 952 943 515 351 60 514
29676fb5800aefea,380 290 622 503 428 551 151 692 465 25
1457af4445835e70,188 612 508 490 197 514 803 515 952 943
d4ac039e8d95905c,866 490 345 151 562 188 197 736 1010 351
a0271969a1aaceb9,508 562 143 736 1010 197 952 515 351 60
9240daafb54216ec,803 541 622 290 757 692 151 551 335 25
61bb82e4fb005ea7,803 533 551 736 651 200 790 151 464 771
edcde235b601170e,866 25 533 428 290 345 622 508 757 491
e42ce7a48d5c17d7,622 380 757 533 503 428 541 151 135 692
657845ad0ef4199f,345 562 508 514 1010 736 630 349 60 992
b097cdb4606a9f95,622 290 736 757 551 692 151 25 866 464
dffd3a12421339d4,943 503 541 551 692 428 335 464 345 508
ee92a3ea7688ec70,943 736 345 533 508 1010 428 464 188 290
d042903292e2260e,345 380 1010 562 503 533 464 428 491 603
271b253439c0212e,335 151 736 345 380 188 541 1010 503 533
c5f7042ae86ddc1e,803 541 533 290 736 692 25 428 151 551
58a3b50bfee3d062,188 562 508 583 736 251 60 325 992 540
bda50008d819a335,380 622 757 533 503 736 551 651 135 483
6d1ce273942b0734,188 612 736 143 490 197 515 943 803 60
5eedc1c7b428f759,351 380 551 736 503 541 465 536 651 151
aa38248bd705ba5b,943 290 622 541 428 757 551 692 151 866
4a0a4fabaa504e99,490 188 562 508 736 197 514 251 952 60
497a64ce64c35ca6,866 197 508 188 562 1010 736 583 251 630
242efab372da84d2,612 345 197 562 1010 514 736 630 349 992
40856c129337c1b5,335 188 562 1010 583 251 630 349 60 992
f7b70c42fbad0f41,151 612 143 490 515 803 952 514 603 351
30745c1ec902139f,612 151 188 562 143 1010 736 514 583 952
b2a051f73c2b78cb,866 188 490 151 1010 736 197 514 583 992
3b74706a7bd76914,143 508 151 188 562 1010 736 583 251 992
a861ecef6167182f,622 200 515 757 803 943 503 380 790 428
ad78bb28548f8938,151 583 188 562 508 514 1010 736 630 349
f252f38d4e06be5e,943 151 866 25 380 345 541 533 503 188
6462f7a0c51ef23f,25 943 736 803 380 508 1010 562 541 503
984ccd8fa2bf5c60,335 25 866 952 943 351 1010 803 188 508
9ba7366844872c7f,490 143 197 514 60 803 952 603 515 630
8932d0f7457aefb8,351 803 533 428 551 465 151 866 335 25
435758325545e249,345 612 151 143 1010 583 251 992 952 803
222304aa6a8a2021,25 151 612 490 508 143 514 251 515 803
05b3b4264810544c,143 335 866 25 151 188 514 508 1010 736
e7de205c5056cf88,188 562 612 1010 490 803 952 143 515 60
237f614dc8439f59,943 692 380 335 151 622 503 541 188 757
bc184970d40f55a7,351 803 508 562 380 612 503 490 60 533
6891a34d2e4b6ab6,335 345 803 952 612 515 562 188 1010 490
20403c86e33d5f79,866 151 197 508 1010 583 251 325 992 349
e5644ad3f14def9e,866 345 736 490 562 803 188 1010 143 952
95aa659bfffda5bc,612 25 335 345 514 562 188 508 1010 736
e68364b71cb29cd3,335 188 583 508 1010 736 630 349 60 992
3f90b34fb26c49f5,151 197 562 1010 508 60 349 540 992 587
6a37a3eb7c3e9d2c,866 345 508 562 143 197 515 514 952 60
dd3e4648026f3537,290 757 541 428 551 151 692 651 25 866
87688a256f0a7811,351 943 515 757 622 803 533 551 428 736
bde0d790676b4905,515 351 803 290 622 736 757 692 335 866
61a2033c09029bef,380 803 503 428 541 465 151 536 651 200
9f67c06058314732,866 345 508 943 803 562 351 612 380 603
8aeffd287c341d66,335 380 151 533 508 188 428 562 464 290
08eb9f318e159580,692 508 562 612 736 490 1010 143 952 197
39b90063beab14a8,335 692 25 345 151 508 1010 612 490 60
d9d8cfce50f31745,345 508 188 562 515 952 490 351 143 60
dd84ec3ce9d06216,335 866 151 803 380 188 541 1010 503 992
99a85b00139dd77d,692 351 380 151 736 803 188 508 1010 533
eafd5df69e90df2a,622 533 503 541 692 866 428 464 465 345
3ed81665aa14417b,943 380 25 151 541 503 1010 508 188 290
8dc406f38f34bd03,197 345 188 508 1010 514 736 606 60 540
cbafb33b5873d9a5,508 1010 943 612 143 380 60 541 603 491
776268b05c637098,692 335 612 143 188 508 562 1010 197 60
4ba9c7a5523118e8,515 943 380 622 533 200 135 151 464 459
1dcdf9ac2adde2a6,757 503 541 428 465 151 536 651 464 771
2b4de1ddef340299,380 736 541 503 622 335 290 25 866 151
16791bc581c47e88,952 515 943 351 692 380 866 803 151 345
777c116b7bd71fc2,736 503 188 1010 533 562 464 428 603 491
6b027fa4f2a570bb,622 757 943 551 803 541 533 428 651 135
a906461da5319bd2,380 803 533 290 503 757 541 736 551 151
9700208148854bba,803 736 290 622 25 428 151 345 551 464
4669f510f40e42d6,692 803 351 508 562 380 612 541 603 60
5581a2407f52b1dc,25 345 736 508 612 515 803 943 490 143
7f429ee134920751,952 622 515 351 803 503 533 541 736 651
b1827aaed93acdbd,952 943 803 757 533 503 428 541 465 135
8675d2cca8793257,612 151 143 197 803 515 603 943 583 60
b6f4fcb33d52c5b4,508 197 736 514 251 630 349 60 992 212
b09f76ab526828ec,952 622 503 290 541 736 428 757 692 551
4842db2053039408,692 345 562 1010 943 952 515 351 612 60
4ec8e97118864119,943 533 803 503 551 736 428 541 465 536
248243c8b8004aa4,151 188 736 562 612 952 943 490 143 803
77dd9e04779f349e,380 692 533 503 866 335 25 151 290 622
9ea691b5560aebc9,692 335 351 803 380 345 508 188 541 503
d682d5d8171b4b32,490 345 151 508 188 1010 736 251 583 515
74d0f61d03391d3f,335 866 612 143 345 508 197 188 562 1010
ff5353155fc4ce3c,503 622 290 428 757 736 551 151 25 866
96763327bd9ef52d,143 188 562 736 197 514 583 630 803 60
8bfdfefdcd941d58,508 1010 612 490 803 952 515 943 143 351
8a8075df98fc1f65,515 188 508 351 1010 380 612 541 491 490
6701612425c1b760,866 335 25 612 151 490 345 508 188 1010
8c2a8ed93bf212f1,380 803 551 503 541 533 736 428 651 135
c91166a9e2553be3,335 692 345 612 508 490 1010 515 952 60
2059c5b91abc1bbc,736 943 151 188 508 380 1010 503 533 612
072e518a42565574,151 562 197 1010 736 514 583 251 349 60
9e5245b063271507,803 345 1010 541 188 503 562 533 491 428
4c83c711425021e7,351 290 533 503 541 25 692 866 335 135
4bce45a063263f89,345 562 188 508 514 1010 630 60 349 803
881a56d0650b9885,345 188 508 490 143 803 197 630 952 515
e6afd0cde684865d,290 533 541 736 551 651 135 151 692 465
e63044d72e6dbe7d,188 736 490 143 952 943 515 803 197 351
56d099fec959ccde,25 612 490 143 803 952 515 630 60 514
1e37e622f930db58,345 736 188 952 562 515 351 490 1010 143
cf5bc3324dc30bb5,151 345 188 562 1010 514 736 583 251 349
c711063b2480da75,335 533 345 428 290 1010 622 757 491 188
753e30acdea1b6f2,943 803 503 736 290 335 757 25 151 345
378eba92c1463c1e,803 503 622 290 151 692 551 866 335 25
ec463eea94280c38,151 188 251 197 849 325 1010 726 89 736
88b89bc7dd67d375,351 692 803 541 345 151 503 736 551 200
185de6acc50c58a1,345 25 508 562 188 212 325 1010 726 638
1125a74d69e706ba,515 351 838 267 771 803 992 736 264 335
27f13aefe36351fe,508 151 562 838 188 849 736 380 351 150
fec4e1b406dbf9f8,380 838 943 533 803 541 736 771 151 428
881b7032fe5f2073,943 803 533 838 503 771 772 541 736 603
621101f6c93328a1,515 380 351 25 464 803 345 267 72 196
56b084bd702f2070,25 583 866 197 151 325 89 849 1010 998
52d2eb5ad5aa430a,562 188 490 736 505 351 603 325 803 143
1875814a745de149,143 508 1010 325 849 736 773 60 838 89
677b640361f6d90e,943 838 25 541 335 267 603 503 757 508
9060e0c004aacabd,345 562 212 143 60 612 996 736 197 726
6cf4816d2de8a104,380 838 757 736 551 541 200 503 428 267
0125d1e31c7ae822,335 849 508 803 515 996 490 380 1010 505
04e26b7b92835a87,380 541 200 503 196 267 603 151 772 622
5fc6c0ef8e8b1260,503 803 267 736 771 290 866 757 25 264
bcd6e635919c7e17,533 503 196 757 465 603 505 428 432 200
b0e7a43c082f3d0c,866 151 212 1010 986 849 89 349 998 587
87ffd3c689caaf7f,849 508 212 490 251 1010 60 143 56 952
f645b02fed33b5f0,345 25 562 612 508 188 197 1010 325 849
d5887d9ecc400dd2,866 692 335 736 150 803 212 508 380 838
c2a3b8fa74746e33,612 866 562 188 197 583 849 1010 60 505
1729886e23633b59,562 508 736 143 849 197 952 251 612 583
a82f740d0f51aad2,515 952 196 212 736 150 335 508 692 267
c68299252bd53eed,541 290 771 503 196 603 465 757 267 551
adc99c39e0dffb6b,143 188 212 325 1010 849 60 736 638 838
b6cfd1a5408a5e6a,380 692 952 943 849 562 840 212 345 866
d655228d1323c242,952 351 515 533 541 503 200 771 757 772
2209f35b9b6ade49,25 151 508 736 996 490 143 505 197 952
740e857489802f73,251 188 197 212 849 1010 325 505 736 60
c5c2ed571d6eadd2,25 151 335 508 351 60 505 838 726 89
6f19ce85a5934847,692 335 866 345 151 490 736 143 952 838
2a53fec2c0c3ddf6,562 188 143 612 150 197 251 838 583 736
5d6a73fe225ada54,380 290 541 465 503 736 267 428 505 151
a78c8a973df5808b,943 533 290 771 465 267 196 866 200 603
f2a1c54a41a29231,692 25 345 562 212 150 188 351 490 849
c043d36e9ee86aee,533 267 803 736 196 290 757 551 435 603
6f8ff4f6c301eb3e,562 212 508 849 952 150 490 996 251 838
35d3de4326edb866,351 952 771 736 551 267 772 603 622 151
1d2fc0ff652e6952,849 150 212 490 508 351 1010 803 996 515
fceae583c440f82b,345 151 508 612 251 583 325 996 736 952
38bf9c8953303b94,345 212 508 490 143 952 838 803 60 251
fae9603340eaa36a,490 151 197 212 325 849 736 986 533 996
36821d2222935d94,351 533 290 196 771 757 551 267 200 72
350ec8bfe4e9c5f7,188 849 996 150 490 143 952 60 838 612
6298594a2f6f5333,335 692 866 151 849 188 562 952 803 515
97bd1473a1741bb3,943 380 533 736 551 503 200 541 771 866
e53418b8bf1297a6,943 515 533 736 267 290 692 505 551 757
cc38d2ee1ff9be91,508 251 212 583 197 150 1010 325 996 505
a9c4ed543ef1cbdb,943 290 803 771 196 736 200 622 692 464
1292e9bdd7b9cf20,515 943 838 533 503 757 428 200 622 464
d9acd514519c1ffc,736 345 212 943 562 188 849 533 150 505
2c5a081ef5a4ca2e,838 803 771 267 465 196 551 200 264 772
615311bd5d496319,803 290 267 757 464 551 465 992 200 264
a665f310323fc00f,943 541 771 290 533 503 151 757 551 811
43ea1860342770e3,490 188 508 251 212 197 736 150 838 773
9859c8f0b5f5421d,490 562 188 583 1010 849 89 60 838 349
8ed4e48c2f3f0cff,188 251 612 143 212 583 849 736 603 150
24d4d57db49a0843,345 151 188 849 351 838 515 143 490 603
5b64096f1a5d773d,380 25 838 943 866 212 692 345 188 533
0a25cbc9c6421b50,351 380 515 943 503 952 541 533 603 464
8d0d07c11c043d69,490 612 143 251 60 150 736 325 583 996
e2d2166cd659ce8a,771 838 196 757 72 944 465 551 692 992
7ebed5b038112ee2,533 541 25 290 267 503 771 692 505 944
1f332d19fcda1032,335 212 150 952 996 490 1010 351 773 838
f6df122b46f1d1cb,490 508 212 143 1010 612 726 773 603 952
df1acdb00a838a36,612 562 25 188 866 151 325 349 212 998
86ceb8cce3a3a252,612 25 866 197 151 1010 212 638 325 89
25fbad7ea8c046cc,562 508 151 490 188 952 736 150 583 325
aa8c287406b9683d,952 515 503 196 465 551 267 428 550 464
38f8690da483070a,866 583 151 197 1010 726 349 505 150 838
b3c4baf43bed80b5,562 612 188 508 212 325 491 849 60 838
53bef9268ac261b9,533 803 736 464 551 757 264 505 840 944
4af1200c4545fe1b,692 380 351 533 736 345 803 503 212 508
f34d295eee22fccf,503 290 838 803 196 551 200 428 264 151
0f1e098f52ef2e60,562 508 490 197 212 1010 143 612 849 736
c628cd3e4cefa36c,380 351 838 290 267 771 196 465 464 200
fe38b8fa27a66e3f,541 838 533 736 803 771 290 25 692 267
3e55486b978abd2b,25 692 335 943 952 345 508 503 866 803
dcc61b8c131d1188,515 290 803 541 757 196 503 736 772 603
730a30d1d4e0496f,25 508 583 612 849 197 212 726 56 89
05133cb8b65df1b4,562 490 736 188 952 849 838 803 143 612
ceba7a69de4af1cd,952 866 692 380 335 943 345 562 849 541
dd86863787c6b189,515 541 757 771 551 503 736 267 622 840
7196032740a3b4e5,952 943 736 849 541 866 212 533 196 335
7ae49e33b324b5a9,515 380 503 803 351 838 290 771 944 757
98dbada22469fb99,952 151 25 351 803 533 380 562 943 188
83e35c19e4de00c4,503 803 771 736 290 944 464 551 435 772
124c7c64d2800257,25 692 866 562 736 490 849 150 251 803
7690cc6789b3e534,380 736 838 541 692 151 503 345 757 465
bd4c3730279966b8,692 335 25 866 515 508 562 151 952 143
90a22f68a8b461ea,541 803 533 267 757 736 196 465 200 428
e732a5d06eb18153,952 380 351 803 290 771 992 757 465 264
fc2d2127dfd0a56f,351 943 515 533 541 503 803 25 736 866
8457edf7d41d2685,866 188 508 490 143 612 251 849 325 736
3c5dd07b22058f21,692 335 345 866 508 151 212 251 996 490
b18d67235ff5f53e,351 380 943 541 533 803 866 771 757 736
efe784a36664a4ec,952 541 838 290 196 803 736 464 757 603
6edfa894318c921b,200 943 188 849 692 533 726 345 743 380
917790cc3ba6d6e9,866 267 562 992 944 533 435 849 773 428
86d03224567acc3b,335 943 692 866 660 533 380 522 541 992
fdcdc084cd41b1be,692 866 944 992 345 503 541 508 773 533
b7f81109a0e6eaee,25 503 541 345 944 508 849 188 726 464
1e166686ab393a1e,25 515 380 351 188 944 562 849 267 464
a435658172c6f1cb,757 290 351 943 954 710 428 743 533 992
0f9a5e63985a14c2,952 866 515 562 943 267 533 541 1010 944
aae188e654f5166d,380 515 351 508 464 188 772 562 992 1010
84f23b2da021086c,25 541 866 267 533 345 428 188 435 508
b0f03037d40761b8,943 351 25 849 465 345 533 335 428 992
dfea02ae5bddb9b6,952 515 866 351 380 508 811 541 944 803
588d198e0566dc2b,943 25 944 345 435 508 533 188 464 772
9e43bbd8e714af4f,541 25 866 992 345 464 428 533 508 772
5b5901efa4f9d7bc,952 943 562 380 1010 541 267 612 992 503
1891c8ec12649bba,952 267 866 541 944 345 508 992 188 54
245f1b25e53b140a,345 562 726 380 849 522 803 541 508 992
7980d8ae83011ba3,952 351 188 508 562 541 503 612 267 726
072a2132b3cc3b40,25 188 849 866 345 503 267 562 541 992
cd686c6ebb2c3a69,508 515 943 351 726 380 849 944 54 267
63244014a9689920,943 849 726 428 692 25 533 380 992 562
1e75873f6e0f64cc,952 25 866 503 267 188 849 508 435 562
d50f3a706135b5a7,351 943 866 188 562 380 992 428 849 541
4683d536e314f847,345 188 952 508 612 1010 515 943 490 380
986b28130e8c2706,351 522 465 692 849 290 345 803 428 25
4163b94fc390a44a,943 944 380 435 508 952 515 351 179 562
624264ede99d5fd3,866 726 943 380 522 533 803 508 992 503
42d20830e60b7d56,943 380 508 726 773 849 503 1010 541 533
0245ff0c2e0b73c8,943 188 866 380 522 757 562 849 726 428
eb0f50a679b92eae,943 345 380 849 773 992 726 541 508 1010
77c1252e154c2744,952 943 345 562 866 992 503 533 508 944
dc320da2ddb68e97,1010 943 541 515 351 380 503 977 612 188
e528dd0f8c1b336d,508 952 515 267 944 380 188 351 435 630
d69e51320d6e8620,351 726 773 541 508 849 503 992 533 428
67227cd8df3c7b0f,551 351 290 757 943 383 428 533 692 287
3c8123eed9a075a3,866 345 267 612 630 977 943 503 952 197
40c5b4c8393de8c0,943 188 25 692 428 335 622 562 757 533
de23c79e9a9bef20,849 25 380 692 726 335 522 992 562 866
ceb725a0ee656ee9,380 692 25 335 188 541 773 866 622 849
f8b0e834aaac8729,54 503 1010 943 952 541 179 380 351 515
3f513c61a7d93682,25 267 952 943 435 515 345 508 54 1010
22145a455c5ea30b,515 351 692 25 533 345 773 267 866 188
11442d5b99c49fce,351 726 380 25 622 465 692 522 335 562
6c820d02fed953c2,25 351 380 267 435 503 188 464 849 630
82cc677cd90aa301,188 562 952 726 515 943 143 944 54 351
ee6a10ec36f6608b,515 351 25 692 380 866 345 435 541 503
58d9d9d94d0e45d5,562 943 726 380 533 541 508 992 660 267
a650ac370895e0b5,380 503 335 522 622 25 533 757 551 992
f527c12a93407fe2,345 508 188 515 943 1010 562 380 612 726
ed763f443c112548,503 952 515 267 351 345 508 992 562 1010
e79428248321d447,952 351 866 515 345 464 508 264 54 977
97f08473c3daabf8,952 380 866 503 345 992 464 771 849 188
d9470371445169bf,952 515 351 345 267 562 944 508 464 435
acb9e60e7f0c653a,335 952 351 25 866 345 503 435 849 188
2ebd2e9b4a84587e,952 515 943 435 541 188 562 508 992 726
78e7842dca27aae2,351 380 992 188 773 25 726 522 692 622
6bbc7f1402c7377e,345 188 952 508 726 943 773 515 380 351
7208efa70454cfe0,692 345 188 943 351 773 533 380 944 541
97e51cefcca8ccb0,188 515 943 351 508 992 380 603 533 428
a19c7c26bc342709,380 622 522 849 992 188 757 345 692 465
a00e5e6305bcf439,943 551 773 465 380 692 726 25 992 290
b8995db8faacfded,515 345 541 562 503 533 435 944 992 508
a5328c03ea31a763,773 290 345 335 380 562 533 200 866 992
5b6f09204f4daabb,522 200 692 849 992 428 533 25 188 773
e278a29e59f28216,515 849 943 351 508 992 428 151 522 1010
a17411071c41c935,952 515 351 503 849 541 508 992 428 977
0e9774396b26ca15,335 943 944 992 188 435 562 849 464 428
0117cfea73eeb583,943 726 351 25 345 692 465 335 551 380
f95f35ccdb47fd35,508 952 562 515 943 380 849 351 60 773
997416f7f3aed88e,533 692 726 25 849 803 188 992 335 757
8522cb4190539a5f,335 952 866 726 515 943 380 351 508 428
7d523dc3e91e9a58,25 515 943 866 380 944 345 541 726 188
940e99f87d44488a,351 380 345 508 944 503 188 267 992 435
77d0c4d28b7a993e,952 351 562 335 345 866 428 483 992 380
1dc56254936dfa64,692 335 25 508 380 54 351 345 977 952
5fe7537547d6990e,351 726 345 290 380 773 428 335 849 533
899266d5ee7da188,952 943 267 508 944 345 541 188 562 1010
0d9bfaeaf0d5fb06,380 335 25 503 345 428 188 866 551 773
ee568b12e7d25bae,335 943 380 944 503 345 866 992 508 849
65b1fd19aa754c53,345 866 612 508 944 583 490 952 151 188
4f7507e27ca310cb,188 562 952 25 692 335 351 533 380 428
ca5376a0add4d703,351 551 522 380 290 533 692 992 849 541
3109df26723693f9,515 345 692 866 943 351 660 522 533 803
4797f46ece6cac90,515 562 351 380 541 1010 992 267 503 944
4d4dd96576880121,541 692 622 335 522 25 188 757 849 428
317e8dfd30708d5e,692 435 944 335 533 25 866 345 522 428
f5e66b89f55e3035,866 335 692 943 849 773 351 380 428 992
0d313710e7281608,866 25 943 503 267 508 345 541 612 992
c757cc996bcb6365,345 692 351 533 380 428 992 522 150 803
2589ddd5e93cabf4,351 692 503 25 335 541 992 866 345 533
7d07e14f9b2292c1,515 188 943 345 562 351 551 849 380 533
2254262e61e07f0f,943 380 508 726 773 503 849 992 428 267
2a41e15bf7e14470,952 508 267 515 380 541 54 351 188 562
f6b1c7313cc7b61a,943 692 25 345 335 992 503 773 944 803
7a37b4768ef25ded,188 692 562 866 380 660 428 508 522 541
20e89d539ea3472b,351 188 380 562 522 503 849 622 726 533
8ae9c47c685c7929,508 345 188 952 267 380 351 943 1010 541
ac91888f5481fea6,773 188 692 351 866 345 380 992 428 533
9365a0606828f98e,345 692 866 428 533 380 992 522 483 541
973b01771a8e4f51,335 943 351 952 25 772 515 345 992 508
6fc52deb49761ae9,351 335 866 188 562 380 773 726 533 428
19d3c7bc49560de9,726 515 773 351 943 849 380 508 522 992
d76e8290eca87a21,692 351 773 849 380 508 522 541 503 267
3e29aa801d63ceb6,515 952 351 692 992 428 25 335 188 849
225967eb8758db0f,188 351 345 849 380 533 992 508 803 660
aaed9a0a6ade7349,335 25 612 1010 68 54 508 197 491 428
3ea42f8aae570d23,943 952 351 541 380 992 503 188 562 612
c23b96161289691f,345 351 54 380 188 541 562 944 992 151
3c67ef2e991c5c6f,952 515 943 351 380 508 992 150 660 428
057597ebdc9f3c84,25 380 866 345 533 188 541 503 849 508
f25d64f93bd32e9a,335 866 435 179 251 345 612 151 143 523
6314062a4de5ccdb,335 25 866 345 992 503 541 562 849 977
d679cf2f7a2929f7,335 25 435 944 345 992 533 508 849 264
b2a51411349e59dd,943 188 622 25 533 757 522 692 551 380
ef93cb8d6426d52f,351 866 345 435 992 508 726 849 428 773
e8c83e688f609a05,515 943 726 849 508 503 541 267 533 1010
7620a9406f95b5d6,515 335 692 351 726 533 380 773 849 522
f7cbb084fc64d3ba,866 345 197 1010 143 612 944 952 151 380
0cf22b2e68324cd7,267 380 692 335 503 25 533 435 992 866
9b7978886b29be82,952 351 380 508 188 503 944 849 533 562
644f3cd8ff3e72f1,943 692 335 267 503 541 533 345 849 866
698703cd048abc6b,866 188 726 952 508 515 351 380 943 992
8a014201b18fd824,866 562 952 351 515 943 508 726 1010 541
ac281d789c800b49,345 267 1010 952 943 188 515 380 54 351
99dfcf0db0c545ac,622 428 692 533 773 380 726 188 992 25
faaf313688bbea6b,335 692 25 188 345 992 541 428 267 503
148c6524a4fbe66a,866 25 508 54 143 435 345 490 197 523
9d8160d37c78e7c2,952 351 25 435 866 345 992 464 508 772
1b9de1b72793d1db,515 943 351 380 992 1010 124 428 541 533
457b4da798632e3c,866 188 380 726 773 508 541 992 533 428
03b8882664f0b36c,692 335 25 866 992 533 772 464 428 345
d8b13e49d4250db0,773 726 541 428 503 849 508 992 533 267
33ece4a9df3fa7c2,428 503 522 803 25 335 992 849 188 345
cf1d2e8b817805bb,692 345 515 952 866 188 351 773 380 944
c321e56417a53553,692 335 515 267 952 944 943 345 612 992
9c2575ca4e23d136,866 503 380 345 508 943 351 952 541 515
69512e4d482806c6,345 515 943 188 503 562 541 992 490 944
5a950a2bc34f706a,335 692 515 351 943 866 380 508 503 726
78039a952ab62cd0,25 508 251 345 977 151 952 583 197 351
d967cd037dc8996e,943 351 757 533 541 465 503 522 428 345
725a467ab2b7059a,943 351 188 345 522 335 562 692 428 380
3e0bc3b42b0a194e,522 943 726 533 188 380 345 773 25 603
f30a9fd0df1ed162,515 943 351 335 692 380 25 465 992 345
3245ee53659ddc17,25 335 515 562 351 866 533 992 380 428
e90c9a02901c8c20,866 952 345 188 380 435 515 943 351 508
3af352eaf829a256,25 515 380 351 503 944 188 773 508 562
511b1273f4e8e0a8,692 435 952 515 351 345 508 464 992 188
ebcec74d65c2ac31,345 54 612 197 188 944 952 380 943 351
2fe0cf9b365f0e35,508 345 612 143 197 54 151 490 944 351
c7d35b81cf2c5bf2,866 541 380 952 515 351 345 977 464 992
4724eb8656bf98a7,692 866 345 508 351 54 380 943 944 251
4e7e3687230e820d,25 345 151 508 54 952 351 562 515 943
582434388d6d665f,692 773 726 541 533 849 522 508 503 992
d2f1d9a1597f1101,25 351 952 866 515 264 464 992 508 345
c2e634870d98a4b4,943 773 335 692 533 849 726 562 380 522
24d9f53e904ceb28,952 943 335 25 541 866 345 533 977 508
dda4287175a85ade,692 345 943 351 726 773 1010 849 992 541
53852ed7922c1963,25 952 335 943 351 866 533 803 603 380
7f0f003600c52353,351 380 692 533 335 803 773 849 188 541
74d863e0be1fa23c,866 351 726 541 849 992 267 533 428 944
a2726b587c572763,943 773 522 25 345 622 757 692 290 428
073965bc789f1e27,351 541 335 25 866 992 464 345 428 533
9b6092ed3bf34ab8,503 692 335 25 345 267 428 849 508 464
893941a73bd3bb7c,692 952 345 435 380 541 533 503 562 726
f4041270ab16e500,335 25 533 541 503 992 726 428 345 551
959200497a41254f,952 351 188 944 380 562 773 992 541 1010
d9be989f02975394,692 992 345 335 849 541 866 188 773 503
df154e2d9f066667,943 952 351 380 267 692 335 25 866 435
8fc546a7c32b884a,562 351 943 773 849 380 465 428 992 508
76693452c8d94126,541 757 692 522 335 290 25 428 345 944
8de62ad0f28fb1b6,952 515 25 351 866 849 188 562 267 541
da900d367e8d24a6,25 952 562 773 943 54 515 944 151 992
5b445e3d56904044,515 345 25 943 335 692 351 866 660 150
636ac2fc0482a137,533 692 25 335 267 428 866 849 508 483
aff4604224360281,943 515 692 335 25 866 264 803 345 533
77e178593ca3b93d,351 522 551 773 188 290 428 345 25 380
ee1c23ed91ccc5b9,943 692 952 533 25 380 726 773 515 267
2fb1545e95803cf6,692 345 380 503 562 267 992 533 849 435
e1858fc6774c39dd,943 866 773 992 267 508 726 849 944 428
9ecfcabccd5d3c68,25 943 380 944 515 435 345 508 992 838
8656df8f25a650ee,952 188 503 562 944 267 992 428 151 435
c17d0c9834de706e,943 622 188 849 692 465 428 380 290 551
ba19e2d9aae06de6,952 351 522 551 849 726 290 428 345 603
76f0c455a4682af3,25 508 435 1010 943 523 541 515 351 188
ef9a434f5fd53fe3,25 866 952 351 943 508 562 515 435 380
a23936729afdcea3,692 335 992 267 25 803 435 345 866 188
bcd51832c2516a8c,335 692 188 351 267 533 992 508 428 944
3c8089fd7d0434a9,952 351 622 551 692 943 757 25 335 200
f6ae2943e79ec8cf,943 533 345 726 551 692 25 773 522 622
ebea7bcd022a2777,351 465 522 551 533 849 188 380 692 773
26bb755de0c0511e,25 345 380 943 952 508 351 188 197 562
6de243bcd99b2587,952 335 25 351 992 726 541 188 773 562
03e1f33469c6f46b,25 866 508 54 435 68 952 490 943 188
37203b4b80410d84,866 952 380 435 267 345 944 992 188 503
f5561196df2d32f5,692 562 345 380 428 803 992 508 522 541
07fdb4a8b3e136a7,351 533 380 25 335 692 503 345 522 757
9026f3b173123976,692 25 380 335 188 992 345 428 465 551
a92304121a5dd938,515 351 188 622 692 25 562 428 465 533
d383a6918fdb5db2,335 25 351 943 952 944 345 435 515 508
ac9455cb2ab6f5ab,515 335 351 25 943 345 380 866 849 562
e9d873d4ff058165,380 551 849 428 335 25 622 803 345 541
a05b29d476b41a2c,1010 188 952 490 197 562 943 515 251 54
70fbb92cd192dce0,943 533 692 465 757 25 849 290 188 541
1a9f31183caf8832,25 952 503 345 541 267 435 977 1010 944
403231f1bf739bcb,622 335 345 188 428 992 533 200 849 267
edb909abaefcc9d7,25 335 952 515 351 380 992 150 1010 533
838cf2b8c86bfa06,380 335 25 522 541 428 503 533 345 188
394bacd2b5c704f7,25 345 773 515 849 380 522 428 992 150
41063808c8161ab1,335 866 490 25 1010 68 151 944 523 345
82bdaed2b693fab4,335 952 351 866 943 188 380 562 508 773
eb289bbbcc0d5c97,692 952 541 944 345 188 977 464 562 726
8422c671ee086f07,943 25 345 866 380 188 533 773 541 522
e2a96eb4d6834ba2,866 25 944 952 267 351 515 435 508 992
2700b107dd2234d7,943 692 25 335 773 188 380 849 533 522
50f5610738d69667,351 952 692 515 541 944 335 992 25 866
e3121a56fc231389,551 849 290 533 345 25 692 428 562 992
b9921a19fce20d31,345 515 351 188 943 380 944 435 1010 541
cf2688853d89c978,866 1010 345 267 943 179 455 503 952 380
8d88015df988f044,533 380 522 345 773 188 428 25 692 335
e92a1ea75cac66fc,952 943 188 944 503 515 380 351 435 992
486daf17c2fd695f,345 1010 188 143 251 952 612 515 562 849
14c428ba7fb97693,25 345 351 188 726 508 380 562 773 533
7633a45ab55cc4ae,335 435 345 54 267 515 351 503 1010 612
1f33f9f10c1ecc05,335 952 380 267 943 866 345 503 508 541
da8e22cc84664053,952 943 692 533 335 345 25 992 188 726
67ba92e41be08284,866 515 380 943 351 773 849 508 992 267
0e385aa2a53ead6f,866 943 380 188 562 503 726 267 773 428
8619102baffd42ab,943 692 25 503 267 335 428 866 188 773
57071e1b53b1b095,25 952 515 380 541 267 351 508 188 849
a44a23d69126794f,692 866 943 345 351 849 515 952 380 188
a2c5d1391062b56c,943 515 25 345 267 188 562 533 992 435
b0d2cb18c3552767,692 335 380 849 866 992 533 188 508 541
0ed014a6c54d4780,345 54 612 251 188 944 60 143 630 952
d13cd16c89469d04,25 952 508 515 541 503 944 188 435 464
09eb3b47a695a1f5,508 1010 188 151 952 562 267 944 992 351
44380a39dec8826e,541 25 533 866 345 660 188 267 773 508
8fb0877e6d265985,515 351 726 692 25 380 345 803 335 757
392bb7291808e475,335 943 944 866 952 541 515 351 849 562
9f47652882a34177,692 335 866 992 533 345 464 188 849 772
61e7a4033ae373e1,943 866 503 345 188 533 267 944 562 428
6207668a5b6541ab,380 692 25 267 866 345 992 508 533 464
1d4279498700a3da,380 849 622 25 522 345 551 692 773 757
cc2a1cd2ed655355,692 515 943 773 508 351 380 267 977 541
8fd720e1aadc4de2,335 25 943 380 188 849 773 562 508 522
672dea31a1b7db11,25 380 952 267 541 435 345 944 992 464
0a901f8f385f3dbe,25 1010 345 952 54 515 151 143 251 562
bdc42a014693d4cd,943 351 533 380 551 522 465 692 428 25
5e8a79f04b407a19,515 335 503 541 866 25 992 435 533 944
df6bd26dfebe9cb4,25 345 508 944 943 267 541 992 251 179
6f8b8e5d2c195a5e,866 267 943 345 952 351 435 992 515 503
79235fcbfa8e0aea,335 25 562 866 515 943 351 773 849 726
4112cbbf4713fa48,25 866 1010 197 251 508 490 179 944 151
52d357edaeb73481,335 692 503 345 866 267 188 849 803 508
26e6aff5fddb4a36,866 515 943 345 541 508 435 267 612 188
55d8dcd65ec26ecd,25 952 943 515 267 541 508 944 773 992
52e0519b60b2146e,866 188 952 943 267 351 508 515 503 435
d7f1acd3574d57ed,692 541 335 25 992 267 188 849 428 838
29abdc3f008ff751,335 345 692 952 515 773 726 943 351 325
3eb2504428966a04,25 692 952 515 943 866 726 562 428 849
ffa921d69a883d2f,25 866 562 952 515 943 351 508 267 380
820a6e81b5910d79,25 943 380 866 503 541 992 508 345 849
ad712695ad0cbbd6,541 944 345 508 992 188 533 562 464 772
065b64e69715a656,692 25 345 952 943 508 515 849 562 351
5a78b921c6f04638,944 866 345 943 503 508 977 351 380 515
dd82cd493b40d37b,25 952 351 380 508 541 503 188 992 562
c6633b1dd4b5a81e,943 515 952 380 188 503 541 54 849 1010
6a9b2f9755e79beb,25 508 345 435 943 944 54 515 380 612
f15d4450254991ea,562 508 943 515 351 849 726 541 773 503
5eb7510a5e803e0b,25 1010 251 638 345 490 612 952 977 380
df009854c7ac8447,25 692 726 515 849 351 943 380 992 124
417edd59fb698b9a,188 692 866 952 515 849 726 943 380 428
c6b4b1f96a71bcd8,692 25 952 515 508 612 188 943 251 179
733bb75c62f8b0f5,335 866 952 773 726 351 515 508 849 380
39b221e0a8879817,335 25 692 188 943 351 849 562 773 380
bb3479df74e27fe4,351 533 692 25 866 335 541 267 726 811
29e5d611a56c9357,943 380 345 351 515 508 54 464 264 992
e1268f9f0c5949fc,25 952 351 345 515 943 267 726 992 773
346ee6df7a749dc5,866 1010 508 54 523 351 188 197 380 944
af4a2e88dff3cadd,345 435 943 351 952 515 541 54 562 380
ec60d35f3a911b61,25 345 267 508 952 515 943 726 1010 380
2f1464fc5801af99,25 612 508 345 179 143 1010 523 151 944
4697b6e14122c602,335 515 952 503 943 435 25 541 866 345
47f9de7a2a0a0c50,692 345 151 952 562 944 490 515 943 351
2642f17f1dc89399,522 943 465 757 380 290 803 345 692 992
d85615c66487fc42,351 380 757 692 533 465 992 551 25 503
7b3d1fa93b73101f,692 952 25 866 503 944 541 267 345 508
6bff274f6ec0cc49,533 943 992 380 952 515 849 325 188 562
851c6e5741c56ac6,943 952 212 380 849 188 562 771 351 838
b71725a92cf2f111,351 267 25 508 503 840 866 212 849 325
6f72bdeb09cb20da,943 380 692 25 335 345 849 351 267 196
65c246c3133b0140,335 345 992 351 838 771 89 325 866 503
690dbbb336a29866,351 992 840 196 866 541 212 849 325 188
fc042688a017fe8d,380 335 25 692 503 541 325 849 866 89
479ecacdaab9c8e7,508 866 771 838 503 196 840 541 212 849
c5f367992adedb35,849 533 89 943 952 380 726 267 515 977
854c69247b679eaf,345 992 838 866 212 503 196 849 89 541
8206ce31192ad802,952 992 380 515 849 89 188 562 351 977
b2eeca163ad60f02,335 992 267 771 503 849 541 212 840 325
fdd6fe121313ecb5,345 351 267 840 849 838 325 503 188 89
42f49867a96b098a,25 533 992 838 325 212 771 562 503 849
bd3b214cac087369,508 952 992 325 943 380 515 562 840 188
75999a8e1922bb82,533 345 992 866 267 351 838 188 562 196
3a6a17adb7eb85f3,849 992 943 952 89 840 533 612 60 143
2fe7ad1811294d79,952 533 866 992 840 849 188 838 89 196
f8879c1e315a79ec,515 508 992 771 838 325 849 188 89 503
840bd1db337f4089,212 533 515 380 840 267 351 977 838 60
bf4ed55de55ccc12,508 267 25 351 345 992 325 849 503 541
9dd439c3b0f9d442,692 838 771 503 188 541 840 849 325 212
693aa3340d3086ba,212 533 952 562 188 840 515 380 351 726
5a50be6da702dbd8,943 515 345 992 325 267 866 351 188 562
3dcb1d7a4fd1c15a,771 838 992 25 508 196 692 335 267 345
a7f0db9a2bd09fa2,866 838 771 188 849 503 212 325 840 196
6a09718746c8b812,351 508 335 692 267 541 345 840 196 212
2d65e76fc9c5fc97,943 335 25 351 992 838 325 503 212 541
372362e757ca12e7,866 992 267 771 351 838 188 562 811 550
90a3b72997b5e0c6,849 992 533 943 840 515 380 267 977 351
cff3d8c4dec8df94,952 515 325 267 562 351 89 838 977 503
f4fca4a2847a7386,943 533 335 992 692 345 840 196 866 325
ae19c6dcc1b3aff0,351 533 992 771 335 692 345 849 267 196
2830d0955307b435,508 952 533 380 849 992 771 188 562 838
f020de1de125b49d,335 692 838 503 866 196 541 840 849 212
90ef31b86133c63a,952 943 866 840 267 562 351 771 188 811
de87bf37eefdd3fc,515 335 25 692 351 771 840 212 866 503
231d6450a592afea,25 992 838 267 771 849 325 840 212 562
0ae8563282b0ba1e,533 952 188 325 380 515 89 267 771 977
b7ef8e93756b0a61,515 25 345 840 541 866 212 325 849 811
b89fcb896dc89427,25 515 508 351 212 866 838 196 325 849
37a3e9200b0275cf,508 25 692 345 541 866 325 432 849 89
f5af4fdb9c7f5964,533 943 952 849 515 562 351 977 838 146
8c0bc06e34be3e71,952 335 992 508 692 503 840 866 325 849
290a8fc7f7677c19,849 212 943 380 515 840 267 351 977 838
46e5ebf0b683a6da,345 380 351 212 866 771 325 840 188 196
43772d30494c638c,380 351 992 508 503 335 692 25 345 212
1117db0e50158d7f,267 992 508 335 25 692 345 432 212 849
31da96de257f9937,952 25 508 692 503 840 325 849 432 89
d103dae0cb50c10a,866 562 533 943 380 212 515 325 89 726
e1dfd1cc8421ae19,692 533 866 838 267 212 771 325 541 840
4d52d7cb04179995,25 952 515 992 866 771 838 351 188 562
5b87a13bd113d4bc,188 943 952 992 849 533 840 89 267 351
da6b6863d2ce4ae9,771 508 335 838 267 345 196 866 849 212
fd922c9c5009f445,345 992 849 325 943 952 380 612 515 89
df730a2e45932fd7,515 533 992 212 849 562 840 771 89 503
4ae0ede6c7ce3dca,508 943 533 952 849 188 325 515 89 351
edb77c56c8a46bef,992 188 515 380 89 840 267 351 726 771
44254c657ce4d432,771 541 508 25 335 345 692 840 811 772
b452d8bc20b6d2f2,380 25 508 503 196 345 541 840 849 866
ded517a64e97d1fb,692 345 838 267 196 849 212 325 188 944
028498a999e3c046,562 188 952 840 943 515 380 726 267 977
4fd95206ac0f44ee,345 866 212 351 267 849 771 838 188 503
6dc78af779ef019a,335 25 503 692 345 840 541 212 89 849
ace8880f3e53d3f7,533 25 692 345 992 838 267 771 212 866
0e80d862ade0101f,380 992 351 866 212 325 89 196 562 503
5a68d40917fa169f,335 503 771 267 866 196 849 840 212 188
a2416783bc5e9409,541 992 267 196 508 25 335 692 345 840
32ddb08708076fb2,508 771 25 335 503 196 692 541 345 212
ee19847d3dc2ba86,943 952 692 515 345 351 212 866 325 503
99e0345c7ccb3e2f,335 692 515 345 351 866 838 212 325 503
aa64dc967f7e51b9,508 692 771 541 840 212 325 849 188 811
068b17a8f1009d18,515 992 508 25 267 345 196 840 866 849
1676b5c43405d22a,508 533 943 89 188 952 380 515 977 771
c444d5f692d58bf0,508 943 533 515 212 325 840 89 838 726
2857b23bf5866de4,533 992 771 335 692 345 267 196 849 866
0d56d6058e55ea71,25 508 335 771 267 692 503 345 541 196
516891e0ca2b2472,345 992 771 267 866 325 89 503 196 811
c1b4083d3ce586c0,849 992 952 533 325 380 515 840 490 89
f98e9b44e24ff16d,325 952 943 562 89 840 380 188 515 771
0b45fe85b3dc9b70,325 188 533 952 943 840 267 380 726 515
552096b0266feb5a,380 335 692 345 992 838 849 866 267 503
379b2abcd49c2295,25 508 345 992 840 771 838 89 849 866
f444768826258c28,992 325 533 952 943 89 380 515 267 60
6e3c864f5b597439,692 25 380 533 992 771 840 838 849 188
6c67491b5fa69ccb,335 267 692 196 345 866 849 212 325 811
19e42ea790f659b6,866 515 380 325 840 188 267 351 811 771
a68de3956d84c51e,503 25 771 267 692 345 840 849 325 212
68091841ae876550,267 992 335 692 503 345 541 212 849 89
db2ac98edc4f15fc,943 952 188 380 89 562 267 515 838 726
51c18712a58d66a5,25 692 335 992 838 866 771 267 188 325
ab9c9dbd5dd227dd,952 943 25 508 992 771 838 267 212 562
ac2522e0ad6bdd14,503 25 508 771 541 335 267 692 196 345
331301f9581a0015,380 692 992 771 866 840 212 849 503 188
f7a394e12791e1cc,351 25 335 692 345 840 849 325 212 772
81979239cfb8c51b,943 992 380 866 325 562 840 188 351 267
e92910d9e5a0f4e6,335 508 838 267 541 866 196 840 188 849
9ed570f18fb45282,952 515 351 866 849 267 771 212 188 840
8c0088983e24a760,212 992 188 952 380 515 325 267 89 771
98e11614d45a7f19,849 952 943 562 267 380 515 771 977 726
6c44479e8433d0ed,533 380 562 89 188 267 351 771 838 977
18752e37b8d6ff7f,562 325 188 533 952 840 943 380 197 726
261a5b5807e2151f,515 503 771 992 25 508 345 267 866 196
bef5f97d4dda54e1,692 380 533 992 212 267 849 325 838 840
c4903d370158a630,533 212 992 267 351 849 771 188 89 562
e18b05bce9471087,335 771 692 267 541 866 849 840 325 212
a702f186142ac370,866 849 533 943 562 840 380 515 771 550
fbe4c0ca3ee584c7,508 380 866 992 849 351 838 196 562 146
20bec5db7e7e15cc,335 838 25 992 508 345 267 196 840 188
0a0866519d44e8bf,345 943 515 533 771 849 188 562 503 838
cba21b62f9bc7d39,345 952 212 380 840 515 267 89 351 838
dab8f110fe0c773f,212 533 943 325 380 89 515 840 977 267
301de423e8f9a5ef,508 335 692 838 267 196 866 840 849 944
6169968de29e1423,992 838 840 503 325 212 541 188 849 89
0fa12c083e00e127,508 692 267 771 503 849 212 840 541 196
cdb529998c53f2a2,508 952 943 992 515 849 188 325 267 562
a563ca4a38a9343b,380 503 992 267 508 25 335 840 692 345
8a4b39266b2cc806,508 380 992 840 89 562 188 267 838 771
559ad4aa851c0671,952 25 692 335 943 508 533 515 866 351
88ec72da38228156,188 212 952 943 380 849 533 325 515 840
2c0fbfe5ed0ff3b1,508 952 533 380 351 992 212 849 267 325
d165199095403796,943 952 515 508 351 992 866 840 212 503
02d759afbcbc2790,508 943 849 515 325 562 267 351 89 771
7446a035c07abedf,692 866 952 325 943 89 840 380 515 977
e49e2db89d5e2e69,943 212 515 840 267 726 351 838 771 977
a1e2b67986489741,351 838 508 992 25 345 840 212 849 866
c9a37c7adaa26b0d,508 562 212 188 849 60 1010 952 533 325
6e8b7a19e5d370ed,335 25 508 533 325 992 849 267 188 771
25d04adc105fca0c,335 952 380 515 866 212 267 351 325 562
9ca6286ec577da9f,380 838 335 692 345 840 503 325 541 849
5618b4a5dcb8a516,351 838 508 25 335 692 345 944 432 89
1be4c73d54c07495,345 267 541 840 196 849 212 325 188 811
833fa0fb413dd65e,692 345 267 838 503 771 541 849 188 840
1e8751b669caee7a,335 692 943 508 533 992 188 212 267 541
a7156edc57506bf3,351 345 838 866 267 771 849 541 840 212
c85d9dc2252ad808,692 335 25 345 533 380 866 840 351 771
f2e553613f5e3ccb,335 25 503 508 771 992 838 345 196 866
0e183fea98af0528,345 952 943 380 212 562 351 188 267 840
aed916a0c5b3afd8,692 335 866 212 992 952 325 943 612 840
23d99d145a7dd1fc,335 692 533 351 992 849 267 325 838 840
437d4899605bb114,212 849 952 325 533 943 380 726 840 612
57e39d861d84f843,25 771 335 196 267 692 345 840 866 290
414df0d1b2151119,351 943 380 533 503 541 992 838 771 267
510f5ef74c6c3ec7,335 25 345 143 212 583 612 490 562 188
b0ca82eb79a25df9,943 533 188 267 849 212 325 503 771 838
96ff36d3c70ceff3,943 196 503 992 541 508 25 335 692 840
0c5550e4d14f1182,533 508 866 992 503 267 838 771 562 212
031ea080e4e2ee17,943 515 533 351 692 335 771 345 267 811
015168d00ca318ce,692 345 838 503 267 866 771 541 849 840
f5030374fe263a45,952 345 515 351 866 771 840 838 849 212
fd50f895c34547c6,335 25 508 952 943 515 380 840 562 188
93f9f5fbb3b491bb,508 562 188 992 533 840 952 490 943 515
848c3c19343a47cc,992 89 840 533 952 726 251 943 380 515
7b435e59a6788403,325 849 992 612 583 60 952 943 840 533
0c54874c683810f3,692 508 943 533 992 212 515 267 351 325
34402815aaa66c6e,943 25 508 345 840 992 267 866 196 503
d8312e179ef32857,508 866 380 351 992 562 212 849 325 267
44609c18fc448524,345 562 188 490 1010 992 849 325 952 89
28f7510911cf9c5a,351 515 533 503 838 508 335 25 692 992
13579034ce0a5cca,325 849 992 490 943 840 533 952 143 89
b600e2e648da23e6,866 533 943 849 515 188 351 840 267 325
999a0178be35c4e6,508 562 188 992 849 325 251 840 533 89
f3e9ea9b66df3e6a,345 866 533 952 943 562 212 515 849 267
b4f3215864a4b179,692 335 508 943 515 849 351 866 267 325
211e9dbd76207053,335 508 992 943 515 562 533 351 212 267
60e6c37b68de8f38,952 515 866 197 726 583 151 562 323 1010
9b530c49fdb3bd11,562 943 692 276 727 351 464 262 729 673
22f50581ea3d49a8,515 60 351 743 803 630 943 151 1011 54
6023056086cd026a,943 351 60 522 508 493 849 864 424 726
6f1ac89af66faa78,335 952 351 670 548 522 866 515 380 54
7c5a0e46e09e291a,1001 102 617 797 710 165 705 309 199 962
20480a2a4a218e67,335 726 803 483 692 1010 526 493 25 503
617e5dde6e418bde,335 541 345 866 952 351 562 1010 622 503
03154c5ccb7e1a2b,692 943 25 264 197 214 587 503 351 873
2a401cec9554fd11,380 335 866 25 481 27 329 514 944 749
b273fe943551f027,866 196 54 749 415 979 753 947 481 533
809a73f34279437d,583 197 570 692 630 952 335 866 54 515
8ea52acf2f315ec1,541 380 692 992 726 819 515 954 952 944
a8e8272d4dcddf89,380 54 455 814 645 817 596 197 415 952
e00f28b8fce9eece,533 944 952 522 481 84 25 264 66 214
f08b58962e78693c,515 692 562 943 849 276 374 54 60 1004
b985b61cf269b913,943 541 947 490 306 54 523 91 383 548
cff6124efe2c534f,952 692 772 56 435 503 749 42 874 814
d3f0a5e51372e702,515 952 493 124 435 562 438 25 351 727
b34d541beeb5e45b,944 528 196 692 1008 445 335 952 671 591
a5449e2519663e6e,351 380 60 562 25 1010 522 1011 497 197
32b2396b8892daf8,541 380 267 54 947 455 335 596 645 817
ff05c2f84a2dcf86,533 866 84 943 541 749 952 415 481 522
ed5e8babaa73fba5,515 952 849 335 692 943 562 773 351 603
c0964ca0d4983136,849 952 1004 692 262 992 351 729 727 493
b15f2381c8697f47,943 1010 380 54 849 151 551 290 726 197
e97d400f6ba979a0,380 188 335 603 179 25 612 415 60 819
b28808445547c57d,692 726 351 25 428 803 380 773 151 651
1c7032063b00441c,943 819 1011 42 25 726 503 1010 323 866
eba485c31d0509d8,335 943 692 866 849 188 124 150 523 622
2829f7b0b70b44ff,335 490 306 523 91 383 548 42 753 749
92ba2630c4f31d1a,866 60 491 72 736 1011 726 533 943 630
3501347f0b855a98,121 221 470 859 804 551 438 59 1011 25
8cb4cafce68d0d85,335 866 522 849 60 1010 562 1004 483 25
b99a643f42f4ff6e,335 515 562 508 533 726 992 944 736 435
c2377bea9a4b38d0,952 54 726 992 60 522 151 380 651 197
31229e1e96f318bd,54 197 196 424 753 979 515 947 380 992
eddb83b8a03fe931,866 533 335 84 481 944 240 753 503 424
37d254030190c844,952 351 54 726 380 1010 849 803 1011 491
f226aeb673231f2d,515 943 952 773 351 562 692 54 702 18
70912d93afe4ae37,1004 603 849 803 692 483 680 651 436 18
879f5b07c297a944,952 522 1010 630 371 197 921 749 240 503
e9cef545fcbfdd7c,151 803 743 736 630 773 72 491 197 25
03bc7288a223e305,943 612 438 435 522 630 874 54 726 481
e1c5a507b2805adf,515 335 551 351 803 943 622 290 151 866
262547ceda180633,992 374 943 493 60 897 124 794 464 150
26eaa57e67d8be22,515 943 9 902 483 952 885 428 651 478
c485d0f982eb1741,435 335 692 952 562 515 992 943 493 1011
ecb164c895711930,514 595 849 1015 515 726 576 943 335 25
f7885a0ddff6e7bd,116 669 1018 799 65 622 906 828 779 189
7798b1a240939809,39 360 116 381 426 799 905 289 458 120
71d73f01bdfd7afc,189 36 779 1018 511 897 906 1002 801 326
3cf722a191bdfc35,54 281 685 120 68 622 906 551 326 910
408351aa94ad8056,360 382 742 598 892 65 381 928 1014 180
cc6e435a5a58d508,345 508 54 251 583 179 1011 338 374 753
925d58360a1cee06,669 695 453 384 326 909 437 269 382 949
0c819df2d0603ca9,1019 382 742 828 234 608 905 612 844 892
8c2bc07884279b80,1019 799 1018 360 669 382 905 622 381 742
c8dddb06bc75b133,360 800 479 905 384 949 382 597 559 16
36f709a0653ee65f,608 949 162 502 742 26 360 800 382 566
4cd6e99424b3c1dc,65 779 598 928 259 82 235 905 43 1014
96b74a514edfc6de,382 949 43 511 598 742 695 289 26 36
461686ec4f857377,360 800 426 612 384 502 810 615 716 514
30919f5bf747f33d,54 685 906 120 281 135 126 617 68 180
606fd84313b7c4e9,622 892 852 717 282 778 799 1019 608 384
3a49639c5479600b,259 608 426 597 235 360 289 277 331 798
b44cc0f650ff371c,23 381 905 234 1014 116 43 121 180 1019
cc2fb31fd43eb228,195 425 857 126 743 351 135 952 617 88
4a340a65e485b9a4,742 43 26 384 779 116 892 598 1018 65
9f6ebf200faa1782,191 360 949 65 116 1019 180 828 95 381
4c9e3756eb0813f7,26 316 126 39 116 814 360 289 905 716
8ee607144e50f56e,26 259 800 949 502 1019 230 189 116 289
3d5ff01e60e1df3d,1018 234 415 608 126 82 1019 897 99 198
babcfcb2196e314a,549 692 426 39 669 695 453 441 235 909
d0e9c83175872dd8,799 360 952 742 43 608 381 200 801 50
8d6ed9642282d760,1018 514 909 852 437 164 282 664 814 686
16747be080b14d38,382 800 289 502 453 479 235 308 799 892
0b6f4679f5452bd9,949 16 44 569 669 191 779 277 799 116
8707ee486af76611,441 235 1023 336 286 502 10 402 382 949
f584ec611d079050,382 162 43 799 308 1019 949 800 828 234
39679c2c3505013f,952 351 743 857 301 551 909 195 425 979
2d5183f1bbbc1482,892 259 844 779 905 608 308 360 116 949
8892ea50cd0a8e7b,360 382 828 162 799 949 519 969 481 255
468d3aa5fc5e5a71,515 943 1010 996 844 469 696 6 39 423
a329ad56e03241f0,289 426 308 382 384 905 26 742 949 597
5978d3303ef37013,905 742 453 188 669 515 851 803 892 588
3182e162dc0b0c86,549 360 426 502 905 162 381 289 308 612
586f798815f7291a,162 278 384 800 116 255 308 16 559 425
70cf1e1bc45d00bc,828 381 905 742 928 234 779 43 906 65
4c8613afa1288f22,669 23 191 1019 799 277 381 897 797 952
f1546398b9e6a5a9,952 335 360 669 382 289 384 54 905 36
e9f817a19d7c5ef3,952 335 515 612 380 622 866 943 197 25
d520ca028445251c,800 742 502 162 608 949 437 308 384 799
4b438ec3dd5b5048,742 1018 905 453 928 824 1019 180 259 906
26e170fc85641011,351 743 857 195 425 710 692 88 810 116
f8b0a874e63a7a45,897 1018 906 36 1002 857 351 135 617 195
2f1c35fa60920476,382 1019 259 360 669 65 234 622 384 189
de13ad8c0f80e65d,351 743 831 84 321 803 754 617 586 820
3f494db5d71c4dd7,360 799 382 828 234 289 44 26 905 692
a70b27f0215deb4c,799 381 437 779 289 234 612 210 1019 189
3e97adee5819338e,248 523 509 118 261 597 779 454 734 784
d2cf7ebac121031a,162 779 892 685 597 308 844 191 180 95
b788a5b3ee78eb38,162 949 608 308 381 384 230 1018 116 612
9d62df11e1a05dc5,23 2 99 919 10 502 189 969 125 1019
68e705cfccc2d1c1,116 1018 906 82 360 382 1019 384 551 415
47669afcb808b019,1018 382 116 82 381 742 692 259 608 54
2a02300a9e16cef6,852 1018 99 612 286 65 828 454 259 779
f42dc841b7ab9d8d,1018 234 116 905 189 174 162 326 454 513
c43b08586d72d1c7,685 259 43 1019 513 819 608 952 68 331
b10373338a6267f4,382 360 717 1019 210 799 898 437 800 669
55dd408577bf3fde,360 382 742 1018 1019 828 685 608 779 928
622a5c1d9d1dfc90,566 305 951 597 437 235 255 116 479 384
ed0ce0d5249f36d7,1001 360 26 695 326 1019 905 779 209 382
51f27d90c80e4210,1019 116 608 98 259 126 1001 135 415 906
77b07680a45d9041,116 779 234 469 353 88 209 334 425 857
524af993eae2cb90,671 461 312 927 130 9 877 1016 831 179
bd463700b7db6f7e,874 91 348 814 653 153 699 847 415 195
8e37909da660e923,98 857 955 273 941 469 752 205 147 751
1bf343bd554b7998,426 118 331 334 64 713 840 753 361 441
354f32b219dfe0e9,831 516 116 864 638 361 693 927 657 779
3b90a21a08db4b38,389 897 377 241 649 469 781 840 877 477
a432230c9f1bb16b,195 941 377 118 88 116 454 331 661 310
6473d525add8295e,830 115 421 518 147 469 425 847 2 661
b7e00e7e55c9f454,831 645 425 98 195 382 1024 353 952 516
16264d12f31406f7,909 453 983 334 37 415 812 361 663 377
88caec626caa41da,88 195 64 334 377 98 234 657 693 663
81886f3f9d200ab1,425 195 147 671 98 415 921 439 88 812
3cef2524ba8c41da,98 439 377 469 454 132 163 195 1019 165
1c2cb8f1a7930ca1,453 753 654 415 458 74 91 236 645 475
f2abe23e66ad3389,306 753 74 532 415 236 288 983 91 426
bcc947adaa0f1a89,921 453 518 902 37 874 710 1021 753 479
108cb8c41925362b,130 671 1 377 461 669 165 650 17 661
2fc53c891293e4de,921 518 819 874 814 645 983 532 731 847
08aa4a16d4997b12,819 974 37 153 645 205 259 74 334 941
abae15916a22af7b,461 927 130 294 469 781 312 864 389 361
c91ac6cbc09c9b95,331 306 516 941 377 753 426 294 333 195
e78de801c7695bf5,64 645 798 516 831 98 670 847 235 566
7504d92734557668,927 1016 572 925 9 897 469 377 248 1
83592c686ae9912e,453 559 519 798 753 831 119 443 195 19
fcd0b36abfeb367b,710 841 190 549 80 182 974 698 518 819
ee60f304e8b007b0,82 821 116 974 235 37 239 897 25 67
a21ffeef7f7b46ad,306 921 288 325 126 974 753 518 819 1019
fa755f458822b17d,306 115 921 909 355 711 1002 195 623 167
ca6c910f27f67d10,821 610 453 195 500 819 281 857 974 469
bd080a3e07f77c46,671 650 98 927 116 130 477 374 1016 256
734a00ed0d1e6ea4,927 130 897 165 389 1016 572 475 118 864
4237495dc2a86ee3,377 425 779 116 857 353 439 234 657 477
8fbd3915e7129106,88 439 469 331 6 857 779 333 234 941
86eb9370f45563b0,559 453 195 566 306 377 98 116 653 426
ea6789f7cc1c066b,98 692 88 165 251 490 514 927 171 377
87b0f3468837cd07,98 334 557 831 331 64 812 655 459 657
5077bc98f4e4fa71,952 469 831 439 638 98 753 645 130 918
716167adbaa21f43,693 25 234 784 827 591 107 88 671 638
7371d481989ed096,273 99 566 195 98 941 415 425 752 831
94d80434fc1ca2cb,67 698 453 638 671 779 294 88 116 693
b6f9888801b1d274,671 754 897 626 241 457 858 561 310 471
a0c36556ee6a49ec,98 361 519 831 469 88 165 608 779 64
9d84320424314c1a,64 645 362 88 214 75 927 228 857 415
7c08783b40fcb667,857 159 190 80 182 819 974 698 518 133
964470778d8f21b3,334 941 98 172 205 91 566 753 415 126
f9dda51caa5d17e6,88 1 983 116 549 177 64 573 494 645
e1b758c4da9f07ca,453 195 941 191 172 331 566 698 98 396
1d789bf5acf22277,98 650 831 877 165 864 897 927 857 241
e21283c38ef0d51d,779 565 425 334 693 657 294 454 557 210
6c64fb529cff71cc,461 98 897 165 116 130 469 377 118 1016
6f3e80022fe30fb3,779 116 565 941 851 294 831 569 857 693
86fa4d2d5b830513,120 294 361 862 116 98 858 516 415 210
252fa86722b75560,126 287 769 617 201 421 699 973 840 118
000f2d950bd9b2d1,671 439 650 88 927 195 98 831 638 116
5e3c6b1bc794f05e,195 974 191 812 426 29 753 361 952 710
043a8ad6d6261ad7,612 831 897 362 86 334 657 933 129 671
c65480e3bfa38bf1,294 361 195 234 306 821 840 1019 98 969
771243cbed42d19d,98 671 897 638 461 353 334 599 831 331
c1b9181bab654f7e,195 671 67 334 116 650 331 698 661 248
f714b43624c6bc75,361 645 98 650 693 331 532 88 458 441
4c67110486fc2acb,645 191 415 941 426 654 519 516 37 308
89926a4cac449398,195 650 425 629 118 201 275 973 788 640
436dac8752d8dd38,819 753 983 532 415 115 133 559 814 960
bd352b96ebe8e540,549 415 331 941 64 779 89 929 377 911
5ea145e27a2d8aea,234 418 897 425 841 453 426 812 652 671
2f258e280e56599b,500 159 287 425 617 195 147 549 699 841
65d62f5a7af9280d,1021 201 37 606 551 453 997 638 130 822
ec57e39e482eb298,98 952 941 88 174 425 831 334 294 692
1fb14e8cbdf42302,819 195 363 551 795 441 902 512 558 777
dc9836746385f7ff,477 210 831 565 549 857 469 425 828 439
eb67462eb92b2711,453 847 534 288 713 670 874 819 37 518
e4e1f7d811b4acaf,1 549 983 177 831 573 98 710 382 821
3e6423e736135bf8,952 98 126 453 306 334 415 288 331 974
1087a129dc24f896,657 650 214 377 906 198 248 941 477 857
346eb839569dabac,98 469 377 857 439 116 353 477 234 453
a4b3d58343354454,331 798 831 361 909 332 713 6 847 377
0fff24a46e8e18cb,810 195 753 115 650 880 819 130 911 532
5f6da8a61de13e09,952 880 857 638 425 334 865 294 831 469
2fb122260daaa3b8,671 810 657 650 549 334 713 275 234 675
6fe7f1bd348964e1,165 9 572 877 925 1 389 477 248 118
94864ba190b90143,453 426 37 377 921 812 334 810 210 361
db763562c2edd3a2,415 753 306 338 814 336 874 559 518 98
3ad34431391a9318,377 201 516 98 6 753 441 305 294 821
0a682bc6e5f9c8c4,469 612 897 831 362 657 86 490 377 514
661619f4dfbec565,334 754 195 331 98 143 671 933 657 74
06b49dbd2bfd8c49,678 336 400 315 650 652 692 855 927 286
90a875843466de72,693 582 147 752 244 608 469 377 425 955
96b3d75b81f379a0,831 650 671 377 857 638 165 1016 241 698
02f491dab6d74551,753 751 831 294 921 210 941 441 645 2
b8e4207b4e45c86d,294 549 361 779 851 426 120 769 941 516
e2935afceb677512,874 819 91 814 812 64 653 699 830 153
cbcc33332a18cdac,426 439 195 377 657 294 671 234 286 469
d6a303012975e75f,671 98 477 824 882 294 657 195 286 549
4f2efc822151eecf,692 952 612 864 335 515 197 749 365 622
3c3c356572a9d66d,993 234 693 784 37 821 82 235 195 306
e24606e9f29647dc,650 1016 98 897 857 312 130 9 698 657
0c6a3ace4444e8cd,195 453 415 331 294 153 306 377 921 519
e2fb74f0c9124eed,331 98 638 241 361 88 245 17 294 469
7a33e7fed0743f06,306 425 195 941 645 909 713 983 798 361
eedde728fd22bdd4,1016 98 1001 9 389 171 671 857 322 165
09b4cdeee0c9f1a9,331 426 617 67 812 191 753 98 389 306
3a961ab8f1dfa864,306 37 753 812 549 892 361 831 201 98
f2311ed5c1f0fa57,654 753 334 205 118 230 831 983 974 453
cd4ac461fb052700,118 911 334 426 858 940 201 511 425 847
a730e02f2e08a5f4,861 123 810 784 608 519 692 654 159 426
37670e5700cae6f8,37 819 874 348 195 115 830 847 518 812
3ff98a9d5a57e568,331 361 195 921 334 713 425 116 88 841
d17f5305dbdad72e,921 847 126 974 415 115 692 182 305 699
2a95b5fecdfeb5bf,195 812 273 205 710 831 857 610 941 566
6b549c3393524903,973 126 617 281 643 389 111 877 857 847
4f95c441ff003982,116 494 983 201 1 469 671 710 824 812
914feef1888a8ac5,98 116 921 288 6 147 710 831 494 864
62f8a3cca3fd3e8e,692 952 864 25 335 612 583 54 490 197
1cdf0974b46fe320,118 941 361 98 753 201 333 195 559 306
efa55b16e988f0d3,678 377 415 831 453 834 389 909 805 425
774d2ad8f0754133,201 377 361 858 426 88 331 195 941 98
e815cbdf8f3b7532,116 557 425 67 537 812 381 599 831 973
6e28c906f1431f70,927 312 98 779 130 377 698 1016 361 857
7221ef5e1f3f3d98,831 858 120 201 210 116 671 2 294 441
c3884132f0c104c1,516 333 921 242 860 819 361 37 434 331
091f626eada644bc,172 617 631 526 908 739 126 185 812 840
cf71adc748001d5c,941 831 88 195 294 153 98 425 851 331
8d6772b000b24b96,814 200 692 304 305 532 194 421 453 37
13e462fe27e3aad4,286 779 209 759 1016 98 557 163 377 402
05986fed2036deb6,306 147 426 819 195 421 88 425 874 165
93d8b0f58fe50939,195 549 841 753 453 153 974 88 331 819
37ef929d243814b7,519 191 426 549 713 98 306 74 532 377
fc99673679cda34d,461 1016 312 927 241 549 840 165 841 67
66a204a6d1a25d66,130 165 1016 897 9 469 118 241 389 294
f2882a5c8ddc9edf,98 130 165 657 897 477 294 377 312 244
4223978ba5a2d003,692 1023 639 265 174 657 788 432 98 840
3f7287c4efdc071a,286 671 650 693 565 882 294 210 824 557
2da1202c8fb03c96,67 671 116 195 897 469 88 461 361 657
f27682968e15a737,952 382 195 425 6 377 426 831 294 549
d79ee9ffe21c843d,671 98 377 516 294 361 657 312 864 461
e8074186d08be19b,377 831 453 98 779 909 88 425 645 851
6678c8576dbc4656,88 334 426 549 210 201 832 377 453 425
2b193a2b252dc707,439 469 927 377 195 88 98 753 638 130
e3e8149d5fe959ae,88 98 797 559 116 549 1019 519 415 118
793aa7aca0574848,361 453 516 377 334 753 2 549 415 458
f5ead67bb16d9fc5,819 532 654 123 118 37 519 784 435 605
70c13f731b42019c,819 288 974 453 874 645 566 458 361 814
8a0f33804de33e90,941 118 858 458 840 415 453 16 549 172
e8be1bf5eefe8c6b,306 670 874 518 532 479 534 847 447 913
e8af01463a870962,235 98 334 234 453 88 308 425 195 502
e8442cc5576bb932,306 921 847 819 118 511 426 242 288 753
e2fb1eb3eeb20f82,650 67 858 241 897 10 199 286 781 941
e6a807d002b59dda,98 638 88 469 645 425 983 116 654 415
3f0a9a993abea594,559 921 288 453 415 19 569 566 205 814
5a33313f93274886,657 469 1 17 353 477 650 1019 165 549
e7a9bec435cdc09b,650 927 312 241 1016 130 165 477 897 374
0f8e8484e0c1cef5,671 650 877 638 98 1016 195 857 897 118
521093b8a04575aa,477 120 964 312 418 549 234 201 779 753
65eb41dbb4bec987,377 312 1016 165 897 927 469 294 877 389
d142021c68e613d5,306 88 519 118 645 415 819 549 952 453
a24264a7da99b75b,941 396 212 179 367 773 89 82 565 245
76a17206045a23a4,118 286 779 857 767 897 752 141 234 769
e293efc6623628cc,306 91 512 753 645 610 331 421 67 454
bcf6e492e268a99b,334 692 612 831 165 897 362 88 927 657
8bb6da4e0bf3f5aa,952 559 306 798 118 519 119 453 753 443
eecaf5a05dc02a3d,974 74 133 415 819 115 693 654 814 533
024e05ce64b380b5,425 195 779 234 941 198 453 334 418 98
11f446c42a4ebba2,671 657 552 693 754 116 527 880 418 567
f91cb2bd1c236997,941 361 645 306 841 453 239 831 566 369
aefda93c9b788c61,288 462 921 223 830 516 415 831 1021 960
8ddc27e108cd5d16,88 377 234 425 116 67 334 819 22 64
cd79869393f72b1c,331 805 172 154 294 200 840 779 132 98
207866fe1561aad9,591 107 88 306 827 195 778 98 248 864
47e0c29af22070aa,334 201 821 518 492 453 29 735 126 133
52e56158a8deea8e,921 288 551 795 512 532 777 558 184 441
85228e9fe65c4316,638 628 831 377 941 565 389 245 111 729
0eeb4360bd3591a2,779 67 425 441 130 897 841 597 334 771
237fab6434bbb95f,831 477 439 118 629 973 927 788 195 275
8405a12f945ce6ff,306 195 582 469 216 328 846 132 739 925
a5c5f39a9a3fa245,195 88 334 831 64 469 657 361 751 693
a546b3640d14738a,864 453 88 116 671 425 288 921 831 309
1cb99e0e98ed0e78,312 116 334 941 565 210 439 693 858 779
3373714f0a0f9fcd,810 779 671 213 334 329 713 395 613 661
6e5b99c4dbee797f,941 650 120 858 671 549 116 964 453 154
5d0e590aa34d2e98,458 519 205 304 200 921 532 974 693 288
7c1a8fb0071d319b,821 126 610 425 133 64 290 453 19 159
5831b1248335bb41,347 862 273 195 201 425 318 22 67 683
f63528e7bff0992c,273 205 831 857 195 425 99 752 941 469
461afa24f8e3ce15,195 377 88 116 516 294 334 650 469 461
97fcb3deabb98677,98 453 425 153 819 377 519 236 306 67
d1657df8b711ebad,821 610 201 819 64 334 159 195 500 549
12f4db445724b65d,877 294 698 941 64 195 98 118 364 693
884bc976840298d5,195 921 361 172 306 98 840 812 88 643
d41709c2cb4553ef,88 663 453 921 331 831 779 841 941 713
54cf6c349ee60fb2,453 306 921 91 909 974 645 74 195 32
faac11b4413cdcf6,115 453 731 566 756 396 820 123 983 518
2315b07c42f1d5fd,230 983 519 98 74 532 974 415 290 751
6e43bbb716098f75,753 191 549 426 195 645 29 306 74 519
7c6767a9a15b12c3,941 426 840 657 195 275 549 191 331 425
fe6dd2ec383e0a9b,195 819 469 32 98 377 645 661 753 757
f8c4db6796507946,782 377 649 117 567 17 234 469 116 1016
4a9dc59e2ad65d59,361 559 532 458 645 549 693 37 331 306
6dd4087fc6de1514,475 377 98 897 88 648 739 877 993 779
dd05348fc2b0d6c5,425 98 831 469 377 918 739 328 582 216
9c7962ccc539915b,819 830 874 753 37 453 814 518 462 200
e347e5466fb747f4,710 516 98 519 499 141 819 361 173 645
86669f13d411f39e,805 405 25 116 172 245 993 823 401 398
791bc4cd2a5e1938,98 116 331 118 779 306 67 983 453 906
eb17815d92fee4f1,334 813 361 432 549 441 943 191 428 692
88e689507b586800,98 118 671 638 116 331 248 877 927 698
44beee3765d9a630,817 583 559 369 458 808 163 516 154 361
5ffd66fc399ca320,645 361 519 453 559 153 64 819 458 940
1a04fe36cfdf314f,331 927 711 355 941 115 130 516 605 623
4ad83ef04b1174aa,831 952 306 19 798 929 583 516 118 519
20168cddf2a2a9f8,98 215 9 759 910 362 626 99 698 454
aec812c94f72b6e2,753 518 821 819 236 415 960 426 200 645
62811fe82d1075af,645 334 453 426 210 831 88 753 671 858
db58f241b8fe180f,115 591 383 731 306 853 921 182 1021 288
d48d534420188429,331 831 116 877 118 235 927 389 824 671
cdf573f6874a9eb8,713 235 331 654 195 88 205 941 532 743
1fb1a3580b5f597b,195 453 426 549 91 532 306 441 841 118
7d9dce8e42786add,638 815 312 477 565 800 248 336 986 245
214e8f911ad5941d,475 234 98 784 389 698 88 331 439 837
fb53507f621014be,797 416 680 940 563 832 654 652 201 661
19b88e83c1d2b416,306 172 133 801 814 20 532 528 731 180
12c47bbb92c758ca,534 670 306 288 921 1021 453 753 37 847
dd5b1e12444a35fa,519 195 645 306 453 88 361 559 377 608
10eacbf4706a0b76,1019 184 325 970 22 874 921 288 453 195
c291cd6120f15e9f,377 195 671 67 294 118 1023 650 779 952
f2ac2d0286a5ee5d,877 698 671 286 583 245 461 234 98 561
36b32d3fb7108fa7,165 377 897 927 130 857 312 638 698 286
bd08e3e3a81ee894,962 17 6 530 983 663 640 333 352 654
1c736850172d8ffb,426 840 415 952 821 757 118 831 153 812
366f17a31cc80b23,897 67 286 331 199 241 10 310 657 781
4af38da32362448e,118 195 439 275 629 831 788 973 650 377
c6879b10e0f49285,941 88 118 361 927 216 294 650 98 273
3f98efaccb7285d3,426 453 306 549 753 361 210 37 831 98
3e361907547ea470,849 693 638 234 726 58 203 954 588 730
25957b472310e164,650 753 692 201 927 678 549 120 858 418
bdb250ccdf35f816,671 461 312 572 130 583 98 377 143 927
0b82e8b4b23e28ab,897 779 864 638 513 753 693 941 906 597
22bb1bd149c1f9b0,671 533 650 927 559 389 205 952 518 461
47c6d0705686f20d,98 172 334 67 180 962 638 281 425 322
eaa1e0f8e80855c3,195 831 334 425 294 67 927 361 234 549
2ca35ed7eee5735a,657 927 331 477 351 654 17 1018 983 180
ec599b1fd5d4772e,821 851 334 294 549 201 120 952 769 118
2b8c4da1d1a4720b,650 698 98 927 461 877 779 312 99 377
fb83afa9ad4a5841,195 67 425 453 692 361 831 941 234 519
9cc82d9062920136,306 453 819 37 566 288 902 617 913 967
927188d2422e04ca,331 294 116 571 98 608 454 569 118 831
191f65d9224571ef,941 453 857 645 369 569 331 897 210 779
2738644e17b37625,671 377 389 628 439 927 638 245 111 729
574582ebeac42401,653 453 645 331 415 559 195 516 753 821
fba223739dabd3a0,361 519 91 441 617 195 331 1021 453 653
d9d892261097323d,377 88 67 361 425 516 334 858 941 671
8cad6a52269f6f25,326 944 435 431 779 710 267 409 74 195
7b630f1027394cce,74 64 306 195 692 453 499 281 118 147
dbcb9dca14965b6d,377 671 245 209 692 612 941 241 638 165
d87ff10503287a0e,474 880 336 58 273 834 552 857 638 877
b992d68961f141e5,334 415 779 377 516 502 278 133 191 566
150ddbe2d8052825,454 9 362 910 626 824 130 215 779 671
c8663b23d8681ed0,693 671 477 98 353 402 831 557 650 599
51dc970126b8fd6e,98 650 377 461 1016 312 657 864 361 165
c8a553d4649d7371,331 645 753 559 713 654 549 441 458 532
76713ed8a2191e30,195 492 551 281 465 812 952 692 118 756
6363301281065573,797 174 425 608 692 882 461 599 779 334
157650cd18891b0d,453 425 98 195 377 877 241 116 927 331
edda057f9256f514,453 334 361 779 516 515 921 812 827 118
4ed3dd6b52abf94f,377 671 425 64 831 808 461 116 389 361
1ec876eaf5c589c6,133 74 126 19 792 610 110 710 670 64
c785e944260ceb1a,425 831 906 195 88 334 557 779 458 306
287b9f86e4831c24,248 294 116 98 382 234 385 864 941 638
1cb45328bf18a11c,425 840 361 453 858 779 172 116 16 571
44db2e54f9938864,638 98 201 425 331 294 877 210 235 941
3e38a38ea7f8f445,154 118 849 98 557 67 88 245 671 126
3e1bb579328fd2c7,671 549 418 927 116 120 941 964 389 692
b8017ec132f2e947,143 650 118 389 671 1023 927 9 552 312
24c2cbf18d82d6ce,777 425 415 29 126 739 334 974 831 19
8db4097344770e8b,453 840 941 516 361 331 195 415 64 882
64520c46a714d90d,74 974 306 236 864 453 518 126 821 819
9625a666d010de57,638 678 650 952 606 559 552 522 815 858
420338047dffc6d9,331 941 294 195 118 858 377 516 769 88
a8a72bfcd641338d,415 195 983 361 999 1021 617 126 98 74
a92690fc4692f5ec,650 165 312 897 98 241 377 130 877 1016
88d7b853cabe386d,941 549 831 120 992 294 911 308 98 210
1b0acb72b064c4cf,461 98 130 248 1016 477 25 165 925 377
9d8821d7c8d66032,453 334 306 571 425 105 192 326 909 910
870ea0cc9702ba27,941 98 657 425 118 831 306 638 779 516
8128b6bc8c5174bd,645 37 519 195 713 361 654 1021 510 418
bcf7104504765242,877 98 492 179 217 831 572 263 361 239
9624c5cb959b5718,98 165 927 9 1016 1 925 248 469 118
d03ac84b94c80c75,461 583 897 877 927 310 245 626 389 650
d5bac8e4d996a42f,116 195 612 692 941 454 453 64 234 779
93fa308a947bc759,322 248 855 882 165 645 661 195 98 425
9826bb4703f8b439,671 1016 650 858 857 461 698 927 165 389
1671cae0908b76f3,120 549 415 769 831 426 862 334 821 858
de1e91abeef370bf,453 195 782 23 520 753 153 415 779 126
03bfce9923ef19f5,377 657 331 671 306 864 98 877 353 248
e53203435161b9be,312 897 469 98 927 165 130 214 477 389
2b8f9cfc09d8b43a,98 322 877 1001 781 1016 572 389 309 132
ebce028639252afd,37 819 64 830 348 974 334 847 115 421
9493210531ec0e9d,236 421 610 22 309 453 195 334 784 454
90d8d8bfbc69e1fa,165 1016 461 650 312 572 1 98 248 649
ef4aa26d1069ec2b,306 458 115 753 415 819 921 693 331 974
60661dab4384bab0,353 1023 509 294 435 361 858 251 867 862
01efaa88c9bba998,1016 98 557 312 241 377 118 650 353 369
eb822850c8bd30fa,195 273 88 415 812 469 205 98 99 566
e55f03357129c349,98 425 831 377 334 663 306 116 941 645
739cdf9c40f1a276,877 98 377 650 857 927 698 897 831 638
8caf03d9c769c4c8,461 98 165 897 1016 377 312 67 657 1
c048f4a355d28bed,671 650 98 692 453 377 116 361 882 941
d50661fca441baac,779 98 941 67 88 516 361 118 195 692
26f627663ac33646,9 461 650 98 312 1 572 241 877 248
f970bfac41da3978,500 133 282 909 159 306 713 426 653 921
