reaction_id,pred_solvents,pred_temp_bin,pred_time_bin,pred_catalyst_present
RXNTEST_a327d3366a73,O1CCOCC1,hot,overnight,1
RXNTEST_5224021c644e,NONE,room,short,0
RXNTEST_6324d6227efe,NONE,hot,medium,1
RXNTEST_3f142ce69661,N1=CC=CC=C1,room,long,0
RXNTEST_dd246fb53fae,O,hot,long,1
RXNTEST_5085f8594904,C1CCOC1|O1CCCC1,cryogenic,short,0
RXNTEST_28f8f297345f,NONE,room,medium,0
RXNTEST_e0f8818756de,CO,room,long,0
RXNTEST_ae275c9326e3,C1CCOC1,room,overnight,0
RXNTEST_6b982d4db4db,C1CCOC1,cryogenic,short,0
RXNTEST_02592bd05650,C1(=CC=CC=C1)C,hot,short,1
RXNTEST_8a71c30e866c,O1CCOCC1,hot,short,1
RXNTEST_107a84d6bec5,CO,room,short,0
RXNTEST_0497027ef1e0,CN(C)C=O,hot,long,0
RXNTEST_123fa77f0694,NONE,room,long,0
RXNTEST_83c26994ed09,C(Cl)Cl,room,short,0
RXNTEST_2fda428aae63,O1CCOCC1,hot,medium,1
RXNTEST_54758096fd90,C(C)O|CO,room,medium,1
RXNTEST_762888697778,CN(C)C=O,hot,long,1
RXNTEST_54775e13ddbc,CN(C)C=O,hot,long,0
RXNTEST_08a59a92746e,CN(C=O)C,hot,long,1
RXNTEST_a7722c2d35c4,C1CCOC1,room,long,0
RXNTEST_e81a09233705,NONE,warm,short,0
RXNTEST_603ef50287c4,NONE,warm,short,0
RXNTEST_3c012261f400,NONE,room,medium,0
RXNTEST_7cea15e3beec,NONE,hot,long,1
RXNTEST_3ec6152d0364,NONE,warm,medium,0
RXNTEST_11819be34896,CN(C)C=O,room,long,0
RXNTEST_6e1acf58ccff,CN(C)C=O,room,overnight,0
RXNTEST_f9387eecc8d2,NONE,hot,medium,0
RXNTEST_a62641eef27c,C(Cl)Cl,room,short,1
RXNTEST_23df76c1c402,CO|C(C)O,cold,short,0
RXNTEST_a13e62632047,O1CCOCC1,hot,long,1
RXNTEST_5ce0f499cd51,O1CCOCC1,hot,long,1
RXNTEST_fdd929b4cbd4,NONE,room,long,0
RXNTEST_28b8c5311595,NONE,room,long,0
RXNTEST_30bb1710bff4,C1CCOC1,room,short,0
RXNTEST_63f6dacfe150,C1CCOC1,room,short,0
RXNTEST_d41973f40789,C(Cl)Cl,room,short,0
RXNTEST_140cd56cdfe6,C(C)#N,room,short,0
RXNTEST_01683ff5843c,CN(C=O)C,room,long,0
RXNTEST_ed5a48cf6e36,CO,room,overnight,1
RXNTEST_49c24eb5fa5a,C1CCOC1,cryogenic,short,0
RXNTEST_7b08b8bde54a,NONE,hot,long,1
RXNTEST_f0614eb3957d,C(Cl)Cl,room,short,0
RXNTEST_3d74f7c788ef,NONE,hot,long,0
RXNTEST_6ae70e292358,CN(C)C=O,room,long,0
RXNTEST_2b79b71e5619,C1CCOC1|O1CCCC1,room,short,0
RXNTEST_a3e47510a728,ClCCl,room,short,0
RXNTEST_9ee0ae1d1384,ClCCCl,room,short,0
RXNTEST_fe4b7dfb6c38,NONE,hot,short,0
RXNTEST_b41cd98477df,NONE,hot,long,0
RXNTEST_7686e819b64c,C(Cl)Cl,room,long,0
RXNTEST_869b3c2f73e9,NONE,room,medium,0
RXNTEST_910982790073,NONE,room,long,0
RXNTEST_f940e7b0452f,CO,cold,short,0
RXNTEST_e21777fc7859,C1(=CC=CC=C1)C,hot,short,1
RXNTEST_92d71c021dcc,NONE,room,medium,0
RXNTEST_d23ecc953726,C1CCOC1|O1CCCC1,cryogenic,short,0
RXNTEST_e83656b07b1d,O1CCOCC1,hot,short,1
RXNTEST_6f21e30a16ac,C(C)#N,room,long,0
RXNTEST_3f1441b9cccc,NONE,room,overnight,0
RXNTEST_c35fdadacfe8,CN(C)C=O,warm,long,0
RXNTEST_464ffc255db7,CO,room,short,1
RXNTEST_53d696e9f08d,O1CCOCC1,warm,short,1
RXNTEST_4decc8837faf,CN(C)C=O,room,short,0
RXNTEST_0330af2cfdbf,O,hot,overnight,1
RXNTEST_38cc680c3110,C(Cl)Cl|ClCCl,room,short,0
RXNTEST_1fe09a012e95,CN(C=O)C,room,short,0
RXNTEST_750c58b9ba7f,NONE,hot,long,1
RXNTEST_d068397090cd,C1CCOC1,room,overnight,0
RXNTEST_a1a31980f7ff,NONE,room,short,0
RXNTEST_80c70071417c,NONE,room,medium,0
RXNTEST_7053a7ac5497,O,hot,short,1
RXNTEST_381b13c6c670,CO,room,long,1
RXNTEST_3b05de3f5e7b,CN(C)C=O,room,short,0
RXNTEST_720ac86a14ad,CO,room,medium,0
RXNTEST_06d0967be1c1,CN(C=O)C,room,very_long,0
RXNTEST_bd18c2da6d79,ClCCl,room,short,0
RXNTEST_dd65ae94656c,C(C)O,hot,short,0
RXNTEST_2dca760ae60b,ClCCl|C(Cl)Cl,room,short,0
RXNTEST_8032c851c3d7,CO,room,short,1
RXNTEST_df4af350cdda,CN(C=O)C,room,long,0
RXNTEST_59b1a7297022,CO,room,long,0
RXNTEST_b5a75b493202,O,warm,long,0
RXNTEST_b0355a7765ec,C(Cl)Cl,room,short,0
RXNTEST_93bc44521717,C(Cl)Cl,room,short,1
RXNTEST_caa0a1df8f7f,CN(C=O)C,room,long,0
RXNTEST_4e366994112b,CN(C)C=O,room,short,0
RXNTEST_11bcfb74d5ec,C(C)O|CO,room,medium,1
RXNTEST_eb9fa07f948a,NONE,room,short,0
RXNTEST_804ba41a5fce,O,hot,medium,1
RXNTEST_2b614cf090c8,C1CCOC1|CN(C)C=O,warm,short,0
RXNTEST_f46437a04c07,ClCCCl,room,long,0
RXNTEST_ae5dea13e2f9,CN(C)C=O,warm,overnight,0
RXNTEST_660ef32725ee,NONE,room,short,0
RXNTEST_cd5bdbdf9766,ClCCl,room,long,0
RXNTEST_309b60af3a07,O1CCCC1|C1CCOC1,cryogenic,short,0
RXNTEST_c47f8b2c96cc,O1CCOCC1,hot,long,1
RXNTEST_ac1243b5aac6,CO,room,long,0
RXNTEST_9f3d86cc48e7,NONE,warm,short,0
RXNTEST_fee2c3407ed8,NONE,hot,long,1
RXNTEST_95b75490b6cb,NONE,room,medium,0
RXNTEST_0ee6469550cd,C(C)O,warm,short,0
RXNTEST_bdd4acdfde8d,NONE,room,medium,0
RXNTEST_d6f1f7f93ce9,C1CCOC1,hot,long,1
RXNTEST_12ff73ac815d,C1CCOC1,room,short,0
RXNTEST_a0df251dc880,C(Cl)Cl,cold,medium,0
RXNTEST_4d5479d66aad,C1CCOC1,room,short,0
RXNTEST_9cf4f13e050b,ClCCCl,room,long,0
RXNTEST_50f257498a40,NONE,hot,short,0
RXNTEST_0a3eb30bfe0c,CO,cold,short,0
RXNTEST_499b39043184,CN(C)C=O,hot,short,0
RXNTEST_8b789c44e98b,CN(C)C=O,warm,long,0
RXNTEST_b3b143713a23,O1CCCC1,room,short,0
RXNTEST_2598770cc0de,CN(C)C=O,hot,long,0
RXNTEST_d26514b285a1,C(C)#N,room,short,0
RXNTEST_5e49be121d7b,C(Cl)Cl,room,long,0
RXNTEST_9ce1ff56a6b9,ClCCl,room,medium,0
RXNTEST_8f5aa3d4134c,CN(C)C=O,room,overnight,0
RXNTEST_d772c55a9c42,CN(C)C=O,room,short,0
RXNTEST_dc056f9352de,O1CCOCC1,hot,long,1
RXNTEST_6722d211a287,O,hot,short,1
RXNTEST_76a828310439,CO,warm,short,0
RXNTEST_39993431cb3e,NONE,hot,medium,0
RXNTEST_2258591e1a0b,CO,hot,short,0
RXNTEST_65c01558e1a9,O,hot,long,1
RXNTEST_1d819c212e87,C1CCOC1,cold,long,1
RXNTEST_4a4fa01da763,C1CCOC1|C(Cl)Cl,room,short,0
RXNTEST_3d695077791c,C(Cl)Cl,room,long,0
RXNTEST_ea20c7328b66,NONE,room,short,0
RXNTEST_056aaeef39de,CO,room,overnight,0
RXNTEST_04b6c9d9a216,CN(C)C=O,room,long,0
RXNTEST_2bd0ae7dc402,C(Cl)Cl,room,short,0
RXNTEST_a781dff4b45d,C1CCOC1,cryogenic,short,0
RXNTEST_408b79326e0a,C1CCOC1,room,short,0
RXNTEST_80da49aff3d1,CN(C)C=O,warm,long,0
RXNTEST_c981c3e2d99e,O,hot,short,1
RXNTEST_f269302a8ff8,CO,cold,short,0
RXNTEST_1068e28ec6b6,O,hot,short,1
RXNTEST_a8af0e55ef16,NONE,hot,medium,0
RXNTEST_b2f45a5565e9,CN(C)C=O,hot,medium,0
RXNTEST_697c26b0a39e,CCO,hot,long,0
RXNTEST_5a140358b305,O1CCOCC1,hot,long,0
RXNTEST_8b1be4ab2539,NONE,warm,overnight,1
RXNTEST_c957be113345,CO,room,medium,1
RXNTEST_f40aebd262cb,CN(C)C=O,hot,long,0
RXNTEST_39a4464ace36,CN(C)C=O,room,long,0
RXNTEST_ede9068172b5,O1CCOCC1,hot,short,1
RXNTEST_676e7206c665,O,hot,long,1
RXNTEST_8beb3a6480ac,O|O1CCOCC1,hot,short,1
RXNTEST_72dd82db7381,CN(C)C=O,room,short,0
RXNTEST_4817d70d5d1c,NONE,warm,short,0
RXNTEST_d0a04caaf0d0,C(Cl)Cl,room,short,0
RXNTEST_429b38fbf0b7,CN(C)C=O,warm,long,0
RXNTEST_819a78bbd407,C1CCOC1,room,short,0
RXNTEST_d52a4a0cb654,NONE,hot,short,1
RXNTEST_a786032de049,NONE,room,overnight,0
RXNTEST_19bcb1a9518e,NONE,room,short,0
RXNTEST_0763c606daf8,C(C)O,warm,medium,1
RXNTEST_87d3d8df5cd1,CN(C)C=O,room,long,0
RXNTEST_6b9814e80d99,C(Cl)Cl,room,short,0
RXNTEST_e7cf308f559f,ClCCl,room,short,0
RXNTEST_674032011990,C(Cl)Cl,room,short,0
RXNTEST_92452e8ff851,NONE,hot,medium,0
RXNTEST_7fe994c602f5,C1CCOC1,warm,short,0
RXNTEST_21dca74dd91e,NONE,room,short,0
RXNTEST_7d5c88be7aaa,NONE,room,short,0
RXNTEST_ca812f1bd57f,C(Cl)Cl,room,short,0
RXNTEST_094aec21e442,NONE,room,long,0
RXNTEST_ed3ef085be37,NONE,hot,long,1
RXNTEST_a176a34379f1,O,hot,short,1
RXNTEST_3de6a54fc5e3,O,hot,short,1
RXNTEST_defd011b6fce,C(C)O,room,short,0
RXNTEST_e4b802dc1a5d,NONE,room,short,0
RXNTEST_c296cfab6047,ClCCCl,room,long,0
RXNTEST_2c7e20fecef2,O1CCOCC1,hot,short,1
RXNTEST_92a178a0620a,NONE,room,short,0
RXNTEST_35930aee8012,C1(=CC=CC=C1)C,hot,short,1
RXNTEST_92ee6f340215,NONE,room,long,0
RXNTEST_eb02317c3c35,CO,room,medium,0
RXNTEST_60c1c329d54f,NONE,hot,medium,0
RXNTEST_b9ad00f6c3b3,CO,cold,short,0
RXNTEST_6911f0173adb,C(Cl)Cl,room,short,0
RXNTEST_d2c96a8823be,CN(C)C=O|O1CCOCC1,hot,short,1
RXNTEST_efc55e3e9134,NONE,room,medium,0
RXNTEST_f54652411108,NONE,hot,medium,0
RXNTEST_e0a66d049fe8,NONE,hot,long,0
RXNTEST_6e67d041922b,C1CCOC1,room,short,1
RXNTEST_2ee99fc212d9,C(Cl)Cl,room,overnight,0
RXNTEST_83eaff44174b,CN(C)C=O,room,long,0
RXNTEST_0a1070b9d987,NONE,room,short,1
RXNTEST_9f89c35e7ed4,NONE,hot,long,1
RXNTEST_7ce3a10526f0,NONE,room,short,0
RXNTEST_eb1aeff293d4,C(Cl)Cl,room,short,0
RXNTEST_65beef1b7ef8,C1(=CC=CC=C1)C,hot,long,1
RXNTEST_9f2925cc101d,C1CCOC1,hot,short,1
RXNTEST_d837e11ec786,NONE,hot,short,0
RXNTEST_163f1ad5ca8f,CN(C)C=O,room,long,0
RXNTEST_84936b27ccd1,CO,warm,overnight,0
RXNTEST_ed0bfec5ce6c,C(C)#N,warm,long,0
RXNTEST_8e85e6bb2f9b,NONE,warm,long,0
RXNTEST_245eada0b19a,CN(C)C=O,room,short,0
RXNTEST_1669d25722cb,C1(=CC=CC=C1)C,hot,long,1
RXNTEST_18dbf76d57dc,CN(C=O)C|CN(C)C=O,room,short,0
RXNTEST_432e60f25521,NONE,warm,medium,1
RXNTEST_8ecb8bc620f5,CO,room,long,1
RXNTEST_abbb8512211b,CN(C=O)C,warm,short,0
RXNTEST_b160a4f4a4fa,C(C)O,room,short,0
RXNTEST_b497f1910a8a,CN(C)C=O,room,overnight,0
RXNTEST_c66fe6d50c4a,NONE,warm,long,0
RXNTEST_0309a80364c8,C1(=CC=CC=C1)C,room,overnight,0
RXNTEST_385177cd4b9b,C1CCOC1,room,very_long,0
RXNTEST_3d441d4096da,C1CCOC1,cryogenic,short,0
RXNTEST_03895dea569f,CO,room,medium,1
RXNTEST_e9443d640493,CN(C)C=O,hot,short,0
RXNTEST_e84efe08aac5,C(Cl)Cl,room,long,0
RXNTEST_5cfd8b039a39,C1(=CC=CC=C1)C,warm,short,0
RXNTEST_6b7db5db64d9,C(Cl)Cl,room,short,0
RXNTEST_c1db275159cd,O,hot,short,1
RXNTEST_cddf11f7677c,CN(C)C=O,room,long,0
RXNTEST_9203d90ce728,C1CCOC1|O1CCCC1,cryogenic,short,0
RXNTEST_dac921b57950,O,hot,long,1
RXNTEST_45ecdfd8e037,C(Cl)Cl,room,short,0
RXNTEST_9596b99dc68c,NONE,room,short,0
RXNTEST_9914045f3d85,C1(=CC=CC=C1)C,hot,long,1
RXNTEST_eae33a0203d1,CO,room,short,0
RXNTEST_73153bbf1aa3,O,room,overnight,0
RXNTEST_11b60aac1a0b,ClCCCl,room,overnight,0
RXNTEST_f80d246a9aa0,CC(=O)C,room,short,0
RXNTEST_66694dcf7041,CN(C=O)C,hot,long,1
RXNTEST_b3dafed4a069,C(Cl)Cl,room,short,0
RXNTEST_4158df275286,CN(C)C=O,room,overnight,0
RXNTEST_ad3766d20e6f,CN(C)C=O,room,medium,0
RXNTEST_3af2e3e3e065,CN(C)C=O,room,long,0
RXNTEST_bbaa4f19c612,C(Cl)Cl,room,long,0
RXNTEST_18dfe1f08ad7,CN(C=O)C,room,long,0
RXNTEST_1e698b069285,C1CCOC1,room,short,0
RXNTEST_28389b4a9d7e,CO,cold,short,0
RXNTEST_8f7dbb308367,C1CCOC1,cryogenic,short,0
RXNTEST_389336034fb4,O1CCCC1,room,short,0
RXNTEST_534453e5ec17,CN(C)C=O,hot,short,0
RXNTEST_876d1cdca5e1,O1CCOCC1,hot,short,1
RXNTEST_f234af9543ba,C(Cl)Cl,room,short,0
RXNTEST_ca35dd58f499,NONE,hot,short,0
RXNTEST_32d2fc25c160,NONE,room,short,0
RXNTEST_c00a843296d6,CN(C)C=O,hot,short,1
RXNTEST_6347179e68a4,CO|O,cold,short,0
RXNTEST_6fadc78774a8,CO,room,overnight,0
RXNTEST_5cefd878a767,CO|C(C)O,room,short,1
RXNTEST_3bfede3883fc,CN(C)C=O,hot,long,0
RXNTEST_0b08b76a17e5,O,hot,long,0
RXNTEST_6226a1265ccd,CO,room,very_short,0
RXNTEST_100aa2c75ab3,NONE,room,medium,0
RXNTEST_c01603a19333,O,hot,short,1
RXNTEST_9f4d3ebe98ba,NONE,room,overnight,0
RXNTEST_64099b6af784,C(Cl)Cl,room,overnight,0
RXNTEST_80d73b4872ca,ClCCl,room,short,0
RXNTEST_6a4c2faa12f1,CO,room,short,0
RXNTEST_65adf3ed17d6,CN(C)C=O,hot,short,1
RXNTEST_76bcf87d24c0,C1(=CC=CC=C1)C,hot,long,1
RXNTEST_5099b6f4cbb4,CN(C=O)C,room,long,0
RXNTEST_a703f681bff6,NONE,room,medium,0
RXNTEST_ddc5e3343e4a,C(Cl)Cl,cold,long,0
RXNTEST_5ae0e59498c6,C1CCOC1,hot,short,0
RXNTEST_459288de057b,ClCCl,room,short,0
RXNTEST_704c751bd15f,NONE,hot,long,0
RXNTEST_c26a59570e32,C(Cl)Cl,room,overnight,0
RXNTEST_d7b7c4d943d6,C1CCOC1,room,medium,0
RXNTEST_5acdf11f5629,C1CCOC1,cryogenic,short,0
RXNTEST_5c77fc02a042,O,hot,long,1
RXNTEST_af5c0defc2e3,O1CCOCC1,hot,short,1
RXNTEST_a307f42d09f2,C1CCOC1,warm,long,0
RXNTEST_3175b8942a00,C(Cl)Cl|ClCCl,room,short,0
RXNTEST_a0aabeb8cf73,CN(C)C=O,hot,long,0
RXNTEST_87f97e3a2db7,NONE,warm,short,0
RXNTEST_c4192f5e780e,ClCCl,room,short,0
RXNTEST_4d9327f62fae,C1CCOC1,cryogenic,short,0
RXNTEST_046db945d79e,CN(C)C=O,hot,overnight,1
RXNTEST_8ce36aca9702,NONE,room,short,0
RXNTEST_fcfc21ccdd7b,NONE,hot,long,0
RXNTEST_8af322048c48,O,room,short,0
RXNTEST_7c9644ae14ea,CN(C)C=O,warm,long,0
RXNTEST_b4d700294a41,O1CCOCC1,hot,long,1
RXNTEST_5a386da53080,CN(C)C=O,hot,long,0
RXNTEST_7d555853dd53,CN(C)C=O,room,overnight,0
RXNTEST_8bdd60838436,C1CCOC1,cryogenic,short,0
RXNTEST_c237ffe1173c,C1CCOC1,room,medium,1
RXNTEST_55c130b03046,NONE,room,short,0
RXNTEST_32d56937b60f,C(Cl)Cl|CN(C)C=O,room,short,0
RXNTEST_b1a4b78f348a,CN(C)C=O,hot,medium,1
RXNTEST_afe17cd02da6,NONE,hot,medium,0
RXNTEST_d385e9e1d98e,N1=CC=CC=C1,room,medium,0
RXNTEST_081744479c14,NONE,hot,medium,1
RXNTEST_7b0329ed9f0b,O1CCOCC1,hot,long,1
RXNTEST_444c18c81473,ClCCl,room,short,0
RXNTEST_f5a1f9062536,NONE,room,very_long,0
RXNTEST_0f67d7bca736,CN(C)C=O,warm,short,0
RXNTEST_db7048d7fddc,C1(=CC=CC=C1)C,warm,long,1
RXNTEST_416444de1188,NONE,room,very_long,1
RXNTEST_6ae226f62a8d,C1(=CC=CC=C1)C,hot,short,1
RXNTEST_c4c968eee5c4,C1(=CC=CC=C1)C,hot,short,0
RXNTEST_58eab4ec0e15,NONE,room,short,0
RXNTEST_52f476e5891d,C(Cl)Cl,room,short,0
RXNTEST_c295e8d7733a,NONE,room,short,0
RXNTEST_6081e434ee84,C(Cl)Cl,room,short,0
RXNTEST_cb296023bb98,C1CCOC1,cryogenic,short,0
RXNTEST_2ede59577975,CN(C)C=O,warm,long,0
RXNTEST_32d197fa727c,C1CCOC1,room,overnight,0
RXNTEST_b2581fabf1eb,O1CCOCC1|C1(=CC=CC=C1)C,hot,short,1
RXNTEST_1ddabd648a6b,NONE,room,short,0
RXNTEST_832e1d439b11,CO,room,long,0
RXNTEST_cabf30625ce2,N1=CC=CC=C1,room,long,0
RXNTEST_3ca8f3f67844,CN(C)C=O,room,long,0
RXNTEST_e4ddfc5d0d9c,C1CCOC1|O1CCCC1,cold,short,0
RXNTEST_216f854815e9,C(Cl)Cl,room,short,0
RXNTEST_3fefdf253c46,O1CCOCC1,hot,short,1
RXNTEST_81f07cc9a207,O1CCOCC1,hot,short,1
RXNTEST_e778bec06c55,C1CCOC1,cryogenic,short,0
RXNTEST_63630f3b87a7,CN(C=O)C,hot,overnight,0
RXNTEST_099a361f2f16,CN(C)C=O,hot,long,0
RXNTEST_1bfdbd4c1d8b,NONE,hot,long,1
RXNTEST_3f35d7d18c7a,NONE,room,short,0
RXNTEST_1e5d4aa1b1eb,C(C)#N,warm,long,1
RXNTEST_cadba0a4cf3e,NONE,room,short,1
RXNTEST_2e2479621af6,NONE,cold,medium,0
RXNTEST_a2746b3121ac,ClCCl,room,long,0
RXNTEST_5123dadb887a,ClCCl,room,short,0
RXNTEST_84431fa657b0,C1CCOC1,warm,short,0
RXNTEST_e51dc72f7d9d,C(Cl)Cl,room,short,0
RXNTEST_c3b0475c2d14,O1CCOCC1,hot,medium,1
RXNTEST_2346e21675f2,C1CCOC1,room,overnight,0
RXNTEST_685c01b47b7b,NONE,warm,overnight,0
RXNTEST_4916db8b736d,CO,room,short,0
RXNTEST_d99172b993a9,C(Cl)Cl,room,short,0
RXNTEST_2f094acfe779,ClCCl|C(Cl)Cl,room,short,0
RXNTEST_33c50cecabea,C(Cl)Cl,room,short,1
RXNTEST_4de1e85e3b8f,C(Cl)Cl,room,short,0
RXNTEST_4de0be7bb577,NONE,hot,short,0
RXNTEST_96d78def6bcd,ClCCl|C(Cl)Cl,room,long,0
RXNTEST_dfb39185f73f,NONE,room,short,0
RXNTEST_828cd749962c,O1CCOCC1,hot,long,1
RXNTEST_43421fd386a2,ClCCCl,room,short,0
RXNTEST_cb82da7929b3,C(Cl)Cl,cold,short,0
RXNTEST_f1cc66ed8886,CN(C)C=O,room,overnight,0
RXNTEST_df8ba23b3dea,CO,hot,long,1
RXNTEST_fda22fcba1e7,CN(C)C=O,hot,short,1
RXNTEST_389fcfe2ee84,NONE,room,short,0
RXNTEST_a0bb384206bf,C1CCOC1,room,long,0
RXNTEST_9b00bed51326,C(Cl)Cl,room,long,0
RXNTEST_f649d0c29ec4,CN(C)C=O,room,long,0
RXNTEST_985c31d25582,O,hot,short,1
RXNTEST_410e6713f328,ClCCl,room,long,1
RXNTEST_dc869d6e5ea4,O,room,long,0
RXNTEST_3584d41144e3,CN(C)C=O,room,short,0
RXNTEST_ee9b65afae1e,C1CCOC1,room,short,0
RXNTEST_a38703bb1fda,O,hot,short,0
RXNTEST_4609b9f4cede,NONE,hot,overnight,1
RXNTEST_9a1ddddab8da,O,hot,short,1
RXNTEST_242fa8bbb4de,O,warm,short,0
RXNTEST_d3b964b432ed,C(Cl)Cl,room,short,0
RXNTEST_4d51885876ca,NONE,warm,long,0
RXNTEST_0f32eaa1f052,O,room,short,0
RXNTEST_dd6066d82009,O,hot,long,1
RXNTEST_52d25d8178ca,NONE,room,short,1
RXNTEST_29acc2148682,CN(C)C=O,hot,overnight,1
RXNTEST_ec48b77c1d61,O1CCOCC1,hot,long,1
RXNTEST_eac92d496116,NONE,hot,medium,0
RXNTEST_651e65b2b351,O1CCOCC1,hot,medium,0
RXNTEST_a09b230669be,C(Cl)Cl,room,overnight,0
RXNTEST_5c014706b91c,CO,room,long,0
RXNTEST_c3e6086a9b80,NONE,room,short,0
RXNTEST_cd8c8d74138e,C1CCOC1,room,short,0
RXNTEST_1f11bfc05231,CN(C)C=O|C(Cl)Cl,room,long,0
RXNTEST_6040f09a7803,ClCCl,room,short,0
RXNTEST_c0841c51677b,C(Cl)Cl,room,short,0
RXNTEST_533a0e945a3e,NONE,hot,medium,0
RXNTEST_996382f2f367,C1(=CC=CC=C1)C|O1CCOCC1,hot,long,1
RXNTEST_400a86a8f0e6,NONE,room,short,1
RXNTEST_45fb2e1b584a,CN(C=O)C,room,short,0
RXNTEST_0f897a0a6c01,C(Cl)Cl,room,very_short,0
RXNTEST_d65941146292,NONE,hot,medium,0
RXNTEST_edd8cb9ddfe9,NONE,room,short,0
RXNTEST_0d7a616e25be,NONE,room,short,0
RXNTEST_a7339dd10afc,NONE,room,long,0
RXNTEST_fc73ffa4d2ff,CN(C)C=O,room,long,0
RXNTEST_835d8eff648b,NONE,cold,short,0
RXNTEST_3526fc99e844,C(Cl)Cl,room,short,1
RXNTEST_387c36c5e8f6,CCO,room,long,0
RXNTEST_eee06b158794,O1CCCC1,room,short,0
RXNTEST_3701c9eb77fe,ClCCl,room,short,0
RXNTEST_f147b1421d4a,C(C)(=O)O,room,short,0
RXNTEST_ec33f70378c2,NONE,hot,medium,0
RXNTEST_18203fe91f65,NONE,room,short,0
RXNTEST_7ab81baaaa03,CN(C)C=O,hot,long,0
RXNTEST_4b4a08a8917b,C1CCOC1,room,medium,0
RXNTEST_6b97db9ba250,C1CCOC1|O1CCCC1,cryogenic,short,0
RXNTEST_cb6b3d5a46b2,O1CCOCC1,room,short,0
RXNTEST_1068ff33473a,O,room,short,0
RXNTEST_e86e6303672c,CN(C)C=O,room,long,0
RXNTEST_fc15d6364444,CN(C)C=O,hot,medium,0
RXNTEST_d5e4fea07cb7,NONE,room,overnight,0
RXNTEST_637362c52f96,C1CCOC1,room,short,0
RXNTEST_f13221ebc0fd,CN(C)C=O,room,long,0
RXNTEST_4bb27f7c6717,CO|O,room,long,0
RXNTEST_264cbebc414d,CN(C)C=O,room,overnight,0
RXNTEST_b9f257ac2817,C1CCOC1,room,short,0
RXNTEST_217804cea820,ClCCl,room,long,0
RXNTEST_66838eebcad6,C(C)O|CO,room,short,0
RXNTEST_797a1292b453,CN(C)C=O,room,short,0
RXNTEST_eea9f045b228,NONE,hot,short,0
RXNTEST_52e9f6260c62,C1CCOC1,room,short,0
RXNTEST_4bdd99e45cfe,NONE,cold,short,0
RXNTEST_c4222c86e3b8,CN(C)C=O,hot,short,1
RXNTEST_1b99cba19804,C1CCOC1,cryogenic,short,0
RXNTEST_5119913222b7,C1CCOC1,room,very_short,0
RXNTEST_1ad7f77cea30,NONE,room,short,0
RXNTEST_012ac735d34b,O,hot,short,1
RXNTEST_b0eb5a4c28ba,CN(C)C=O,hot,long,0
RXNTEST_f48623e76859,CN(C)C=O,hot,medium,0
RXNTEST_8d192b69f168,ClCCl,room,short,0
RXNTEST_47b43a2b6811,CCO,hot,short,0
RXNTEST_71ceaa7cd3e1,CN(C)C=O,room,long,0
RXNTEST_2e2ce9981fc1,C1(=CC=CC=C1)C,hot,medium,1
RXNTEST_cc3e5959d590,O1CCOCC1|O,hot,short,1
RXNTEST_0cbf6484fc2e,NONE,cold,long,0
RXNTEST_659a014f46c6,CN(C)C=O,hot,long,0
RXNTEST_fc3f2cf137a1,CN(C)C=O,hot,long,1
RXNTEST_cf8c8a8e375d,CS(=O)C,hot,long,1
RXNTEST_4522a7bb6175,NONE,cold,short,0
RXNTEST_24d2ac612b15,C1CCOC1,room,short,0
RXNTEST_c509e282baee,O,hot,short,1
RXNTEST_5101b51a191d,C1CCOC1,room,short,0
RXNTEST_2ec039d5c690,O,hot,medium,1
RXNTEST_d9eb07d8c4aa,O1CCOCC1,hot,long,1
RXNTEST_7a7394b071dc,NONE,room,short,0
RXNTEST_33c989ff7707,NONE,hot,short,1
RXNTEST_405c40e0d3ce,N1=CC=CC=C1,room,short,0
RXNTEST_d61cceb0bf74,NONE,room,short,0
RXNTEST_c7ea55de0ed1,CN(C)C=O,room,long,0
RXNTEST_11a53a1b69c9,CO,room,long,0
RXNTEST_112cb7ab4f2c,CN(C)C=O,hot,long,0
RXNTEST_4bd848ba35b9,O,warm,short,1
RXNTEST_f3a9635e4ce6,COCCOC,hot,short,1
RXNTEST_a9d692c6ef44,CO,room,medium,0
RXNTEST_e1f8ec46a302,ClCCl,cryogenic,short,0
RXNTEST_a98f37f3637a,ClCCl,room,overnight,0
RXNTEST_0fb19f171f00,C1CCOC1|O1CCCC1,room,short,0
RXNTEST_753de9b13de2,C(C)O,room,short,0
RXNTEST_277d4746be91,CO,room,long,0
RXNTEST_dc08ea47a9d7,CO,room,medium,0
RXNTEST_961b54f36c16,NONE,room,short,0
RXNTEST_76c3804610c6,C(Cl)Cl,room,short,0
RXNTEST_a8f404842ae7,NONE,room,overnight,0
RXNTEST_86a56af0c9c7,C(C)O,room,short,0
RXNTEST_cc32057d9c25,O,hot,long,1
RXNTEST_58bc7ba6cd50,NONE,hot,medium,0
RXNTEST_ba7f644e8e5d,C(Cl)Cl,room,long,0
RXNTEST_8eab51e7fe58,NONE,hot,medium,1
RXNTEST_55a4c8ac83fa,C(C)O,cold,short,0
RXNTEST_0cfc986c10be,C1CCOC1|O1CCCC1,cryogenic,short,0
RXNTEST_4b0301006b92,CN(C)C=O,room,long,0
RXNTEST_a9df204649cb,C(C)O,room,short,0
RXNTEST_c0d5d2362ee7,NONE,cold,short,0
RXNTEST_ee0651fcc94d,C(Cl)Cl,room,short,0
RXNTEST_ef0dd8e4250a,C1CCOC1,cryogenic,short,0
RXNTEST_745509508076,ClCCl,room,short,0
RXNTEST_2546cfb6c9b5,NONE,room,overnight,0
RXNTEST_50cd95083ac1,NONE,hot,short,0
RXNTEST_bf2be228d8ec,NONE,hot,medium,0
RXNTEST_ec18647a2bf4,C(Cl)Cl,cold,medium,0
RXNTEST_3ab327d0b7e2,CO,room,short,0
RXNTEST_6ac6dc05301b,NONE,hot,overnight,1
RXNTEST_298574eba8ae,C(Cl)Cl,room,short,0
RXNTEST_2d35d47453eb,CN(C)C=O|CN(C=O)C,warm,medium,0
RXNTEST_300be6164551,O1CCOCC1,hot,short,1
RXNTEST_9a2427c82e71,CN(C)C=O,warm,long,1
RXNTEST_355bdff4d75b,NONE,hot,short,0
RXNTEST_483e09b90ca1,NONE,room,medium,0
RXNTEST_0d960df8ce1a,ClCCl|C(Cl)Cl,cold,short,0
RXNTEST_10ce5364d392,CO,room,medium,0
RXNTEST_82d2ff6f7d1e,O1CCOCC1,hot,short,1
RXNTEST_b38ba7a08ce1,NONE,room,long,0
RXNTEST_f3674ab5c422,C(C)O,room,overnight,0
RXNTEST_7e96c19eabca,CO,room,very_long,0
RXNTEST_9cdcb7df1a95,C1(=CC=CC=C1)C,hot,long,1
RXNTEST_c1db3b77236f,O1CCOCC1,hot,short,1
RXNTEST_09ce9384885d,CN(C)C=O,room,long,0
RXNTEST_9cfc17756bf4,CN(C)C=O,hot,long,1
RXNTEST_e80b5935e956,NONE,room,short,0
RXNTEST_4c8f82b87a7a,C1CCOC1,room,very_short,0
RXNTEST_33b722e07d66,NONE,hot,short,0
RXNTEST_05ead0f6370d,C(Cl)Cl,cold,short,0
RXNTEST_3b758a4ce19f,C(Cl)Cl,room,long,1
RXNTEST_0b45503340a1,CN(C)C=O,hot,medium,0
RXNTEST_9ae5d9a9aeec,NONE,room,short,1
RXNTEST_a9fae6a78a87,NONE,room,short,0
RXNTEST_8e08c4f198b5,C1CCOC1,cryogenic,short,0
RXNTEST_1e16695a2f30,CN(C=O)C,room,long,0
RXNTEST_4130aec17814,C(Cl)Cl,room,short,0
RXNTEST_412084c8793c,O1CCOCC1,hot,long,1
RXNTEST_5206aeaf84ba,O1CCOCC1,room,long,1
RXNTEST_2597d6dc1f4e,ClCCl|C(Cl)Cl,room,short,0
RXNTEST_cc4bf368aaa2,CN(C)C=O,room,overnight,0
RXNTEST_4f01e8d38ead,C(C)#N,warm,short,0
RXNTEST_1738d7826cd0,NONE,hot,long,1
RXNTEST_326a44aa271d,ClCCl,room,overnight,0
RXNTEST_a7d7d38797bb,O,hot,short,1
RXNTEST_24697f351e50,CN(C)C=O,room,short,0
RXNTEST_751f55dd965b,C1CCOC1,cryogenic,short,0
RXNTEST_a48cc652e823,NONE,room,long,0
RXNTEST_800eeaa8cfe7,O,hot,short,1
RXNTEST_56e910ea2d59,C(Cl)Cl,room,long,0
RXNTEST_38e5e0153d7d,CN(C)C=O,warm,long,0
RXNTEST_ab969737cedd,CO,room,overnight,0
RXNTEST_53c080be3911,CN(C)C=O,room,long,0
RXNTEST_60b8e419c594,CN(C)C=O|CN(C=O)C,room,short,0
RXNTEST_1f5bc47477d6,CN(C)C=O,hot,long,1
RXNTEST_223a4c307849,CN(C)C=O,room,short,0
RXNTEST_93d656553b30,CN(C)C=O,hot,overnight,0
RXNTEST_6cc0994dad2f,C1CCOC1,room,long,0
RXNTEST_ac592c1824fc,CN(C)C=O,room,short,0
RXNTEST_d81180365fac,CO,room,short,0
RXNTEST_79aeffed2779,CN(C=O)C,warm,medium,0
RXNTEST_c381bbae696b,C1CCOC1,warm,medium,1
RXNTEST_6738a02d5470,NONE,warm,medium,0
RXNTEST_5f221b2f5ebd,C1CCOC1,room,long,0
RXNTEST_1e20937d474a,O1CCOCC1,hot,short,1
RXNTEST_3145da54536f,C1CCOC1,cryogenic,short,0
RXNTEST_05a5f66a34de,CN(C)C=O,room,medium,0
RXNTEST_8ba111555588,C(C)O,room,long,0
RXNTEST_d2948d4d1d66,CN(C)C=O,warm,long,0
RXNTEST_d5ac265b4886,O1CCCC1,room,short,0
RXNTEST_f21ec3bf40cd,CN(C)C=O,cold,short,0
RXNTEST_33130553da2a,CN(C=O)C,hot,long,0
RXNTEST_fbece916d29c,CN(C)C=O|O1CCOCC1,hot,long,1
RXNTEST_de7a4c9bf2da,C(Cl)Cl,room,short,0
RXNTEST_2c752d84b966,C(Cl)Cl,room,long,0
RXNTEST_c26565524a59,C1CCOC1,room,short,0
RXNTEST_b4a31258a679,C(Cl)Cl,room,short,0
RXNTEST_351f84cf461a,C(Cl)Cl,room,short,0
RXNTEST_19d974f3914a,NONE,room,long,0
RXNTEST_b27675492e6c,O1CCCC1,cold,short,0
RXNTEST_375510fb6e32,O1CCOCC1,hot,short,1
RXNTEST_4544d5a255bb,C1CCOC1,room,short,0
RXNTEST_53c036f19338,C1CCOC1,room,short,0
RXNTEST_4f89b66b7979,N1=CC=CC=C1,cold,short,0
RXNTEST_9fd6cf6a9243,NONE,room,short,0
RXNTEST_de2a91e0e8fe,CN(C)C=O,warm,medium,0
RXNTEST_da076d517f5f,CO,room,long,1
RXNTEST_54ee1bb4b0dc,CO,room,medium,1
RXNTEST_0ff7d565e111,C1(=CC=CC=C1)C,hot,long,1
RXNTEST_f818e1af0ef7,C(Cl)Cl,room,long,0
RXNTEST_252abcb89d47,NONE,warm,medium,1
RXNTEST_4cf38534308c,C1CCOC1|O1CCCC1,cold,short,0
RXNTEST_40d67acc1fff,C1(=CC=CC=C1)C,hot,long,1
RXNTEST_631bbd5545de,NONE,room,long,0
RXNTEST_e5047b11faba,NONE,hot,short,0
RXNTEST_314c9e6dc174,NONE,room,medium,0
RXNTEST_b637d429d280,CO,room,medium,1
RXNTEST_258bb2decd1f,C1(=CC=CC=C1)C,hot,short,1
RXNTEST_8a4b0ac07e4c,NONE,room,long,0
RXNTEST_17ba36db20cd,CN(C)C=O,warm,medium,0
RXNTEST_e6ae824d2c05,C1CCOC1,hot,long,0
RXNTEST_a4480d6a5b90,C1CCOC1|O1CCCC1,room,short,0
RXNTEST_9b161f01b4a2,O,warm,medium,0
RXNTEST_acb32d6d1027,NONE,warm,medium,0
RXNTEST_2394ae9eac02,C1CCOC1,room,short,0
RXNTEST_5dabe6a101f4,O1CCOCC1,warm,long,1
RXNTEST_de69cb47f84b,O,hot,long,1
RXNTEST_03536e5021a7,C(C)(=O)OCC,room,medium,0
RXNTEST_b5b0e499c3b3,CN(C)C=O,room,overnight,0
RXNTEST_e76e4f64060b,O1CCOCC1,hot,long,1
RXNTEST_eec1b373c90d,CO,room,short,0
RXNTEST_e504ea82a035,O1CCCC1,room,short,0
RXNTEST_ac35b773940e,CN(C)C=O,room,long,0
RXNTEST_a9f47d212ad2,NONE,room,long,0
RXNTEST_da54e575fdaa,CS(=O)C,hot,long,1
RXNTEST_df9e66ae9366,CO,room,medium,0
RXNTEST_292c7f6bfa09,CO,room,short,0
RXNTEST_f6af59d32018,NONE,hot,medium,0
RXNTEST_1ceeef14ecff,N1=CC=CC=C1,room,overnight,0
RXNTEST_c4aa4e416fdf,CO,room,short,0
RXNTEST_ce467c37e1e0,CN(C=O)C,hot,long,0
RXNTEST_56b78b1c0227,NONE,warm,medium,1
RXNTEST_b33f27faa007,O1CCCC1,room,short,0
RXNTEST_074431b6cfcc,CO,room,short,1
RXNTEST_0b38d4bcc05c,CCO,hot,short,0
RXNTEST_7265c70f40b1,CO,room,long,0
RXNTEST_b5266755d7b2,C(C)O,room,short,0
RXNTEST_ca8374a496a8,C1CCOC1,warm,medium,1
RXNTEST_448933b2aee1,CN(C)C=O,room,overnight,0
RXNTEST_61b4c757ddbd,CN(C=O)C,room,long,0
RXNTEST_7753492e0134,C1CCOC1,cryogenic,short,0
RXNTEST_db8b10cec70e,CN(C)C=O,hot,overnight,0
RXNTEST_0ec827538cf4,C(Cl)Cl,hot,short,0
RXNTEST_4dcd6d08fff7,NONE,warm,short,0
RXNTEST_007d06d5c1b7,O,room,medium,0
RXNTEST_51b6d50b9b9b,C1(=CC=CC=C1)C,room,long,1
RXNTEST_1fb9d095cc05,CN(C)C=O,room,long,0
RXNTEST_6bf1f0fbc7c0,CN(C=O)C,warm,long,0
RXNTEST_c59d84929870,C1CCOC1,room,short,0
RXNTEST_44ee1c6d7e0b,O1CCOCC1,hot,short,1
RXNTEST_b9927e19ce08,C1CCOC1,cryogenic,short,0
RXNTEST_bcbe65c15d0e,C1CCOC1,room,short,0
RXNTEST_abf3c0aaaf5f,C(Cl)Cl,room,short,0
RXNTEST_1f49c4ed6dfd,CN(C=O)C,room,short,0
RXNTEST_d747bc6ba34a,O1CCOCC1,hot,short,1
RXNTEST_ad4ec5fa1245,O,hot,short,1
RXNTEST_4ab833ed6ebc,NONE,hot,overnight,0
RXNTEST_58d196ee5f60,CN(C)C=O,room,long,0
RXNTEST_da40e3672e2b,O1CCOCC1|C1(=CC=CC=C1)C,hot,short,1
RXNTEST_d84f681b1a50,CN(C)C=O,room,long,0
RXNTEST_a0e60f6a7915,NONE,room,short,0
RXNTEST_f89d6f673954,C(C)O,room,overnight,0
RXNTEST_ed4095ac325d,C(Cl)Cl,room,long,0
RXNTEST_115264c2fb31,CN(C)C=O,room,short,0
RXNTEST_b094c5644b2b,C1CCOC1,room,short,0
RXNTEST_ee2cfc337cb8,CN(C)C=O,warm,medium,0
RXNTEST_d1361702cc5a,NONE,room,long,0
RXNTEST_552d947f4d6a,C(Cl)Cl,room,short,0
RXNTEST_8d5b162baa2e,CN(C)C=O,room,overnight,0
RXNTEST_6ed5abe4782b,O,hot,medium,1
RXNTEST_42acc79f6d00,CN(C)C=O|C(Cl)Cl,room,long,0
RXNTEST_b558dfe99b23,NONE,room,medium,0
RXNTEST_7d1958789745,CS(=O)C,hot,long,0
RXNTEST_9dacf15fccb4,O1CCOCC1,hot,short,1
RXNTEST_5cfff2c2cb93,NONE,room,medium,0
RXNTEST_abb781900afc,ClCCl,room,short,0
RXNTEST_1cadea88b854,C(Cl)Cl,room,short,0
RXNTEST_afe78a3630d3,CN(C)C=O,room,short,0
RXNTEST_6f9952e1632b,CN(C=O)C,room,long,0
RXNTEST_2c011dfac7a3,C(Cl)Cl,room,short,0
RXNTEST_d9c73211051a,C(C)O,room,long,0
RXNTEST_1e6255d74b1a,CN(C)C=O,hot,long,0
RXNTEST_c0632d0bf4b0,C1(=CC=CC=C1)C,hot,very_long,1
RXNTEST_d92ab45706d4,CO,warm,medium,0
RXNTEST_a0d705185849,C1CCOC1,room,medium,0
RXNTEST_f66795f9eb7e,CN(C)C=O|C(Cl)Cl,room,long,0
RXNTEST_eef3eec689f0,NONE,room,medium,0
RXNTEST_7bc35dc888b6,CN(C)C=O,hot,long,0
RXNTEST_520167d95979,O,room,long,0
RXNTEST_71641e758566,CN(C)C=O,room,short,0
RXNTEST_d0e8897d7e23,CO,room,short,0
RXNTEST_16504c8d5e98,NONE,hot,short,0
RXNTEST_0953bdab6167,CN(C=O)C|CN(C)C=O,room,long,0
RXNTEST_fa4487cce933,NONE,room,very_long,0
RXNTEST_cfb919559556,C1CCOC1,room,long,0
RXNTEST_43e295a7397c,CN(C)C=O,room,long,0
RXNTEST_451fd48adaf4,CN(C)C=O,hot,short,1
RXNTEST_cb218970027e,C1CCOC1,room,short,0
RXNTEST_e4a5e03d45a5,O,hot,short,1
RXNTEST_f9e8f2de0ba8,CN(C)C=O,room,short,0
RXNTEST_6210b2d8dac1,C1(=CC=CC=C1)C,hot,long,0
RXNTEST_75f865654adc,CO,room,short,0
RXNTEST_bddfb30829f4,CN(C)C=O,room,overnight,0
RXNTEST_716298541e66,O1CCOCC1,room,long,1
RXNTEST_b747ba660a62,CO,warm,short,0
RXNTEST_9c16c2fb83c1,NONE,room,medium,0
RXNTEST_dc68e6f06d1d,O,hot,short,1
RXNTEST_11fd9aa9e418,CN(C)C=O,room,short,0
RXNTEST_8405b3d4e65d,O1CCCC1,cryogenic,short,0
RXNTEST_f51b81dba4a9,NONE,room,short,0
RXNTEST_9091503abb6a,NONE,hot,short,0
RXNTEST_94318599e821,C(Cl)Cl,room,short,0
RXNTEST_6ebfa173c158,C1(=CC=CC=C1)C,room,long,0
RXNTEST_aac8c19d158d,CN(C)C=O,room,short,0
RXNTEST_baa5e6fab86f,C1CCOC1,room,long,1
RXNTEST_aa0b881f5657,O,hot,short,0
RXNTEST_de301a83ff6a,C1CCOC1,warm,overnight,1
RXNTEST_7793599aaced,C1CCOC1|O1CCCC1,cold,short,0
RXNTEST_9f0cb1f331a9,O1CCOCC1,hot,long,1
RXNTEST_89f4373bbf03,CN(C)C=O,room,long,0
RXNTEST_8bd9a69fb9f6,C(C)#N,room,very_short,0
RXNTEST_3ded393f63cd,CC(=O)C,room,short,0
RXNTEST_cda7c65ba80a,C(C)O,room,long,1
RXNTEST_5cb9d9c94f08,ClCCl,hot,short,1
RXNTEST_b195f8ab007a,NONE,hot,short,0
RXNTEST_df984f456a28,C(Cl)Cl,room,short,0
RXNTEST_3539ff649de6,O,hot,overnight,1
RXNTEST_2999d2aa8226,O1CCOCC1,hot,long,0
RXNTEST_e91307419706,NONE,room,short,0
RXNTEST_8e6b79888532,C(Cl)Cl,room,long,0
RXNTEST_3bff57ca1731,C(Cl)Cl,room,long,0
RXNTEST_ffbea6263703,CN(C=O)C,room,short,0
RXNTEST_f7555b43c56c,NONE,warm,short,0
RXNTEST_4a32f61bd170,NONE,hot,long,0
RXNTEST_bbc1773104a0,ClCCl,room,medium,0
RXNTEST_b77fc5d31760,NONE,hot,short,0
RXNTEST_c49b610b9360,C1CCOC1,room,overnight,1
RXNTEST_1bed28e8ffed,O,cold,short,0
RXNTEST_5d80f6f4cd3c,NONE,hot,medium,1
RXNTEST_680ccf97bdf8,NONE,room,short,0
RXNTEST_0dc24216f0a4,O,hot,overnight,1
RXNTEST_d8febb2bf74b,O,hot,long,0
RXNTEST_b9eed8bbf218,O1CCOCC1,hot,short,1
RXNTEST_12c129d7a8e8,CN(C)C=O,room,long,0
RXNTEST_2df351c374ce,NONE,warm,overnight,0
RXNTEST_77b1cee0083d,NONE,warm,medium,0
RXNTEST_4e992625d81d,NONE,warm,short,0
RXNTEST_f729cfcb1078,NONE,hot,short,0
RXNTEST_06d33548e7a2,C(Cl)Cl,room,medium,0
RXNTEST_9792cfeb84e4,C1CCOC1,cold,short,0
RXNTEST_adac65e27402,NONE,warm,medium,1
RXNTEST_88f8337da086,NONE,hot,medium,0
RXNTEST_566e276d6df1,NONE,room,short,0
RXNTEST_c4f670356552,C(C)O,room,medium,0
RXNTEST_2a36d179a9c6,NONE,hot,short,1
RXNTEST_22d0cae8d93a,NONE,warm,medium,0
RXNTEST_57cfe6743942,C1(=CC=CC=C1)C,hot,short,0
RXNTEST_6dc152f71fe8,ClCCl,room,medium,0
RXNTEST_d08e0252bb45,NONE,room,short,0
RXNTEST_8e30a7923c1e,ClCCl|C(Cl)Cl,room,short,0
RXNTEST_1bc6e5a78442,O1CCOCC1,hot,long,1
RXNTEST_e529d06db2a5,C1=CC=CC=C1,room,long,1
RXNTEST_e97cbab2023c,C1(=CC=CC=C1)C,hot,long,1
RXNTEST_7e5d5cdfadf2,C(C)O,room,long,0
RXNTEST_91f146068326,NONE,warm,long,0
RXNTEST_6aa962fce5ee,C(Cl)Cl,room,long,1
RXNTEST_2269eb19fbdf,C(C)O|CO,room,short,0
RXNTEST_3b3cba31248e,O,hot,medium,0
RXNTEST_d993d0891db6,C(C)O,room,short,0
RXNTEST_8c7e6e3dd426,C(C)O,hot,short,1
RXNTEST_cfbc2a8d711e,C(Cl)Cl,room,medium,0
RXNTEST_c08a1ef1180d,C(Cl)Cl,warm,short,0
RXNTEST_c0c72f4cb5ba,C(Cl)Cl,cold,short,0
RXNTEST_01c56e0c8619,CN(C)C=O,room,long,0
RXNTEST_a272dac18197,O,room,medium,0
RXNTEST_25f8d6b3c0ff,C1CCOC1,room,overnight,0
RXNTEST_3298ae32c41d,O,warm,long,0
RXNTEST_9b6d890d4a8f,CN(C)C=O,hot,very_long,1
RXNTEST_d5347c72d340,CN(C)C=O,room,long,0
RXNTEST_df936dc9ba43,NONE,room,short,0
RXNTEST_74516ad94bf9,CN(C)C=O,hot,medium,0
RXNTEST_fd55792b4f93,CN(C)C=O,room,long,0
RXNTEST_99e8f54bc13d,O1CCOCC1,hot,long,1
RXNTEST_55c2f6960935,C(Cl)(Cl)(Cl)Cl,room,short,0
RXNTEST_855cfa2de4e0,O1CCCC1,room,long,0
RXNTEST_47fa67dc3f06,NONE,room,long,0
RXNTEST_ed1aa596d040,O1CCOCC1,hot,short,1
RXNTEST_fe8fe13304f5,N1=CC=CC=C1,room,short,0
RXNTEST_92ffd222a23a,CO,warm,short,0
RXNTEST_eda29dfe6f18,CN(C=O)C,warm,long,0
RXNTEST_e47417c682fe,CN(C)C=O,warm,overnight,0
RXNTEST_bcdce063d44e,O1CCOCC1,hot,short,1
RXNTEST_3af05f02b221,CO,room,long,0
RXNTEST_94462b6a9d75,C(Cl)Cl,room,short,0
RXNTEST_ff443d6ec03e,CN(C)C=O,hot,long,0
RXNTEST_04e2ae6417b3,NONE,hot,short,0
RXNTEST_802b6f774c55,CN(C)C=O,hot,overnight,1
RXNTEST_dc0ecaed794c,O,warm,short,0
RXNTEST_220302eb889d,CO,room,long,0
RXNTEST_06b2d0a0c2dd,CN(C=O)C,hot,medium,0
RXNTEST_0a6edb8590e1,CO|C(C)O,room,medium,0
RXNTEST_eb96bc5ee148,CN(C)C=O,room,overnight,0
RXNTEST_fa2f2361bdf2,NONE,warm,overnight,0
RXNTEST_db1d37597fee,O1CCOCC1,hot,very_short,1
RXNTEST_99cca8a8d8b8,NONE,room,medium,0
RXNTEST_715d9a13e471,C(C)#N,room,long,0
RXNTEST_abbf0720adbc,NONE,room,medium,0
RXNTEST_3eef5402dd49,NONE,room,long,0
RXNTEST_f7cc0c08784e,ClCCl|C(Cl)Cl,room,medium,0
RXNTEST_1a46c9fa4af3,CN(C)C=O,warm,long,0
RXNTEST_c0984d64bac9,CO,warm,short,0
RXNTEST_7af003a8ee5c,CN(C=O)C,hot,short,1
RXNTEST_314028ff9d8d,ClCCl|C(Cl)Cl,room,short,0
RXNTEST_9b7c4719d136,CN(C)C=O,warm,long,0
RXNTEST_548a31b38ed8,C1(=CC=CC=C1)C,hot,short,1
RXNTEST_5fdb970d86de,O,hot,overnight,1
RXNTEST_1626499ffbf2,CN(C)C=O,hot,short,0
RXNTEST_fa11ed18d055,C(Cl)Cl,room,long,0
RXNTEST_700591d25e39,NONE,cold,short,1
RXNTEST_46704b46f24c,NONE,cold,short,0
RXNTEST_6633ad282dd2,ClCCl,room,long,0
RXNTEST_9992ee65697f,CO,room,medium,0
RXNTEST_ba23bb28baa0,CN(C)C=O,room,short,0
RXNTEST_bf6a1ae07776,CN(C=O)C,warm,long,0
RXNTEST_879401d0de20,C(Cl)Cl,room,short,0
RXNTEST_d74c1ef43f41,C(Cl)Cl,cold,medium,0
RXNTEST_4a84603e31b9,O1CCOCC1,hot,short,1
RXNTEST_ce9335229a4a,C(Cl)Cl,room,medium,0
RXNTEST_3419a2d5b691,CN(C)C=O,room,medium,0
RXNTEST_82fdec0d6d92,CN(C)C=O,hot,long,1
RXNTEST_c1c7ae825459,CO,room,long,1
RXNTEST_56bf9fecff52,CN(C=O)C,room,long,0
RXNTEST_ead3dfa75b42,NONE,room,medium,0
RXNTEST_ac9dfa747494,CN(C)C=O,hot,medium,0
RXNTEST_d5b5f43dde39,CO,room,short,0
RXNTEST_274db3a17f6e,NONE,hot,short,0
RXNTEST_4d828949b0b1,O1CCCC1,room,short,0
RXNTEST_2ef067b73e7f,NONE,hot,medium,0
RXNTEST_67245511c23c,C1CCOC1,room,short,0
RXNTEST_a638d97ba031,NONE,room,short,0
RXNTEST_2755138783ed,CN(C)C=O,warm,long,0
RXNTEST_52c587714ae3,O1CCOCC1,hot,short,1
RXNTEST_1244f10694c2,O,hot,long,1
RXNTEST_d196d750299f,NONE,hot,short,0
RXNTEST_b0fc11ee1274,CN(C=O)C,hot,medium,1
RXNTEST_daeac8eb7f7a,CN(C=O)C,hot,short,0
RXNTEST_9603ec96e059,O1CCOCC1,hot,long,1
RXNTEST_8c77a15fac26,O1CCOCC1,hot,short,1
RXNTEST_614f26e393fa,CN(C)C=O,warm,medium,0
RXNTEST_9610b2abf317,ClCCl,room,short,0
RXNTEST_bf55a83a1d61,ClCCl,room,long,0
RXNTEST_cc10e001cacd,CS(=O)C,room,short,0
RXNTEST_a301a5dc33cc,C(Cl)Cl,room,long,1
RXNTEST_b288e7f6ea95,C1CCOC1,cryogenic,short,0
RXNTEST_d5979fc6582b,NONE,warm,short,0
RXNTEST_495a3d6c4572,CO,room,long,0
RXNTEST_93bbe4060165,NONE,hot,short,0
RXNTEST_39e42396d126,CO,room,short,0
RXNTEST_09ce3ac91cdd,O1CCOCC1,hot,medium,1
RXNTEST_9516a89f685f,NONE,hot,short,1
RXNTEST_02c715558ff2,CO,room,short,0
RXNTEST_a451b619e061,O,warm,long,0
RXNTEST_11e92fb41614,C1CCOC1,room,overnight,0
RXNTEST_89697323e2bd,CN(C=O)C,warm,long,0
RXNTEST_d1ebdc65fc68,O,hot,short,1
RXNTEST_60192914458b,O,room,short,0
RXNTEST_ab8a4702c2ee,O,hot,short,1
RXNTEST_8efbfe9f9e7b,CN(C=O)C,room,long,0
RXNTEST_6c90de7723ee,CN(C)C=O,room,long,0
RXNTEST_cf605a0704c7,CN(C)C=O,room,long,0
RXNTEST_19cd3dbb9dac,C1CCOC1,cryogenic,short,0
RXNTEST_0c70928e89d4,O1CCOCC1,hot,short,1
RXNTEST_42b87d89f0c1,O,room,short,0
RXNTEST_c775d35fb002,CO,cold,short,0
RXNTEST_91ba580551f6,CO,room,long,0
RXNTEST_738ac807f9c8,NONE,hot,overnight,1
RXNTEST_1b1ca2a1767a,NONE,cold,short,0
RXNTEST_df8328f1ca4c,NONE,room,short,0
RXNTEST_cafbb77bb7c0,NONE,hot,long,1
RXNTEST_f62899caa8d5,C1(=CC=CC=C1)C,hot,medium,1
RXNTEST_3f5b5665e868,C1CCOC1,warm,long,0
RXNTEST_89cc7dbc7924,NONE,room,short,0
RXNTEST_14d0f1dc175b,CO,room,short,1
RXNTEST_5db3f2e37eef,CO,room,short,0
RXNTEST_81a00c53e032,C1CCOC1,room,short,0
RXNTEST_7955353b40de,NONE,room,short,0
RXNTEST_9e7525785c51,NONE,hot,short,0
RXNTEST_b57c0a1536cb,CO,room,medium,1
RXNTEST_aa3c1e897ea1,C(C)(=O)OCC,room,long,1
RXNTEST_44b70c579d16,C(C)#N,room,overnight,0
RXNTEST_49295b96844a,O,warm,short,1
RXNTEST_a14410e12d44,O1CCOCC1,hot,short,1
RXNTEST_5cb2d17d9d2c,NONE,room,medium,0
RXNTEST_747cff2f3f5e,NONE,room,short,0
RXNTEST_bf310dcc77cc,ClCCl,room,long,0
RXNTEST_0bbcd3f735b3,CN(C=O)C|CN(C)C=O,room,long,0
RXNTEST_e71cca5bbe0e,O,hot,short,1
RXNTEST_3190003528af,CN(C)C=O,room,medium,0
RXNTEST_71ee5aa0ae8a,CN(C)C=O,room,long,0
RXNTEST_aeb110b5aee0,C1(=CC=CC=C1)C|O1CCOCC1,hot,long,1
RXNTEST_1ff884f67057,CN(C)C=O,hot,long,0
RXNTEST_3495f5f639a1,CN(C)C=O,room,overnight,1
RXNTEST_73949840780e,NONE,room,long,1
RXNTEST_fa8691f80ce0,CS(=O)C,hot,medium,0
RXNTEST_a7814f3f1bab,C1(=CC=CC=C1)C,room,overnight,0
RXNTEST_5b67f6d0e6c6,O1CCOCC1,room,medium,0
RXNTEST_bc56250108cd,CO,room,short,0
RXNTEST_e44bd500089c,CN(C)C=O,room,long,0
RXNTEST_9650eb1f3c9a,O1CCOCC1,hot,long,1
RXNTEST_b0115baba4bf,C(C)O,warm,short,0
RXNTEST_f9afd9dd7534,NONE,room,long,0
RXNTEST_8cbe93b2c947,NONE,hot,short,0
RXNTEST_c78ab8ffad83,CN(C)C=O,warm,overnight,0
RXNTEST_0572756b3166,CO,hot,very_long,0
RXNTEST_5da266611a18,O1CCOCC1,hot,medium,1
RXNTEST_f90e81515642,O1CCCC1,room,short,0
RXNTEST_b5f7c99d7fd1,NONE,room,short,0
RXNTEST_22eee89aa41c,CN(C)C=O,warm,long,0
RXNTEST_2196c3596516,C(Cl)Cl,room,medium,0
RXNTEST_4a19cb87110f,CO,room,medium,1
RXNTEST_7b8d2e1364bc,O,hot,long,1
RXNTEST_d9878a8d3d7c,CN(C=O)C,room,overnight,0
RXNTEST_7a6ffdc3b2fd,C(C)(=O)OCC,room,short,0
RXNTEST_e33bd0625582,CO,warm,medium,0
RXNTEST_9039f81df851,CN(C)C=O,hot,short,0
RXNTEST_ea04c6e1d48a,O,hot,short,1
RXNTEST_0cb97d4d0177,ClCCl,room,long,0
RXNTEST_0ef3974d2b3c,NONE,warm,short,0
RXNTEST_b6fc841420cb,NONE,room,short,0
RXNTEST_42fd8e39533a,NONE,hot,long,0
RXNTEST_a006b4ac0322,CO|C1CCOC1,room,short,0
RXNTEST_2d44cf00c230,C1(=CC=CC=C1)C,warm,short,1
RXNTEST_c3ed4d332c4c,C1(=CC=CC=C1)C,room,short,0
RXNTEST_83977dca5485,NONE,room,long,0
RXNTEST_6ffecf636420,O1CCCC1,room,long,0
RXNTEST_cd05f04673a7,NONE,room,short,0
RXNTEST_85205de09896,C(Cl)Cl,warm,short,0
RXNTEST_da797bd4bc7f,CN(C)C=O,room,overnight,0
RXNTEST_00778c895a28,O1CCOCC1,hot,very_short,0
RXNTEST_4e4f43d59509,O,hot,short,1
RXNTEST_77f71ffcacfd,NONE,room,medium,0
RXNTEST_e940c50d6e71,CN(C)C=O,room,long,0
RXNTEST_8a8ff3d8e53f,C(Cl)Cl,room,short,0
RXNTEST_0e8a42095fc2,NONE,hot,overnight,1
RXNTEST_4da459b6d715,C1(=CC=CC=C1)C,hot,long,1
RXNTEST_0d4d8bb464b1,CN(C)C=O,hot,short,1
RXNTEST_23467952d226,NONE,room,medium,0
RXNTEST_3341e304151a,C(Cl)Cl,room,overnight,0
RXNTEST_ff285e389acb,ClCCl,cold,short,0
RXNTEST_54d81d4f9d09,CO,room,long,0
RXNTEST_aa33940bb9e3,COCCOC,hot,long,1
RXNTEST_b39665833ac6,NONE,warm,long,0
RXNTEST_f52ab7796e31,O1CCOCC1,hot,long,1
RXNTEST_db7d2e551e21,NONE,hot,short,1
RXNTEST_d4155c625af5,CN(C)C=O,room,short,0
RXNTEST_a9ab7b509144,O,hot,long,1
RXNTEST_8366861f0daa,NONE,room,short,0
RXNTEST_76eabbba2930,C(Cl)Cl,room,short,0
RXNTEST_6e9f53ce07d9,O,hot,long,1
RXNTEST_2237e70377fa,C1(=CC=CC=C1)C,room,medium,0
RXNTEST_1d14aac022b0,CN(C)C=O,hot,overnight,0
RXNTEST_60cd5d71c369,O,hot,short,1
RXNTEST_665910e4ab91,C(C)O,room,short,1
RXNTEST_40a3da795e12,NONE,room,short,0
RXNTEST_6b6bcb0c428b,C1CCOC1,room,short,0
RXNTEST_c86774c240c9,C(Cl)Cl,cold,short,0
RXNTEST_30ff079ccbbb,C(C)O,hot,short,0
RXNTEST_7a90c627c550,C1(=CC=CC=C1)C,room,very_long,0
RXNTEST_1938f6ac4207,NONE,room,long,0
RXNTEST_720fc5dda272,CN(C)C=O,room,long,0
RXNTEST_7640a99117d7,C1CCOC1,room,long,0
RXNTEST_be4dad35337b,CN(C)C=O,room,overnight,0
RXNTEST_270ac141e76d,CN(C=O)C|CN(C)C=O,warm,medium,0
RXNTEST_48634917c133,C(Cl)Cl,room,long,0
RXNTEST_8a3b53601cd2,C1CCOC1,room,overnight,0
RXNTEST_d8e60552db3d,NONE,hot,medium,0
RXNTEST_b683635bc5fc,NONE,room,long,0
RXNTEST_d9a79e4ebe87,CO,cold,short,0
RXNTEST_5f08c492fcef,NONE,hot,long,1
RXNTEST_ad8bab96f714,CO,room,short,1
RXNTEST_82c9ea0cb685,CN(C)C=O,warm,long,0
RXNTEST_3d30eb034f94,CN(C=O)C,room,short,0
RXNTEST_8c6ba6ce6675,NONE,room,medium,0
RXNTEST_953cf158fe57,CN(C)C=O,room,long,0
RXNTEST_acbf6ac7cb44,CN(C)C=O,warm,long,0
RXNTEST_a351d6eca31b,CN(C)C=O,hot,medium,1
RXNTEST_5a907a3f5d6f,O,hot,very_short,0
RXNTEST_220179a9b8e5,O1CCOCC1,hot,medium,1
RXNTEST_d63f94eb9aea,NONE,cold,short,0
RXNTEST_683319ed7cd5,NONE,room,short,0
RXNTEST_c8cbf07840cf,O1CCCC1,cold,short,0
RXNTEST_ee5ce6a561f6,O1CCOCC1,hot,short,1
RXNTEST_2536ebcf5a0e,O1CCOCC1,hot,overnight,1
RXNTEST_94f94573649a,CO,room,long,0
RXNTEST_d9ddba437f2e,NONE,warm,medium,0
RXNTEST_34bf17872c77,C1CCOC1,room,short,0
RXNTEST_89dbf235f2be,CN(C)C=O,room,long,0
RXNTEST_fa75fcf7167d,C1CCOC1,room,short,0
RXNTEST_9c1ecdc825f4,C1CCOC1,room,short,0
RXNTEST_04ac155ee3e4,NONE,hot,short,0
RXNTEST_109298481ded,NONE,room,long,0
RXNTEST_0781127f4f33,C1(=CC=CC=C1)C|O1CCOCC1,hot,long,1
RXNTEST_79f3f0db40a6,CO,room,short,0
RXNTEST_f932bbcec090,NONE,room,medium,1
RXNTEST_a00a56a71870,C(Cl)Cl,warm,short,0
RXNTEST_e19b6f14c97b,CN(C)C=O,hot,short,0
RXNTEST_2c26a31871ae,C1CCOC1,room,medium,1
RXNTEST_faf608747919,NONE,room,short,0
RXNTEST_300ef6b02b69,CO,hot,short,0
RXNTEST_3a5f52c51af9,CN(C)C=O,room,long,0
RXNTEST_dd766b5316be,C(Cl)Cl,room,medium,0
RXNTEST_b8416f12eab3,NONE,room,long,0
RXNTEST_5368065d67b8,C(Cl)Cl,room,overnight,0
RXNTEST_a87351341138,NONE,warm,very_short,1
RXNTEST_78bff13c95a7,NONE,hot,short,0
RXNTEST_53f7e78f1498,C(Cl)Cl,room,long,0
RXNTEST_cf342d683729,NONE,room,short,0
RXNTEST_6ddcc9fbc5b3,O1CCOCC1,hot,short,1
RXNTEST_fc5ea03ab66e,NONE,room,short,0
RXNTEST_adc0dbe6baee,CN(C)C=O,room,long,0
RXNTEST_1d9ad9e39f27,C1CCOC1,room,short,0
RXNTEST_99fb3c43f32a,CN(C)C=O,room,long,0
RXNTEST_059055b43c28,CN(C=O)C,room,very_long,0
RXNTEST_8a26af6bc554,C(Cl)Cl,warm,long,1
RXNTEST_29b0141ab74c,CN(C)C=O,warm,long,0
RXNTEST_b3d5274e084e,CN(C)C=O,room,long,0
RXNTEST_96ebd7718d79,C1CCOC1,hot,medium,0
RXNTEST_b34c9638f749,CO,room,short,1
RXNTEST_ab38ea81aaf9,CN(C)C=O,room,long,0
RXNTEST_ddb9a541a1f3,C(Cl)Cl,room,overnight,0
RXNTEST_eab5d4ba7e69,NONE,room,short,0
RXNTEST_29d8c2416dd0,CO,room,medium,1
RXNTEST_faaa753b6d75,CO,room,short,1
RXNTEST_bf78cdf32e12,CN(C)C=O,room,medium,0
RXNTEST_a27bed5b2bee,CN(C)C=O,hot,long,0
RXNTEST_4ccbfd420b41,NONE,hot,short,0
RXNTEST_1312657b708c,CS(=O)C,hot,short,1
RXNTEST_7279ad587025,C1CCOC1,room,long,0
RXNTEST_ad20ac47fd3f,NONE,room,overnight,0
RXNTEST_a2e1b3eafa9c,NONE,room,short,0
RXNTEST_6f557bc17720,CO,hot,overnight,0
RXNTEST_20975965b944,NONE,hot,long,1
RXNTEST_7b4811f1b960,CN(C=O)C,room,long,0
RXNTEST_37f241c83ca0,NONE,warm,short,0
RXNTEST_c947247d76fc,NONE,room,long,0
RXNTEST_775497ac1fd0,NONE,warm,medium,0
RXNTEST_bacac188e575,C1CCOC1,room,short,0
RXNTEST_dc06d1442d9c,NONE,room,short,0
RXNTEST_bf385e145cf5,CN(C)C=O,hot,long,1
RXNTEST_344d9d1c0a49,C(Cl)Cl,room,short,0
RXNTEST_738a5ae7daeb,CO,room,short,0
RXNTEST_1c8d73ac22e8,O,hot,short,1
RXNTEST_46c96de2c429,CN(C)C=O,room,short,0
RXNTEST_a3e3d631b5fa,C1CCOC1,cryogenic,short,0
RXNTEST_c6fb1e5c3745,C(Cl)Cl,room,medium,0
RXNTEST_68b6b44ca4a6,FC(C(=O)O)(F)F,room,long,0
RXNTEST_eabb9b97fb21,CN(C)C=O,room,short,0
RXNTEST_2c6f741d92c6,O,hot,overnight,1
RXNTEST_0246acee8442,C(Cl)Cl,room,medium,0
RXNTEST_478ea2cfc361,CN(C)C=O,room,long,0
RXNTEST_1cd8fd9dbec1,ClCCl,room,overnight,0
RXNTEST_adb84b58e5c5,C(C)O,room,very_long,0
RXNTEST_f02bb91853b1,NONE,warm,short,0
RXNTEST_139c6bb4f351,O1CCOCC1,hot,long,1
RXNTEST_6541eddfea39,C1(=CC=CC=C1)C,hot,short,0
RXNTEST_12da5940478c,NONE,room,long,0
RXNTEST_57eac1203957,C(C)O,room,long,0
RXNTEST_de1becbc025b,CN(C=O)C|CN(C)C=O,room,short,0
RXNTEST_5c5fee345226,C(Cl)Cl|ClCCl,room,short,0
RXNTEST_c61c1231517f,NONE,room,long,0
RXNTEST_fc252f82653d,C(C)(=O)O,hot,long,0
RXNTEST_b72ff601cd0f,CO,room,short,0
RXNTEST_f486830e5322,C(Cl)Cl,room,very_short,0
RXNTEST_01e22d2be5eb,NONE,cold,short,0
RXNTEST_7a80f83f1a19,N1=CC=CC=C1,room,long,0
RXNTEST_42f14470b2b0,C(Cl)Cl,room,long,0
RXNTEST_a5ca15109ca5,CN(C)C=O,room,long,0
RXNTEST_338364fa694a,C1CCOC1,room,short,0
RXNTEST_e7ae4628d1ec,O,hot,short,1
RXNTEST_695579263519,ClCCl,room,short,0
RXNTEST_6bb0f7ce999c,CN(C)C=O,room,long,0
RXNTEST_f20283d423fe,CO,room,medium,0
RXNTEST_9496c6b40bec,CN(C)C=O,warm,overnight,0
RXNTEST_65b72d5e037e,CN(C)C=O,room,short,0
RXNTEST_17019a67b4c1,C(C)#N,room,long,0
RXNTEST_b7f5795bcabc,NONE,room,short,1
RXNTEST_89efae06b185,O,room,short,0
RXNTEST_e1ccf6b190c1,NONE,room,long,0
RXNTEST_1340fb4bb6c2,CN(C)C=O,room,overnight,0
RXNTEST_1eb0b0b4564a,C(Cl)Cl,room,short,0
RXNTEST_3206c88dae3f,NONE,warm,medium,1
RXNTEST_911f3da03a11,C1CCOC1,hot,short,1
RXNTEST_ac134796b525,O1CCOCC1,hot,long,1
RXNTEST_5e07576be18d,ClCCl,cryogenic,short,0
RXNTEST_0ed71c49f273,C(Cl)Cl,room,short,0
RXNTEST_a8c85546e8e7,NONE,warm,short,1
RXNTEST_91e1156a0c59,CN(C=O)C,warm,overnight,0
RXNTEST_3b1a03286794,C(Cl)Cl,cold,short,1
RXNTEST_d1a2f1ebfbc5,CC(=O)C,warm,long,0
RXNTEST_18ef67a8f3e0,NONE,room,long,0
RXNTEST_351032ebfaa2,C1(=CC=CC=C1)C,hot,short,0
RXNTEST_9c324bc719b6,CN(C)C=O,hot,overnight,0
RXNTEST_b56b9dc9d3ab,NONE,hot,short,1
RXNTEST_af8a93371de2,O1CCOCC1,hot,short,1
RXNTEST_719993457d8e,CN(C=O)C,hot,long,1
RXNTEST_e59c35ab4b49,ClCCl|C(Cl)Cl,room,short,0
RXNTEST_209a5cef24e6,C(Cl)Cl|ClCCl,room,short,0
RXNTEST_27c87518d390,CN(C)C=O,room,overnight,0
RXNTEST_22f7cdb481dd,C(C)O,warm,short,0
RXNTEST_a587bcaa40ae,CN(C=O)C,hot,medium,0
RXNTEST_c5cbfeaed469,NONE,warm,medium,0
RXNTEST_3e105f888fda,CO,room,short,0
RXNTEST_f0a35785a776,C1CCOC1|O1CCOCC1|C1(=CC=CC=C1)C,hot,long,1
RXNTEST_7fa26b11ab2f,C(Cl)Cl,room,short,0
RXNTEST_0aad1504179e,O1CCOCC1,hot,short,1
RXNTEST_fe8aaa87b791,C1(=CC=CC=C1)C|O1CCOCC1,hot,short,1
RXNTEST_c6650fe3fe17,C(Cl)Cl|ClCCl,cold,short,0
RXNTEST_3dc989533232,O,hot,long,0
RXNTEST_fe2cd760f069,NONE,room,short,1
RXNTEST_4fb3ba4bdfa7,C(Cl)Cl,room,long,1
RXNTEST_54d828781887,CO,room,short,1
RXNTEST_b98b5cae2099,O1CCOCC1|CN(C)C=O,hot,medium,1
RXNTEST_53741bde816e,CO,room,long,0
RXNTEST_55256a126d7b,O1CCOCC1,room,short,0
RXNTEST_9c55be40f353,C(Cl)Cl,room,long,0
RXNTEST_25d0b9453184,C1CCOC1,room,short,0
RXNTEST_da2ba4f11aa5,CN(C)C=O,room,long,0
RXNTEST_a4105f579c9c,O,room,overnight,0
RXNTEST_a2f1ec0ddffb,CN(C)C=O,hot,long,0
RXNTEST_bf3d21bd7440,O1CCOCC1,hot,short,1
RXNTEST_baf6a0d69467,CN(C)C=O,hot,long,0
RXNTEST_042eaf931e15,O1CCOCC1,hot,short,1
RXNTEST_d39bb2f67afd,CN(C)C=O,room,long,0
RXNTEST_5f74abaf03bc,C(Cl)Cl,room,short,0
RXNTEST_1b427a263ac5,NONE,hot,overnight,0
RXNTEST_69eca823691b,NONE,hot,short,0
RXNTEST_46430d7bffdf,C(Cl)Cl,cold,medium,0
RXNTEST_569357b71766,N1=CC=CC=C1,room,short,0
RXNTEST_a13804729dbf,C1(=CC=CC=C1)C,hot,long,1
RXNTEST_e33111f12f27,CC(=O)C,warm,long,0
RXNTEST_69785c8d38bd,C1CCOC1,room,short,0
RXNTEST_606f7d724aa4,C(C)O,room,short,0
RXNTEST_6a67f881cede,C(Cl)Cl,room,short,0
RXNTEST_fe79730f663a,CO,room,short,1
RXNTEST_546cadb7379a,NONE,room,long,0
RXNTEST_57d72b61cff2,CN(C)C=O,room,long,0
RXNTEST_a7c4ed2d03fd,CN(C)C=O,room,long,0
RXNTEST_c1af37cfb3f2,NONE,hot,very_long,1
RXNTEST_6cbea02c873b,CN(C)C=O,room,short,0
RXNTEST_ad3a3f8c7cc6,C1CCOC1,room,short,0
RXNTEST_1d990f2ca33b,C1CCOC1,warm,short,0
RXNTEST_7f276ef0ea3b,CN(C)C=O,room,long,0
RXNTEST_dad1903ed7f2,O,room,medium,0
RXNTEST_0e50bf43d533,C1(=CC=CC=C1)C,hot,medium,1
RXNTEST_1df2a863fce0,ClCCl|C(Cl)Cl,cold,short,0
RXNTEST_982098a11238,C(Cl)Cl|CN(C)C=O,room,long,0
RXNTEST_48c6c146538b,CS(=O)C,room,short,0
RXNTEST_f8961acb413b,C1CCOC1,room,overnight,0
RXNTEST_b5d6de6d8d3d,O,hot,short,0
RXNTEST_79cdde564b4e,C(Cl)Cl,warm,short,0
RXNTEST_d6bc344128c5,C(Cl)Cl,room,medium,1
RXNTEST_7ddbd56bd678,CO,room,short,0
RXNTEST_1338301afcce,CO,room,short,1
RXNTEST_29e090228e10,O1CCOCC1,hot,long,1
RXNTEST_b434a2ede72b,O1CCOCC1,hot,short,1
RXNTEST_6e6b4606ad15,NONE,room,long,0
RXNTEST_385536b6811f,O|C(C)O,warm,short,0
RXNTEST_e891e766b76e,CN(C=O)C|CN(C)C=O,room,medium,0
RXNTEST_94b5e07217b3,CN(C)C=O,room,overnight,0
RXNTEST_81cb5c1314ab,O1CCOCC1,hot,long,1
RXNTEST_a615b0edeb75,CN(C)C=O,room,short,0
RXNTEST_18bfdba74202,NONE,room,short,0
RXNTEST_71eb9489a4c4,C(C)(C)O,hot,short,0
RXNTEST_da57ad517cec,C(Cl)Cl,cryogenic,short,0
RXNTEST_929c435a3d3b,C(Cl)Cl,room,short,0
RXNTEST_b6a3a60df298,NONE,room,short,0
RXNTEST_b2de4fe69892,O,hot,short,1
RXNTEST_2c7ff211cd75,O,hot,long,1
RXNTEST_edeed725b094,O1CCOCC1,room,short,1
RXNTEST_1d0704806cea,CN(C)C=O,room,short,0
RXNTEST_279cae3e2e12,C(C)#N,room,overnight,0
RXNTEST_02f87301c2ac,CN(C)C=O,hot,long,0
RXNTEST_6f4f4cd15148,NONE,room,medium,0
RXNTEST_a97e8e7e58d7,CN(C)C=O,warm,overnight,1
RXNTEST_ff4b657595d7,C1CCOC1,room,overnight,1
RXNTEST_cc7ff595705f,NONE,warm,medium,0
RXNTEST_424bd46d06be,O,hot,medium,1
RXNTEST_0ff542bf296c,NONE,room,short,0
RXNTEST_e30b8d7c13d0,NONE,room,short,0
RXNTEST_b5b73bdf873c,CN(C=O)C,hot,long,0
RXNTEST_97df65efe0e5,CO,room,medium,1
RXNTEST_c41cbc735570,CN(C)C=O,warm,short,1
RXNTEST_ae69a8b03dc7,NONE,hot,medium,0
RXNTEST_f98de46ce1d2,CN(C)C=O,hot,long,1
RXNTEST_752d4e5e0668,ClCCl,room,long,0
RXNTEST_d6b46024bc3f,C(Cl)Cl,room,short,1
RXNTEST_58dd3fc7cf09,NONE,room,long,0
RXNTEST_294a0c768165,NONE,hot,long,0
RXNTEST_33a2a96a1bf6,C1CCOC1,hot,short,0
RXNTEST_89a963fb4efc,CO,room,medium,1
RXNTEST_cce9357625e0,CN(C)C=O,warm,long,0
RXNTEST_7fc01ea2ece5,CN(C)C=O,room,short,1
RXNTEST_893aa703b7f8,NONE,hot,long,1
RXNTEST_a3022e924560,CN(C)C=O,room,long,0
RXNTEST_2b794c1d9f88,CO,cold,short,0
RXNTEST_17d4f63e25e9,NONE,hot,short,0
RXNTEST_0bb1d088db45,C(Cl)Cl,room,medium,0
RXNTEST_1f01a5e726d4,O1CCOCC1,hot,short,1
RXNTEST_d28ec35e905d,O,hot,short,1
RXNTEST_72b8e3072bd6,ClCCl,room,short,0
RXNTEST_02a65396e916,NONE,warm,very_long,0
RXNTEST_6f4a9e0d58cd,NONE,hot,short,0
RXNTEST_2edc737efda3,CN(C)C=O|C(Cl)Cl,room,long,0
RXNTEST_f87eaadd741c,CO,room,short,0
RXNTEST_bb1af5610ff0,O,hot,medium,1
RXNTEST_7270c0776254,C(C)O,hot,short,0
RXNTEST_7aa1340a5679,O1CCOCC1,warm,long,1
RXNTEST_b6f315500939,CN(C=O)C,hot,long,0
RXNTEST_8a64ba0ab429,ClCCl,room,short,1
RXNTEST_6b8ec0371f34,NONE,hot,short,1
RXNTEST_f97f0950d341,CN(C)C=O,room,short,0
RXNTEST_efbf6c4777a8,NONE,hot,long,1
RXNTEST_ed76eb724fec,O,hot,short,1
RXNTEST_1bf4f0496f41,NONE,room,overnight,0
RXNTEST_2f21b58086f1,C(Cl)Cl,room,long,0
RXNTEST_062c9b14cd13,NONE,room,short,0
RXNTEST_6d099e095ae5,CN(C=O)C,warm,medium,0
RXNTEST_840434a6f713,CN(C)C=O,room,long,1
RXNTEST_844e703a1ca3,C(C)O,room,short,0
RXNTEST_948fc769a7b3,O1CCOCC1,hot,very_long,1
RXNTEST_d696fc233bca,CN(C)C=O,room,long,0
RXNTEST_4452afed5740,CN(C)C=O,hot,medium,0
RXNTEST_169b83efa0f5,CO,room,overnight,0
RXNTEST_e5b79eedf120,CO,room,short,0
RXNTEST_bf8896bb8a3e,CO,room,short,0
RXNTEST_2a854edcf0c6,ClCCl|C(Cl)Cl,room,long,0
RXNTEST_9431a4e0615f,NONE,room,short,0
RXNTEST_34063c644a97,O,room,medium,0
RXNTEST_b415b9b2619d,NONE,room,very_long,0
RXNTEST_2c373a9ab4ad,C1CCOC1,room,short,0
RXNTEST_2deac7600f88,NONE,hot,short,1
RXNTEST_0424a388028b,O,room,overnight,0
RXNTEST_bf7a8ee80ab4,CN(C)C=O,hot,long,0
RXNTEST_b0c27700c578,C(Cl)Cl,room,short,0
RXNTEST_52be062520eb,CN(C)C=O,room,short,0
RXNTEST_b13c76cf02bc,ClCCl,cold,short,0
RXNTEST_056751cbb986,C(C)O|CO,room,short,1
RXNTEST_5bf84edec517,O,hot,short,1
RXNTEST_2d057b5661d0,CO,room,short,0
RXNTEST_db4ce8e0088c,C1CCOC1,cold,long,0
RXNTEST_24f6e2d3dfd9,C(Cl)Cl,room,short,0
RXNTEST_39e0e0109a86,CO,room,medium,0
RXNTEST_abd1e7fcd813,NONE,room,medium,0
RXNTEST_146fc36d7d21,C1(=CC=CC=C1)C,hot,long,1
RXNTEST_0f2682ab8c0d,C1CCOC1,room,short,0
RXNTEST_af051f17f8d3,CN(C=O)C,room,short,0
RXNTEST_21ae0e4561d7,NONE,room,very_short,0
RXNTEST_a3a3a5fd42c6,NONE,hot,long,1
RXNTEST_8d45babdfdc4,O1CCOCC1,hot,long,1
RXNTEST_666aa55501c8,NONE,hot,short,0
RXNTEST_cc1f01c93869,NONE,warm,short,0
RXNTEST_697f6d0b28a7,CN(C)C=O,room,long,0
RXNTEST_7335b82faea5,C(Cl)Cl,room,short,0
RXNTEST_8289e0507755,NONE,warm,short,0
RXNTEST_fbd3b85e5fda,CO,cold,short,0
RXNTEST_99f4e6d85d3d,NONE,room,short,0
RXNTEST_92ad7dc7aa3d,O,hot,overnight,1
RXNTEST_3642dc3daaa4,CN(C)C=O,room,long,0
RXNTEST_6dbea3b40f75,NONE,warm,short,0
RXNTEST_afe47e90eb23,CN(C)C=O,room,short,0
RXNTEST_f354ce5e52b8,C(Cl)Cl,room,overnight,0
RXNTEST_4f0cbdccbd17,O1CCOCC1,hot,short,1
RXNTEST_57190d2e9fb5,CN(C)C=O,room,long,0
RXNTEST_c4d6debddf1e,O1CCCC1,room,long,0
RXNTEST_3cdd34666b5a,CO,room,short,1
RXNTEST_d590ba2b0d76,CN(C)C=O,room,short,0
RXNTEST_1514568b0a05,N1=CC=CC=C1,room,long,0
RXNTEST_da40818ec07a,NONE,hot,overnight,1
RXNTEST_bc2c34feafa4,O1CCOCC1|C1(=CC=CC=C1)C,hot,short,1
RXNTEST_513db306f663,NONE,room,short,0
RXNTEST_0ead17404fed,NONE,room,medium,0
RXNTEST_d8fd511418ca,NONE,hot,long,0
RXNTEST_23760535ca75,C1(=CC=CC=C1)C,hot,long,1
RXNTEST_2098dbc0b7ad,C1CCOC1,warm,long,0
RXNTEST_bdac2820d6a4,NONE,hot,medium,0
RXNTEST_c6911ee2c88a,CO,room,short,1
RXNTEST_48ec85da7006,NONE,room,medium,0
RXNTEST_69b5587e9e70,NONE,room,short,0
RXNTEST_ea8c53306a49,ClCCl,room,long,0
RXNTEST_fdea9f5df525,CN(C)C=O,hot,long,0
RXNTEST_6fd396e603a4,C(Cl)Cl,room,long,0
RXNTEST_846892da1117,C(Cl)Cl,room,long,0
RXNTEST_9e48a37a2f58,NONE,room,short,0
RXNTEST_3d5785a6d1df,NONE,room,short,0
RXNTEST_7b11bd35a893,C1CCOC1,cryogenic,short,0
RXNTEST_779bc0844618,NONE,room,medium,0
RXNTEST_6796cda4a9d1,NONE,room,very_long,0
RXNTEST_3d46a8dd8e98,ClCCl|C(Cl)Cl,room,short,0
RXNTEST_e0ce8eaaca13,C(C)(=O)O,room,medium,0
RXNTEST_ac069d179ae0,C1CCOC1,room,short,0
RXNTEST_e4ebb49cf3d4,CN(C)C=O,room,long,0
RXNTEST_d3b6e7508a4d,CN(C=O)C,hot,medium,1
RXNTEST_dcdcd44e3abe,NONE,room,short,0
RXNTEST_1e8bde2a7a10,O1CCOCC1,hot,short,1
RXNTEST_437d0d9f31d4,CN(C)C=O,room,short,0
RXNTEST_477d43d65691,C(Cl)Cl,room,overnight,0
RXNTEST_ac5665545062,CN(C)C=O,room,long,0
RXNTEST_d2947cf2efb1,C1CCOC1|O1CCCC1,room,short,0
RXNTEST_2382e6dcd5a5,NONE,room,medium,0
RXNTEST_e5e7a3a0b5a4,O1CCOCC1,hot,short,1
RXNTEST_39b7889d8575,C1CCOC1,room,short,0
RXNTEST_cbc0448f6a38,CO,room,short,0
RXNTEST_cc7f879f5988,C1CCOC1,room,short,0
RXNTEST_bad86df0cfd4,O1CCOCC1,hot,long,1
RXNTEST_b7321f7f6934,C1(=CC=CC=C1)C,hot,overnight,1
RXNTEST_4c90281e9986,CN(C)C=O|C(Cl)Cl,room,long,0
RXNTEST_4f88a367107b,O1CCOCC1,hot,medium,1
RXNTEST_d2c3e13a1f50,ClCCl,room,short,0
RXNTEST_dc41d8eab941,C(CC)#N,hot,medium,0
RXNTEST_94fb8ec0be8d,N1=CC=CC=C1,room,overnight,0
RXNTEST_69264f3c4a27,C(Cl)Cl,room,short,0
RXNTEST_65e621fc094b,C(C)#N,room,long,0
RXNTEST_51d6c884f198,C1(=CC=CC=C1)C,room,short,0
RXNTEST_fee1b7184ff8,O1CCOCC1,hot,short,1
RXNTEST_130382c62d76,C1CCOC1,cryogenic,short,0
RXNTEST_75b299233aad,NONE,warm,long,0
RXNTEST_43b2c19b7cda,O1CCOCC1|CN(C)C=O,hot,long,1
RXNTEST_3a09e4bfe71a,O1CCCC1,room,short,1
RXNTEST_5f86dcc67c92,NONE,room,long,0
RXNTEST_afadd7aedebc,CO,room,long,0
RXNTEST_072975fbbfe2,CO,room,long,0
RXNTEST_32571ac9b665,CO,room,long,0
RXNTEST_de9c50fcab33,O1CCOCC1,hot,short,1
RXNTEST_b499e14d8af6,NONE,warm,long,1
RXNTEST_aecfa0771229,O1CCOCC1|C1(=CC=CC=C1)C,hot,short,1
RXNTEST_71293f274070,NONE,room,medium,0
RXNTEST_d6993ce5bdbd,CN(C)C=O,warm,long,0
RXNTEST_54e26138e23b,C(C)O|CO,room,medium,1
RXNTEST_d0a444a12761,O1CCCC1|C1CCOC1,cryogenic,short,0
RXNTEST_60515f0507c2,NONE,hot,short,0
RXNTEST_460b49e1f546,NONE,room,long,1
RXNTEST_fd8a0919db6f,O,room,overnight,0
RXNTEST_7a06199234cb,CN(C)C=O,room,overnight,0
RXNTEST_73f5b84823c7,CN(C)C=O,hot,long,1
RXNTEST_9e674c2c6bf6,O,hot,short,1
RXNTEST_be216c17d069,CO,room,short,0
RXNTEST_b6894d65beb6,NONE,room,overnight,0
RXNTEST_77bc32fd53d9,NONE,room,medium,0
RXNTEST_3d2b53b33f02,O,hot,medium,1
RXNTEST_dd6de7b376ec,C(Cl)Cl,room,short,0
RXNTEST_81b31c12ac55,C1CCOC1,room,short,0
RXNTEST_e7d91a4110dd,CN(C)C=O,room,long,0
RXNTEST_5c4c06704777,NONE,room,long,0
RXNTEST_833898435333,CN(C)C=O,room,short,0
RXNTEST_7f053455f973,CN(C)C=O,room,overnight,0
RXNTEST_2c34fa73f1be,NONE,room,short,0
RXNTEST_3bdbb01be7c5,C1CCOC1,cold,short,0
RXNTEST_62af3fcd668d,CO,room,overnight,0
RXNTEST_f8d417ff2a97,CN(C)C=O,room,overnight,0
RXNTEST_2cac19073076,O,room,short,0
RXNTEST_4737a1e22b74,NONE,room,long,0
RXNTEST_caf5fbace1b8,NONE,warm,short,0
RXNTEST_9fb8c24f6ca0,NONE,hot,short,0
RXNTEST_ab28eb15e2d7,O,hot,long,1
RXNTEST_1addeec01e64,O1CCOCC1,hot,short,1
RXNTEST_abf39fc55c3b,NONE,room,medium,0
RXNTEST_6e5885f17f28,O1CCOCC1,hot,medium,1
RXNTEST_584e568c38c8,CN(C)C=O,room,medium,0
RXNTEST_2be9eb250461,O1CCOCC1,hot,short,1
RXNTEST_4cf1ba542c87,NONE,room,short,0
RXNTEST_1ff35a1e7822,O1CCOCC1,hot,short,1
RXNTEST_2abbf9b221f0,NONE,room,medium,0
RXNTEST_76a2fc2810dd,C(Cl)Cl,room,overnight,1
RXNTEST_9d16f7b4ef6f,O1CCOCC1,hot,short,1
RXNTEST_292e610a7a27,C(Cl)Cl,room,short,0
RXNTEST_a5a4e8e6421e,NONE,hot,short,1
RXNTEST_25bad44541cd,C(Cl)Cl|ClCCl,room,short,0
RXNTEST_0d104402e828,CN(C)C=O,room,long,0
RXNTEST_db3b8e7b5e3a,C(Cl)Cl,room,short,0
RXNTEST_a0344e567098,C(Cl)Cl,room,long,0
RXNTEST_2873ab8b1a5a,CN(C)C=O,room,short,0
RXNTEST_c059fdcb3c7c,O,hot,medium,0
RXNTEST_fe75ab5920ca,C1CCOC1,room,short,0
RXNTEST_d774ed085741,NONE,hot,very_long,0
RXNTEST_aeccc8802c82,CN(C)C=O,hot,medium,0
RXNTEST_f64cfc590a2d,O1CCOCC1,hot,long,1
RXNTEST_fc712c315952,CO,room,long,0
RXNTEST_7e0e37ccd39a,CN(C)C=O,room,overnight,0
RXNTEST_ff9c9b53da92,C(Cl)Cl,warm,overnight,0
RXNTEST_622e80296dd9,CN(C)C=O,warm,long,0
RXNTEST_6d4502220b4d,NONE,room,medium,0
RXNTEST_6a388a9e6ae0,CN(C)C=O,room,long,0
RXNTEST_b2e5f5f813a2,CO,room,short,0
RXNTEST_aaaff7f912b0,O1CCOCC1,hot,short,1
RXNTEST_022bc732ed0a,CN(C)C=O,room,long,0
RXNTEST_fe0d242ae93c,CN(C)C=O,hot,medium,0
RXNTEST_00acec2894a9,ClCCl,room,long,1
RXNTEST_d1c9c7f60498,C(C)O,room,medium,0
RXNTEST_a8f0665bf79b,CN(C=O)C,warm,long,0
RXNTEST_640ba1fe5cbb,CN(C)C=O,hot,long,0
RXNTEST_f5208a728987,C(C)O,room,short,1
RXNTEST_85e551f0482b,CN(C)C=O,room,short,0
RXNTEST_3fe812895f6c,NONE,hot,overnight,0
RXNTEST_87b6e38570ee,NONE,room,medium,0
RXNTEST_8f718862fd14,CN(C)C=O,warm,long,0
RXNTEST_89e6fee83b17,NONE,room,medium,0
RXNTEST_befcddcd469f,CN(C)C=O,hot,short,1
RXNTEST_2d4714597793,C(C)O,room,short,1
RXNTEST_03f7f4244821,NONE,hot,medium,1
RXNTEST_8e99afdb7975,O1CCOCC1,hot,long,1
RXNTEST_4f2408488a45,C1CCOC1,room,short,0
RXNTEST_cde27d9b8dee,C(C)O,room,long,0
RXNTEST_a544fae11175,N1=CC=CC=C1,room,medium,0
RXNTEST_7236a23eea98,NONE,room,long,1
RXNTEST_6bba0c5ad330,NONE,room,short,0
RXNTEST_03816b851f9a,NONE,warm,medium,1
RXNTEST_4b0a4149b8b0,CO,room,long,0
RXNTEST_985b3f804d19,C1CCOC1,room,long,0
RXNTEST_02a78b5d5f90,NONE,room,medium,0
RXNTEST_f487785c1e84,C1(=CC=CC=C1)C,hot,long,1
RXNTEST_5a2e8f141bb3,ClCCl,room,short,0
RXNTEST_67fb648b1c5a,NONE,room,overnight,0
RXNTEST_16d4d59cc140,NONE,warm,medium,0
RXNTEST_1d148019fa56,NONE,room,overnight,0
RXNTEST_b341f6e93fd0,O1CCOCC1,room,short,0
RXNTEST_b1b16450e5eb,CN(C)C=O,room,short,0
RXNTEST_85888609b05e,NONE,hot,medium,0
RXNTEST_4fce5a53b0c0,C(Cl)Cl|ClCCl,room,short,0
RXNTEST_bcc7a93c92d1,C(C)O,room,very_long,0
RXNTEST_12a231792a2e,O1CCOCC1,hot,long,1
RXNTEST_7c1721c3da8f,C(Cl)Cl,room,long,0
RXNTEST_fb5fff0e5e48,O1CCOCC1,hot,long,1
RXNTEST_a792d1c74c23,C1CCOC1,hot,short,0
RXNTEST_2af7801256a2,O1CCOCC1,hot,long,1
RXNTEST_558fdc7c20f6,CN(C=O)C,warm,short,1
RXNTEST_58c76f1a89b5,O1CCOCC1,hot,short,1
RXNTEST_42eada88f7d7,C(C)O,room,short,1
RXNTEST_83bc48a24777,C(Cl)Cl,room,long,0
RXNTEST_7b96a6c304f3,C(Cl)Cl,room,medium,0
RXNTEST_a8321aed1263,NONE,room,medium,0
RXNTEST_a8d832835516,CN(C)C=O,hot,short,0
RXNTEST_322fbebc13b3,NONE,hot,short,1
RXNTEST_1604f4063864,C(Cl)Cl,hot,long,0
RXNTEST_a560da825c6d,CN(C)C=O,room,long,0
RXNTEST_984105dad9f6,CN(C)C=O,room,medium,1
RXNTEST_84a04cbd65a7,ClCCl,room,short,0
RXNTEST_91d8b047dde2,C1CCOC1,room,overnight,0
RXNTEST_52601c8e1dba,CN(C)C=O,warm,long,0
RXNTEST_d6c75b113a03,O1CCOCC1|C1(=CC=CC=C1)C,hot,short,1
RXNTEST_b136839486a7,NONE,hot,long,0
RXNTEST_16a0c10fa8df,CN(C=O)C,room,short,0
RXNTEST_5f4fb1666a77,NONE,hot,short,1
RXNTEST_8680d9ab1875,C(Cl)Cl,room,short,1
RXNTEST_898932b99fa2,C(Cl)Cl,room,short,0
RXNTEST_52880e1eb824,ClCCl,room,short,0
RXNTEST_05243a61f104,CO,room,short,1
RXNTEST_c29c41107723,NONE,room,medium,0
RXNTEST_faa1cced942d,O1CCOCC1,hot,very_short,1
RXNTEST_6856b58dfb57,ClCCl,room,short,0
RXNTEST_f34e10fb9e61,NONE,warm,medium,0
RXNTEST_6cc395b03ce0,C(Cl)Cl,room,short,0
RXNTEST_8a47f20bab8d,NONE,room,long,0
RXNTEST_4353fa72253c,CO,room,medium,0
RXNTEST_aa695420e5c2,O,room,medium,1
RXNTEST_e42c3dbb598f,CN(C)C=O,hot,medium,0
RXNTEST_fe0900cc4bc9,O1CCCC1|C1CCOC1,cold,long,0
RXNTEST_efcaf4c02fe5,C1CCOC1|CN(C)C=O,room,short,0
RXNTEST_b6f4603b2bd0,C(Cl)Cl,room,short,0
RXNTEST_cfb05f5e35a2,NONE,room,short,0
RXNTEST_a7953ef67694,C(C)#N,warm,long,0
RXNTEST_91909a6dc46c,CCO,room,short,0
RXNTEST_a75dccf39945,NONE,room,short,0
RXNTEST_fafe122125f8,CN(C)C=O,warm,long,1
RXNTEST_8a521feefbe2,C1CCOC1,room,short,0
RXNTEST_51729e746542,C1CCOC1,room,short,0
RXNTEST_e32b46a3ed7c,CN(C)C=O,warm,long,0
RXNTEST_7e44ac6e6d4e,Cl,room,overnight,0
RXNTEST_69d1ef17ec58,CN(C)C=O,room,long,0
RXNTEST_c437992804d9,C1(=CC=CC=C1)C,hot,short,0
RXNTEST_a04c0c41d2b8,CN(C)C=O,hot,long,1
RXNTEST_662967dbb5c3,CN(C)C=O,room,long,0
RXNTEST_d719f0e4b0bc,C(Cl)Cl,room,short,0
RXNTEST_232ddae1eae5,CN(C=O)C|CN(C)C=O,room,medium,0
RXNTEST_b1f7b02c13f8,CN(C)C=O,warm,long,0
RXNTEST_e97699cfd0aa,NONE,hot,medium,1
RXNTEST_c25acd25b5e8,C1CCOC1,room,long,0
RXNTEST_384a740a2934,C1CCOC1,room,overnight,0
RXNTEST_a6756c03cf7d,NONE,hot,long,1
RXNTEST_6cae040ffe4c,CN(C)C=O,room,short,0
RXNTEST_89695d3df4bb,C(Cl)(Cl)(Cl)Cl|C(Cl)Cl,room,short,0
RXNTEST_c98df77bcd71,CN(C)C=O,hot,short,0
RXNTEST_da177c080ed1,C1CCOC1,hot,short,1
RXNTEST_a3c0360eeee3,O1CCOCC1,hot,medium,1
RXNTEST_5a6ea7f4a933,CO,hot,medium,0
RXNTEST_2270fd773744,C1(=CC=CC=C1)C,room,medium,0
RXNTEST_440b61b75a51,C(C)O,hot,medium,0
RXNTEST_c348f16e0f8c,CN(C)C=O,room,long,0
RXNTEST_dcfa42c81cc1,CS(=O)C,warm,long,1
RXNTEST_3e61d449df5d,NONE,hot,medium,0
RXNTEST_5426fe7856a2,NONE,room,long,0
RXNTEST_b2edfd265400,NONE,warm,long,0
RXNTEST_cab6df6f2342,NONE,hot,long,0
RXNTEST_c2bd667b9d40,NONE,room,short,0
RXNTEST_18ce444c4d60,C1CCOC1,room,short,0
RXNTEST_b72d3529e6d0,CN(C)C=O,room,long,0
RXNTEST_04b152e07f68,NONE,hot,medium,0
RXNTEST_301448e01ddd,C(Cl)Cl,room,short,0
RXNTEST_02334744911e,NONE,hot,long,0
RXNTEST_3e84b740ce00,ClCCl,room,medium,0
RXNTEST_e8e5dbaf1b3a,O1CCOCC1,hot,long,1
RXNTEST_ca89a543b069,CN(C)C=O,room,short,0
RXNTEST_922bac0c66ad,CN(C)C=O,warm,long,0
RXNTEST_5ca81db25e7f,O1CCOCC1,hot,short,0
RXNTEST_13076f0b3080,C1(=CC=CC=C1)C,hot,short,0
RXNTEST_98cff17aad6a,CN(C)C=O,room,short,0
RXNTEST_4212fe43aea5,C1CCOC1,hot,short,0
RXNTEST_0813bbf9a4c3,NONE,hot,long,0
RXNTEST_58eeb0690bed,NONE,room,short,0
RXNTEST_91c1d4b6d6df,CN(C)C=O,hot,short,1
RXNTEST_85bcd4d6a6f7,CN(C=O)C,room,overnight,0
RXNTEST_0106491abbac,C(C)O,room,short,0
RXNTEST_8fc3695e5484,NONE,hot,short,0
RXNTEST_336f08e260c7,C1(=CC=CC=C1)C,hot,long,1
RXNTEST_978d6072c21f,CC(=O)C,warm,medium,0
RXNTEST_99280f768437,O1CCOCC1,hot,short,1
RXNTEST_a090234bcd5d,C1CCOC1,cryogenic,short,0
RXNTEST_21f05af84ce2,O,room,long,0
RXNTEST_f6ade0b43732,C1CCOC1,cryogenic,short,0
RXNTEST_de62f44378f7,O,hot,overnight,1
RXNTEST_77fd09730f1c,C1CCOC1,hot,short,1
RXNTEST_53b7c5e39655,CN(C=O)C,room,short,0
RXNTEST_bce926455d53,NONE,hot,medium,1
RXNTEST_55d749726ecb,ClCCl,room,short,0
RXNTEST_95ab678a6916,CN(C)C=O,room,long,0
RXNTEST_0600b64b4fee,CN(C)C=O,hot,medium,1
RXNTEST_02dc6356b074,CN(C)C=O,room,short,0
RXNTEST_975d793400c7,O1CCOCC1,hot,long,1
RXNTEST_e481befb3e28,CO,warm,short,0
RXNTEST_954c67734984,ClCCl,room,long,0
RXNTEST_f21e91628d51,O1CCOCC1,hot,short,1
RXNTEST_be68c87c73d0,CN(C)C=O,room,long,0
RXNTEST_b01e9a8806b1,NONE,hot,long,0
RXNTEST_bd67dca948a7,CN(C)C=O,hot,short,1
RXNTEST_ac750ca2ffc7,NONE,room,short,0
RXNTEST_915a70d2a379,O1CCOCC1|C1(=CC=CC=C1)C,hot,long,1
RXNTEST_6bc7a234edd9,CN(C)C=O,hot,short,1
RXNTEST_ea22b87ae65b,NONE,room,medium,0
RXNTEST_f15e6d998591,ClCCl,room,short,0
RXNTEST_5b58adca1b18,ClCCl|C(Cl)Cl,room,medium,0
RXNTEST_909e95775e55,NONE,hot,long,0
RXNTEST_97715227e5d1,CO,room,short,0
RXNTEST_fafd4c92dc5c,O,room,short,0
RXNTEST_44a8a7014283,C(C)O,room,long,0
RXNTEST_020ed6d393cd,NONE,room,very_long,0
RXNTEST_b898580b0a30,C(Cl)Cl,room,long,0
RXNTEST_73b0290f5e69,O1CCOCC1,hot,long,1
RXNTEST_079442e72af7,CN(C)C=O,hot,medium,1
RXNTEST_83b562eccb90,NONE,warm,short,0
RXNTEST_9e43ee2a74ed,ClCCl,room,long,0
RXNTEST_bca29c279705,C1CCOC1,room,medium,0
RXNTEST_e684773870ac,ClCCl,room,long,0
RXNTEST_9df51df427ff,C1CCOC1,cryogenic,medium,0
RXNTEST_3f20ed9c1b80,C(Cl)Cl,room,short,0
RXNTEST_c5aa4c798d0d,O1CCOCC1,hot,short,1
RXNTEST_0f3fd51ab88c,CN(C)C=O,room,long,0
RXNTEST_942a5fbea437,O,hot,short,1
RXNTEST_7081a31d1ea1,CN(C)C=O,room,long,0
RXNTEST_6c5879f614da,ClCCCl,room,long,0
RXNTEST_3ee5f0e6261d,NONE,hot,short,1
RXNTEST_d0a0a9eecb4c,CN(C)C=O,room,short,0
RXNTEST_c4092161225a,O1CCCC1,cryogenic,short,0
RXNTEST_102bf3f9d3a5,CN(C)C=O,room,long,0
RXNTEST_ad1b6962738c,O,room,overnight,1
RXNTEST_eb973bd2d259,C1CCOC1,cryogenic,short,0
RXNTEST_4fd40037df6a,C(C)O,cold,short,0
RXNTEST_6e6c716d9d52,NONE,hot,medium,0
RXNTEST_fc13764d6882,N1=CC=CC=C1,room,long,0
RXNTEST_5caae465dc61,NONE,room,long,0
RXNTEST_a7cd663ce652,NONE,warm,short,0
RXNTEST_c6ed511212e2,CN(C)C=O,hot,medium,1
RXNTEST_5f72ca50af68,ClCCl,room,short,0
RXNTEST_2b7a5635680c,C1(=CC=CC=C1)C,hot,long,0
RXNTEST_403f663ca8ae,C(Cl)Cl,room,overnight,0
RXNTEST_5252ee6bf36b,C(Cl)Cl,room,short,0
RXNTEST_e9065203551e,O,hot,short,1
RXNTEST_7bbd256aa229,CN(C)C=O,room,long,0
RXNTEST_1b010414e65a,O1CCOCC1,hot,short,1
RXNTEST_a88cb2f9c87b,NONE,room,short,0
RXNTEST_4c472ca9ed2d,O,warm,short,1
RXNTEST_062981a8e05d,CN(C)C=O,warm,long,0
RXNTEST_e1e0d4dd06ff,CN(C)C=O|C(Cl)Cl,room,short,0
RXNTEST_e69ae6e7ca98,NONE,room,short,0
RXNTEST_0ff04e755c4f,NONE,room,long,0
RXNTEST_1d129e054a23,O,hot,long,1
RXNTEST_bfad2842fdcb,O1CCOCC1,room,long,0
RXNTEST_e961b76ac1e9,C1CCOC1,room,short,0
RXNTEST_f7c2e2ead0a8,CN(C)C=O,room,long,0
RXNTEST_1cf98cbc6fdf,C1CCOC1,room,short,0
RXNTEST_10231df9b28e,CN(C)C=O,room,short,0
RXNTEST_885ab41a016e,CN(C=O)C|CN(C)C=O,warm,medium,0
RXNTEST_55cfcee77d21,O1CCOCC1,hot,long,1
RXNTEST_e8dcf963190c,C(Cl)Cl,room,short,0
RXNTEST_ad2472b8f45b,NONE,warm,long,0
RXNTEST_0ad02170e07b,CN(C)C=O,hot,long,0
RXNTEST_7c7214e0ff34,O,hot,short,1
RXNTEST_5252bcb12190,O,hot,long,1
RXNTEST_e97e1cb7dced,O,hot,short,1
RXNTEST_824c18155ec5,ClCCl,room,short,0
RXNTEST_df17e8000393,CN(C)C=O,hot,long,0
RXNTEST_d6d09c7724fd,NONE,room,short,0
RXNTEST_65e544e9a1e2,CO,room,short,0
RXNTEST_e71a5f6937fc,O,warm,long,0
RXNTEST_9dcb7189c6e7,C(Cl)Cl,room,long,0
RXNTEST_fdc4e733a615,NONE,room,long,0
RXNTEST_26d974511e20,NONE,hot,short,0
RXNTEST_a14f4c48676a,CO,room,short,0
RXNTEST_82666442776e,NONE,room,short,0
RXNTEST_6aeb738edac9,NONE,room,medium,1
RXNTEST_456e2eadea80,C(Cl)Cl,room,short,0
RXNTEST_27af2f18986e,NONE,hot,long,0
RXNTEST_f49d42f920c6,O,hot,short,1
RXNTEST_6e485c16e58a,CN(C)C=O,room,overnight,0
RXNTEST_2d7bbb58eebb,C(Cl)Cl,room,medium,0
RXNTEST_17216662cb41,C1CCOC1,room,short,0
RXNTEST_64845021f9ce,CO,room,medium,1
RXNTEST_82024a6c531b,O,hot,long,1
RXNTEST_bd804594eb68,C1(=CC=CC=C1)C,hot,short,1
RXNTEST_e32b4ba1239b,O1CCOCC1,hot,long,1
RXNTEST_b0aa9d31cd0a,CO,room,overnight,0
RXNTEST_89859129f814,COCCOC,hot,short,1
RXNTEST_8ce725e754f5,NONE,hot,medium,0
RXNTEST_c2ffbf0aedf3,C1CCOC1,room,overnight,0
RXNTEST_5e5663a13e9d,O1CCOCC1,hot,short,1
RXNTEST_f203fb93479a,O,hot,long,1
RXNTEST_f60a0930e419,NONE,hot,short,0
RXNTEST_7e88da304db7,C(C)O,room,medium,0
RXNTEST_e7c04dd3aa54,NONE,room,short,0
RXNTEST_cf6146370c11,C(C)O|O,warm,short,0
RXNTEST_e8328a350bfe,O,hot,long,1
RXNTEST_b25f3262ae84,C1CCOC1,room,medium,0
RXNTEST_e6a889bab2bf,CN(C=O)C,warm,medium,0
RXNTEST_e5cab8ee6b9c,O,hot,short,1
RXNTEST_68f75bf06884,NONE,room,short,0
RXNTEST_f7fdfa59546d,O1CCOCC1,hot,short,1
RXNTEST_4818054f037e,CN(C=O)C,hot,medium,0
RXNTEST_04b49e72d8ec,C(C)O,room,short,1
RXNTEST_c4b6bf07736a,NONE,hot,medium,0
RXNTEST_9b1beff9f469,O,hot,short,1
RXNTEST_0d521b08b80c,NONE,warm,medium,0
RXNTEST_a8a7d8ad0ac9,NONE,room,long,0
RXNTEST_a1c3e5851cb2,C1CCOC1,room,short,0
RXNTEST_68bc106c68d1,CO,room,long,1
RXNTEST_2102cc5cbefa,NONE,hot,short,1
RXNTEST_bbfa56c62439,C1(=CC=CC=C1)C,hot,long,1
RXNTEST_e2fa53b110bc,ClCCl|C(Cl)Cl,room,long,0
RXNTEST_9f8a425b1c99,CN(C=O)C,room,long,0
RXNTEST_022430465b45,O,hot,short,1
RXNTEST_0e05a7e23d2b,CN(C)C=O,hot,short,1
RXNTEST_7dc28a053991,C(C)(=O)O,room,short,0
RXNTEST_d8e1f1286670,C(C)O,room,medium,1
RXNTEST_ad6d434799ba,C1CCOC1,cryogenic,short,0
RXNTEST_fcafa03f7549,CN(C)C=O,room,short,0
RXNTEST_fa07f15250bb,O,warm,short,0
RXNTEST_69fa55344e7b,C(Cl)Cl,room,short,0
RXNTEST_696057d19828,C1(=CC=CC=C1)C,hot,long,0
RXNTEST_8f0b7331a07b,NONE,hot,short,1
RXNTEST_1009c29f1421,NONE,hot,medium,0
RXNTEST_9268fe185c9b,C1CCOC1,cold,short,0
RXNTEST_e25ed1a47b43,O,room,short,0
RXNTEST_662b21173dfb,O,room,long,0
RXNTEST_e01f61097721,O,room,short,0
RXNTEST_d1e32d2f8778,CO,room,short,0
RXNTEST_6797ff63a0ce,CN(C)C=O,warm,long,1
RXNTEST_7e49fdc981dc,O1CCCC1,cold,short,0
RXNTEST_60b5ac484018,O1CCOCC1|CN(C)C=O,hot,long,1
RXNTEST_6a6bfbfaece6,O,warm,medium,0
RXNTEST_d11dab74b6f8,CO,room,long,1
RXNTEST_912a62a62104,CN(C)C=O,room,overnight,0
RXNTEST_12a95d1b71cd,CO,room,medium,1
RXNTEST_8f9190d21835,CO,room,overnight,0
RXNTEST_7e538c706dfa,CN(C)C=O,hot,very_short,0
RXNTEST_8724ebcc39cc,NONE,room,long,0
RXNTEST_f7b07cbcd6d9,C(C)O,room,short,0
RXNTEST_0c670580cead,NONE,hot,short,1
RXNTEST_98450e535b11,NONE,hot,long,0
RXNTEST_4133655bb70f,CN(C)C=O,room,long,0
RXNTEST_39792bc44fa8,ClCCl,room,short,0
RXNTEST_ab83d5b320b9,NONE,room,long,0
RXNTEST_2ae0ca081901,C(C)O,room,long,0
RXNTEST_937d1faf7de3,ClCCl,room,short,0
RXNTEST_7cc986538b12,CN(C)C=O,room,overnight,0
RXNTEST_9bdcaf7ae71b,NONE,room,short,0
RXNTEST_826ecb98f353,NONE,cryogenic,short,0
RXNTEST_1a057cd4a1be,C1CCOC1,room,short,0
RXNTEST_996421d46ec6,ClCCl,room,short,0
RXNTEST_5972608f2162,CO,room,short,0
RXNTEST_0bd681d9668d,CN(C)C=O,room,short,0
RXNTEST_63744c298e59,NONE,room,short,0
RXNTEST_042757804539,CC(=O)C,room,long,0
RXNTEST_3e6ade901634,O,hot,short,1
RXNTEST_2c3131ed10b2,C(Cl)(Cl)Cl,warm,medium,0
RXNTEST_719d1680b9c9,O1CCOCC1,hot,short,1
RXNTEST_f1c211d25b4d,C(C)(=O)OCC,room,long,0
RXNTEST_f71cafd338cc,NONE,hot,short,1
RXNTEST_54792da9095f,CO,room,long,0
RXNTEST_5aa17dde06b7,CO,room,long,0
RXNTEST_6ba64fcbb121,CCO,hot,medium,0
RXNTEST_b92e4e563b35,CN(C=O)C,room,overnight,0
RXNTEST_b597efb3eaf0,C(Cl)Cl,room,very_short,0
RXNTEST_edbcc7faa1d1,NONE,hot,long,0
RXNTEST_f3a71f92b7e0,C(C)O,room,overnight,0
RXNTEST_4204c55e777c,C(C)O,room,short,0
RXNTEST_7fdaeab95dcf,CN(C)C=O,room,short,0
RXNTEST_058d6431177a,NONE,warm,very_long,1
RXNTEST_e0aaa0eb1ee1,ClCCl,room,medium,1
RXNTEST_e9a788b365e7,C(Cl)Cl,cold,very_short,0
RXNTEST_d832bc17c0c6,C1CCOC1,room,overnight,0
RXNTEST_ed3034c2566b,O1CCOCC1,hot,short,1
RXNTEST_eb10c8b09b1d,O1CCOCC1,hot,long,1
RXNTEST_2399e8897c5e,CN(C=O)C|CN(C)C=O,room,short,0
RXNTEST_338d86bba2bd,O1CCOCC1,hot,short,1
RXNTEST_c5ab1fd0d9a1,CN(C)C=O,hot,long,1
RXNTEST_6c78ebc265a3,CO,room,medium,1
RXNTEST_28cb6def5bb5,ClCCl,room,short,0
RXNTEST_0a45f82ef1cf,O1CCOCC1,hot,short,1
RXNTEST_0c638098eb11,C1(=CC=CC=C1)C,hot,short,1
RXNTEST_a0e99cd5cb09,NONE,room,short,0
RXNTEST_de13b21f2261,CO,room,medium,0
RXNTEST_553869cd5b3b,NONE,room,medium,0
RXNTEST_10ee58e085ac,ClCCl,room,overnight,1
RXNTEST_ee18aeae1dbf,NONE,hot,long,0
RXNTEST_06a259474f7b,NONE,hot,short,0
RXNTEST_f3aa6db7f9ef,CN(C)C=O,hot,medium,0
RXNTEST_eac1315934c3,C1CCOC1,room,medium,0
RXNTEST_83c660932a63,ClCCl,room,long,0
RXNTEST_f469b45f2649,O1CCCC1,room,short,0
RXNTEST_ad75837896b5,C(Cl)Cl,room,short,0
RXNTEST_d2c25094e1af,ClCCl,room,long,0
RXNTEST_934720fbe425,NONE,room,long,1
RXNTEST_441d3fcabb1e,CN(C)C=O,room,short,0
RXNTEST_55eba2ef7ca2,CN(C)C=O,room,overnight,0
RXNTEST_cf5de4db34f9,C(Cl)Cl,room,short,0
RXNTEST_9fd4ef8c4068,O,hot,long,1
RXNTEST_7b384d3687bd,NONE,room,short,0
RXNTEST_f145cd60d864,C1CCOC1|O1CCCC1,room,short,0
RXNTEST_aa3d56423e36,C(Cl)Cl,room,long,0
RXNTEST_761fbe74285d,NONE,warm,short,0
RXNTEST_4183bd042713,NONE,room,medium,0
RXNTEST_1e3bc82455f0,CN(C)C=O,room,short,0
RXNTEST_2ab01f085569,NONE,room,short,0
RXNTEST_8beb8aec11c1,C(C)#N,room,short,0
RXNTEST_eca415076b00,C1(=CC=CC=C1)C,hot,long,0
RXNTEST_8899f336384a,CN(C)C=O,hot,medium,0
RXNTEST_9665325a4226,C(Cl)Cl,room,short,0
RXNTEST_055fd7edd2a1,C(Cl)Cl,room,medium,0
RXNTEST_fc3002cd1176,CN(C)C=O,room,long,0
RXNTEST_b29a66228ed4,C(Cl)Cl,room,short,0
RXNTEST_b4aa98d56c2a,O,warm,short,1
RXNTEST_1d71f3da58da,NONE,room,medium,0
RXNTEST_4fa84dce38d0,O,warm,short,1
RXNTEST_67eac0198045,ClCCl|C(Cl)Cl,room,medium,0
RXNTEST_15f2905435dd,O,room,short,0
RXNTEST_21d298d8baee,C(Cl)Cl,room,medium,0
RXNTEST_ae5bd82606bd,CO,room,medium,0
RXNTEST_0297377cf05e,CN(C)C=O,room,short,0
RXNTEST_a9e513e5748b,CO,warm,short,0
RXNTEST_43a5edc030b0,C1CCOC1|O1CCCC1,cold,short,0
RXNTEST_0d9b7f20a483,C(Cl)Cl,room,short,0
RXNTEST_5190d183f322,C(C)#N,warm,medium,0
RXNTEST_50f8de524c7a,CN(C)C=O,hot,medium,0
RXNTEST_23e8bbb3f3a9,C1CCOC1,room,long,0
RXNTEST_50f5c0fb9543,CN(C=O)C,room,long,0
RXNTEST_1dafca809901,ClCCl|C(Cl)Cl,room,short,0
RXNTEST_017f9f3e08a2,ClCCCl,room,medium,0
RXNTEST_dd294f3f96ca,CO,room,short,1
RXNTEST_dd6b2d065f20,O,room,medium,0
RXNTEST_4fe39d881943,C(Cl)Cl,room,short,0
RXNTEST_964f40e62826,C(C)(=O)O,cold,medium,0
RXNTEST_96455323590b,C1(=CC=CC=C1)C|CN(C)C=O,hot,long,1
RXNTEST_9588fc12773f,CN(C)C=O,hot,long,0
RXNTEST_af19a60299d5,C1CCOC1,room,long,0
RXNTEST_dae88d7f2fb8,O,hot,long,1
RXNTEST_6907306e6c4a,C1CCOC1,cryogenic,short,0
RXNTEST_10d8f9cc6f12,CO,cold,short,0
RXNTEST_1926e1925338,NONE,room,long,0
RXNTEST_600781984835,NONE,warm,medium,0
RXNTEST_d3b52a9e7b85,ClCCl,room,short,0
RXNTEST_7e437986ceb1,NONE,room,short,0
RXNTEST_c658b2b743af,CN(C)C=O,hot,long,0
RXNTEST_f3ba3cc11582,C(Cl)Cl,room,short,0
RXNTEST_b3b3f5baf53e,NONE,room,short,0
RXNTEST_6d2563f24c91,O1CCOCC1,hot,long,1
RXNTEST_a67c1055178b,NONE,room,short,0
RXNTEST_2c5e95eb41d7,CN(C)C=O,room,medium,0
RXNTEST_99eacf1eb078,CN(C)C=O,hot,long,1
RXNTEST_489d1ebc7299,NONE,hot,short,0
RXNTEST_b27658e30c35,CN(C)C=O,room,short,0
RXNTEST_8057aec873e3,C(Cl)Cl,room,short,0
RXNTEST_1d6a503a5018,CO,room,medium,0
RXNTEST_d59c1d44cccc,CO,room,very_long,0
RXNTEST_629de5b05ddf,C1CCOC1,warm,long,0
RXNTEST_6231a76e777a,O,room,short,0
RXNTEST_1efd88528c1f,CN(C)C=O,room,short,0
RXNTEST_77811167be05,O1CCOCC1,hot,medium,1
RXNTEST_1623764be011,NONE,room,short,0
RXNTEST_0caa2d451ecd,NONE,hot,short,0
RXNTEST_70f8447b5bd2,O1CCOCC1,hot,overnight,1
RXNTEST_e2d8a37b6dcc,CN(C=O)C,hot,short,0
RXNTEST_b6bb40fcab36,COCCOC,room,short,1
RXNTEST_0b868baa03e1,NONE,room,short,0
RXNTEST_5816f19f40aa,C1CCOC1,room,short,0
RXNTEST_adc6029783b9,CN(C)C=O,room,short,0
RXNTEST_1f274d354d72,NONE,hot,long,1
RXNTEST_55945f5e08e3,C(Cl)Cl,room,short,0
RXNTEST_2c6be0e89e63,NONE,hot,short,1
RXNTEST_08868b1d7b1f,CN(C)C=O,hot,very_long,1
RXNTEST_4c2cf1785abc,O1CCOCC1|C1(=CC=CC=C1)C,hot,long,1
RXNTEST_4328cf057944,CN(C)C=O,hot,long,0
RXNTEST_e29303d1b38a,C1CCOC1|O1CCCC1,cold,short,0
RXNTEST_dc18de0fa5c2,O,hot,short,0
RXNTEST_ef4add6186b1,NONE,cold,short,0
RXNTEST_c4d36c62139e,CN(C)C=O,warm,short,0
RXNTEST_57dd30fba312,O1CCOCC1,hot,medium,1
RXNTEST_c8c46c310df0,CN(C=O)C,room,short,0
RXNTEST_cfabfb0dd567,C1CCOC1,cold,short,0
RXNTEST_cb6fa799d802,CO,room,overnight,0
RXNTEST_efd7263eb52f,O1CCOCC1,hot,short,1
RXNTEST_db9d2bed60fc,CN(C)C=O,hot,medium,0
RXNTEST_513ec3f36aa7,CN(C)C=O,warm,long,0
RXNTEST_156d9b55fa91,CN(C)C=O,hot,long,0
RXNTEST_66644f9bce0c,C1(=CC=CC=C1)C,hot,medium,1
RXNTEST_6a9c41530dca,CN(C)C=O,hot,long,0
RXNTEST_bc16f68912b4,O,warm,medium,1
RXNTEST_562deb31634d,CN(C)C=O,room,short,0
RXNTEST_590f3451428e,NONE,hot,short,0
RXNTEST_b9d1ecf9dfcd,NONE,warm,medium,0
RXNTEST_dec576b35ca7,ClCCl,room,short,0
RXNTEST_a52fa526a966,O,room,medium,0
RXNTEST_8aa2e5e6e969,CO|C(C)O,room,short,0
RXNTEST_d0d0af5ecf15,NONE,room,medium,0
RXNTEST_5dc66d8337da,NONE,room,short,0
RXNTEST_f8ba76a35771,O1CCOCC1,hot,short,1
RXNTEST_a032df33fb9f,NONE,hot,overnight,0
RXNTEST_e5bc1587d1ad,C(Cl)Cl,room,medium,0
RXNTEST_bf2e0481ac36,NONE,room,short,0
RXNTEST_90c817b39203,CO,room,short,0
RXNTEST_b4cedfd4f759,C1(=CC=CC=C1)C,hot,long,1
RXNTEST_d622aa203ab2,NONE,warm,long,0
RXNTEST_d885d164d4cf,C(Cl)Cl,room,long,0
RXNTEST_63afe7bcb4cb,CN(C)C=O,warm,medium,0
RXNTEST_e4d765f2cc61,C1CCOC1,warm,medium,0
RXNTEST_cf690fa860ff,CN(C)C=O,room,long,0
RXNTEST_0dc6a745c732,CN(C)C=O,hot,long,1
RXNTEST_66186f984019,C(Cl)Cl,cryogenic,short,0
RXNTEST_cf7fd839cd21,CN(C)C=O,hot,long,0
RXNTEST_18e06938d3d1,O,hot,long,1
RXNTEST_faf72fe7e6f1,ClCCl,room,long,0
RXNTEST_18df8c792270,CN(C=O)C|CN(C)C=O,room,overnight,0
RXNTEST_728bb0cc6e51,CN(C)C=O,warm,medium,0
RXNTEST_33119a9c5139,C(C)O,room,short,0
RXNTEST_890d8c71d69f,NONE,hot,long,0
RXNTEST_598f4546266f,C1CCOC1,room,short,0
RXNTEST_f32751f62b12,O,room,short,0
RXNTEST_3c1cdeca0ac2,C(C)O,room,long,0
RXNTEST_5c0aef353057,CO,room,short,0
RXNTEST_354b3f4336af,NONE,room,short,1
RXNTEST_f48bd3c144a9,CN(C=O)C,warm,long,0
RXNTEST_cd8d79068e01,C1(=CC=CC=C1)C,hot,long,1
RXNTEST_83cafac4cd76,CO,room,long,0
RXNTEST_88c255fd34db,CO,room,medium,1
RXNTEST_f98f65d08623,O,hot,short,0
RXNTEST_f00c35a18541,C(C)(=O)O,room,medium,0
RXNTEST_da130154ec4d,CN(C)C=O,hot,short,0
RXNTEST_9c0ba41a7e92,CO,room,short,0
RXNTEST_c68ff48058a3,CN(C)C=O,room,long,0
RXNTEST_8ca457dd542b,COCCOC,hot,long,1
RXNTEST_7880cba4971c,NONE,hot,short,0
RXNTEST_c985c1b855a0,C(C)O,room,short,0
RXNTEST_d09b487617da,C(Cl)Cl|C1CCOC1,cryogenic,long,0
RXNTEST_93c1872259c5,O,hot,short,1
RXNTEST_9bb8582cf963,C(C)(=O)O,room,short,0
RXNTEST_c563492fcd06,C(C)(=O)O,room,short,1
RXNTEST_3bf78c6744fb,NONE,room,medium,0
RXNTEST_448073d095af,NONE,hot,short,0
RXNTEST_150feaebd7fe,O,hot,long,1
RXNTEST_58a6c7bd20f3,NONE,room,overnight,1
RXNTEST_ff5a4b1bdf59,C1CCOC1,room,short,1
RXNTEST_9f785b09860f,COCCOC,hot,short,1
RXNTEST_3d743e08cc53,C1(=CC=CC=C1)C,hot,medium,1
RXNTEST_e55cb8b948ba,NONE,room,short,0
RXNTEST_f3e2fa786999,C(Cl)Cl,room,overnight,0
RXNTEST_3030e27671ef,O|O1CCOCC1,hot,short,1
RXNTEST_4920f4a49d74,CC(C)O,hot,short,0
RXNTEST_c07b4dd0858d,CC(=O)C,room,medium,0
RXNTEST_2ace336ae2be,ClCCl,warm,short,1
RXNTEST_2ace8f6c6ede,NONE,room,short,0
RXNTEST_64df544a44a0,O,warm,short,0
RXNTEST_aad3ce409390,CN(C=O)C,hot,medium,0
RXNTEST_b05a7b249eb2,C(Cl)Cl,room,medium,0
RXNTEST_708463be0226,NONE,hot,long,0
RXNTEST_ba1e3756b51a,CO,room,medium,1
RXNTEST_c3a57f5b4bfa,NONE,room,short,0
RXNTEST_156f0f114d57,C1CCOC1,room,short,0
RXNTEST_2f47fd5b8b99,CN(C)C=O,warm,long,0
RXNTEST_84acbbc2191b,CN(C)C=O,room,overnight,0
RXNTEST_be0fa8a5dd74,CO,room,short,0
RXNTEST_6e575030bc14,O,room,medium,0
RXNTEST_ecaf73a45f00,ClCCl,room,long,0
RXNTEST_12095624c356,CN(C=O)C|CN(C)C=O,room,short,0
RXNTEST_33afd99ff34b,C1(=CC=CC=C1)C,hot,long,1
RXNTEST_64b77017a46c,C(C)O,room,long,0
RXNTEST_3eb9840bd35d,NONE,room,short,0
RXNTEST_6013824de2bb,CN(C)C=O,room,long,0
RXNTEST_884aa4280505,CO,room,long,0
RXNTEST_0849e3a322c1,O1CCOCC1,hot,medium,1
RXNTEST_15a5ec964245,C1CCOC1,room,overnight,0
RXNTEST_b1e66a774ecf,C(C)O,room,short,0
RXNTEST_46a761fa7e21,CO,room,long,0
RXNTEST_3c45b2f8de62,C1(=CC=CC=C1)C|O1CCOCC1,hot,short,1
RXNTEST_75d73f06071c,CN(C=O)C,room,overnight,0
RXNTEST_8e4571117c2b,C(C)O,hot,overnight,0
RXNTEST_d0f85d3023a0,C(Cl)Cl,room,long,0
RXNTEST_3380d2da8a6f,C(Cl)Cl,room,short,0
RXNTEST_ad3d3c669375,NONE,room,long,0
RXNTEST_30f415a667ce,C1CCOC1|O,room,overnight,0
RXNTEST_ca48d3e98456,C(C)#N,warm,long,0
RXNTEST_8bb350134b06,C1(=CC=CC=C1)C,hot,overnight,1
RXNTEST_6f0ec65cfe9b,CO,room,medium,1
RXNTEST_53c5e5c3c4f0,NONE,room,overnight,0
RXNTEST_ea9b77054238,CN(C)C=O,room,long,0
RXNTEST_a40e35210cf3,CN(C)C=O,room,long,0
RXNTEST_e0b9ffcf1d88,CN(C)C=O,warm,long,0
RXNTEST_5339cab29791,C1(=CC=CC=C1)C,room,short,1
RXNTEST_a9c03b02c224,O,room,short,0
RXNTEST_9d367baabb11,O1CCOCC1,hot,long,1
RXNTEST_e89f311a3d8a,NONE,hot,long,1
RXNTEST_8d32d23df26d,NONE,room,short,0
RXNTEST_4e1211e6abe3,O1CCOCC1,room,short,0
RXNTEST_c7f20aa59850,NONE,hot,short,1
RXNTEST_5d9034af6352,NONE,hot,medium,0
RXNTEST_2bd6331bdaac,CN(C)C=O,room,long,0
RXNTEST_f3f32e26e019,NONE,hot,short,1
RXNTEST_d1d65ddf9d6e,CN(C)C=O,hot,long,0
RXNTEST_e8ed1cd5cf9f,CN(C)C=O,hot,overnight,1
RXNTEST_97ae398529a1,CN(C)C=O,hot,long,0
RXNTEST_57fdc8ba6fce,O1CCOCC1,hot,short,1
RXNTEST_24eec996646b,NONE,hot,long,0
RXNTEST_d55ed85b3fff,CO,room,medium,0
RXNTEST_b05cc5739842,C(Cl)Cl,hot,long,0
RXNTEST_5c2dc1750b28,CN(C)C=O,hot,long,0
RXNTEST_93df4c9d5eea,CN(C)C=O,hot,short,0
RXNTEST_699d666b796e,O1CCOCC1,hot,long,1
RXNTEST_c3b9b953b0c1,C(C)O,room,long,0
RXNTEST_32c2aba63a19,C(Cl)Cl,room,long,0
RXNTEST_58f14ea375c4,CN(C=O)C,room,short,0
RXNTEST_4e9b11042e29,CN(C)C=O,hot,medium,0
RXNTEST_3f72e6f904b7,CO,warm,medium,1
RXNTEST_42ee4b53e1b5,O1CCOCC1,hot,short,1
RXNTEST_11a72a705dd8,O1CCOCC1|C1(=CC=CC=C1)C,hot,short,1
RXNTEST_569d56c5bb57,C(Cl)Cl,room,medium,1
RXNTEST_d7f64a172322,O,cold,short,0
RXNTEST_9035c730eeba,ClCCl,room,short,0
RXNTEST_4271997cccb9,O,room,medium,0
RXNTEST_d2b2ea6b818c,CN(C)C=O,room,short,0
RXNTEST_437417c98d3f,NONE,room,long,0
RXNTEST_d654287811e6,O1CCOCC1,hot,short,1
RXNTEST_60c7c2ec3bfd,O,hot,short,1
RXNTEST_dd3648932611,ClCCl,room,short,0
RXNTEST_cebaec3da1e3,C1CCOC1,room,long,0
RXNTEST_827b3d20ce12,NONE,room,medium,0
RXNTEST_ba474d44e8eb,C(Cl)Cl,room,medium,0
RXNTEST_ec91015edb77,CN(C)C=O,room,medium,0
RXNTEST_20620b4335c4,C1CCOC1,room,short,0
RXNTEST_ae828f67a10c,CN(C=O)C|CN(C)C=O,warm,medium,0
RXNTEST_236958715208,CN(C=O)C|CN(C)C=O,room,short,0
RXNTEST_172b1dcf3d45,NONE,room,short,0
RXNTEST_e7a808d35667,C(C)(C)O,hot,short,0
RXNTEST_6ca335a34c11,CO,room,short,1
RXNTEST_bffcb91717ab,NONE,room,very_long,0
RXNTEST_62cef2b89e07,C(C)#N,warm,long,0
RXNTEST_46ba1c71b5c9,O1CCOCC1,hot,overnight,1
RXNTEST_f88616840d27,NONE,room,medium,0
RXNTEST_7b76956917ca,CN(C)C=O,room,long,0
RXNTEST_d516fb9289d6,CO,room,long,0
RXNTEST_76e08b39ad4f,ClCCl,room,overnight,0
RXNTEST_311877d43efe,C(Cl)Cl,room,short,0
RXNTEST_4d9d1c523b18,CN(C)C=O,room,short,0
RXNTEST_54f703b19290,NONE,hot,short,1
RXNTEST_f1456f1da50d,NONE,hot,short,0
RXNTEST_a4e94a31cdb6,C(Cl)Cl,room,long,0
RXNTEST_ee5467cd47cf,NONE,room,overnight,0
RXNTEST_6d40ce78be02,C1CCOC1,room,long,0
RXNTEST_923e281c79d8,O,hot,short,1
RXNTEST_060748f78edb,NONE,room,medium,0
RXNTEST_487699bccadd,C(Cl)Cl,room,long,0
RXNTEST_b29b31833c9d,CO,room,long,1
RXNTEST_2d4b991db47a,CN(C)C=O,room,long,0
RXNTEST_7b7b0df45a36,O1CCOCC1,hot,long,1
RXNTEST_e0d002776370,C(Cl)Cl,room,overnight,0
RXNTEST_8c9104bd1184,NONE,room,short,0
RXNTEST_f145e106d2d4,C1(=CC=CC=C1)C,hot,long,1
RXNTEST_e30d4ae6bbe7,O1CCOCC1,hot,long,0
RXNTEST_9edd3ce7cace,NONE,room,short,0
RXNTEST_90953f7145ba,NONE,hot,overnight,0
RXNTEST_c28ba04c9fb5,O,hot,short,1
RXNTEST_f7e29affbac9,CO,room,short,1
RXNTEST_d20a0e95ecd6,CN(C)C=O,hot,long,1
RXNTEST_3a4fb69d1e83,CN(C=O)C,room,long,0
RXNTEST_7469394a6815,CO|C1CCOC1,room,long,0
RXNTEST_648a0ff525f4,C(Cl)Cl,room,medium,1
RXNTEST_79e84ff5c841,O,hot,medium,1
RXNTEST_39cd208323db,NONE,room,long,0
RXNTEST_17d7be346673,O1CCCC1|C1CCOC1,cryogenic,short,0
RXNTEST_d5e1db80af92,CN(C=O)C,warm,short,0
RXNTEST_58f7b75d2319,C(C)O,warm,short,0
RXNTEST_adc323ac4245,O,hot,long,1
RXNTEST_7ff7d6943cac,NONE,room,medium,0
RXNTEST_115393f9b108,CN(C)C=O,room,long,0
RXNTEST_13dd3fd79753,O1CCCC1,room,long,0
RXNTEST_4cadcec57628,O,hot,short,1
RXNTEST_79a5a49e6227,O1CCOCC1,hot,short,1
RXNTEST_b83798356401,CN(C)C=O,hot,long,0
RXNTEST_094a35ac6233,CN(C)C=O,room,short,0
RXNTEST_d8629bb8d322,NONE,room,medium,0
RXNTEST_f72469b92fa3,C1CCOC1,room,short,0
RXNTEST_3100712366dc,C(Cl)Cl|ClCCl,cold,short,0
RXNTEST_3ca8e7b649d5,CN(C)C=O,room,short,0
RXNTEST_8255b3963116,CO,room,short,0
RXNTEST_27ea1f227930,ClCCl|C(Cl)Cl,room,short,0
RXNTEST_8e8e7a382d2e,C1(=CC=CC=C1)C,hot,short,0
RXNTEST_6745e1323c20,CN(C)C=O,hot,very_long,0
RXNTEST_985acc9239a0,O,warm,short,0
RXNTEST_71530f9a474b,O,room,medium,0
RXNTEST_965129adc498,NONE,hot,long,0
RXNTEST_357752ca3f2c,C(Cl)Cl,room,overnight,0
RXNTEST_8a248e4e6cd9,C(Cl)Cl,room,short,0
RXNTEST_fafff5f5a51a,NONE,hot,long,0
RXNTEST_f24e52db465e,CN(C=O)C|CN(C)C=O,room,long,0
RXNTEST_a14adca0cd1b,O,room,short,0
RXNTEST_8286cf6f0f42,CO,room,long,0
RXNTEST_7903014a9854,NONE,room,short,1
RXNTEST_07866b1cb4c7,NONE,room,short,0
RXNTEST_a223fedea6fc,CN(C)C=O,room,short,0
RXNTEST_14c53a0ea93c,NONE,room,overnight,0
RXNTEST_a7b29208fad0,C(Cl)Cl,room,short,0
RXNTEST_3267f9e00e45,O1CCOCC1,hot,short,0
RXNTEST_e7d2fbb099d1,NONE,room,long,0
RXNTEST_7560b9a1ee04,COCCOC,hot,overnight,1
RXNTEST_e8d1e3396c98,C(Cl)(Cl)(Cl)Cl,cold,short,0
RXNTEST_9cb1f3184964,C(Cl)Cl,room,short,1
RXNTEST_b3155acce882,ClCCCl,room,long,0
RXNTEST_d9c4ebe25ee6,CN(C)C=O,warm,long,0
RXNTEST_676099eca947,CO,room,medium,1
RXNTEST_d61279a1f8d6,O1CCOCC1,hot,very_short,1
RXNTEST_f85f1be40979,CN(C)C=O,warm,long,0
RXNTEST_71d81b77732d,CN(C)C=O,hot,overnight,0
RXNTEST_3651ee5f705b,O,hot,short,0
RXNTEST_1a7b496bf9a6,ClCCCl,room,overnight,0
RXNTEST_0b121ad2958d,CO,warm,short,1
RXNTEST_7cb0a8d7dd9e,ClCCl,room,short,0
RXNTEST_36e14423282c,NONE,warm,short,0
RXNTEST_96fbbadf6f81,C(Cl)Cl,hot,short,0
RXNTEST_5016dca4a836,NONE,room,overnight,0
RXNTEST_9e8d9de7e6bf,CN(C)C=O,room,overnight,0
RXNTEST_eb972d7ab55c,CN(C)C=O,warm,long,0
RXNTEST_5659059f94c5,CN(C)C=O,room,long,0
RXNTEST_945caa12b2d8,C(Cl)Cl,room,long,1
RXNTEST_3dd9ada312a4,C(Cl)Cl,room,short,0
RXNTEST_abf210b28dcd,C(Cl)(Cl)(Cl)Cl,room,long,0
RXNTEST_e712ad11926d,NONE,room,short,0
RXNTEST_bd626c7f4635,NONE,hot,short,0
RXNTEST_a1fb5362a456,O,room,medium,0
RXNTEST_79020f6190c6,CN(C)C=O,room,long,0
RXNTEST_d9719751473e,CN(C)C=O,room,short,0
RXNTEST_36b2bf2157f4,C(C)O,warm,short,1
RXNTEST_f9a1b84985ba,NONE,room,medium,1
RXNTEST_a5270dba69e7,C1CCOC1,room,medium,0
RXNTEST_d9f79615b213,CO,room,short,0
RXNTEST_f078dee6b255,NONE,hot,long,0
RXNTEST_fa1d43bee6ca,C(C)O,room,short,0
RXNTEST_92dc37deafd0,CN(C)C=O,warm,short,0
RXNTEST_43337c85f483,C1CCOC1,room,short,0
RXNTEST_1dd34386c363,CN(C=O)C,room,short,0
RXNTEST_8bf1f7ddd1f0,NONE,hot,medium,1
RXNTEST_a5f5b574a991,CN(C)C=O,hot,short,0
RXNTEST_1d60edf87a1d,O,room,long,0
RXNTEST_eed2ca86ffa1,CN(C)C=O,warm,long,1
RXNTEST_ab28f87bc5cd,C(C)O,room,medium,1
RXNTEST_232bbd73591c,NONE,room,long,0
RXNTEST_cfa7a6d3e274,C1CCOC1,cryogenic,short,0
RXNTEST_de496dfab4c4,O,room,long,0
RXNTEST_13e113b6335f,NONE,room,long,0
RXNTEST_caee4d6bb78b,C(Cl)Cl,room,long,1
RXNTEST_9f4dde9e304f,C(C)(=O)O,room,very_long,0
RXNTEST_4e0c9bc62fda,O1CCOCC1,hot,long,1
RXNTEST_457dd4c7b55f,NONE,room,overnight,0
RXNTEST_ae43b62395cd,O1CCOCC1,hot,short,1
RXNTEST_023b12d08647,NONE,warm,long,0
RXNTEST_de5696cf1663,NONE,hot,short,0
RXNTEST_6ab3fd3efc65,O,hot,medium,1
RXNTEST_87878f8f4d84,CS(=O)C,hot,short,1
RXNTEST_1c0c3bccd958,C(Cl)Cl,room,long,0
RXNTEST_b15a8d3db092,C(C)(=O)O,room,short,0
RXNTEST_80f7e2a149b0,ClCCl,hot,long,0
RXNTEST_5a3613c047a2,C(Cl)Cl|ClCCl,room,long,0
RXNTEST_13a7ba338a92,O1CCOCC1,hot,short,1
RXNTEST_3e17a7a801dd,NONE,hot,medium,0
RXNTEST_25e60e5a1d4c,C(C)(=O)OCC,room,overnight,0
RXNTEST_64f9002c7f7b,NONE,hot,short,0
RXNTEST_1c32ee4d1aea,CN(C)C=O,hot,medium,0
RXNTEST_347b83cc4a2f,CN(C)C=O,room,short,0
RXNTEST_b75a9c1f5981,CN(C)C=O,room,long,0
RXNTEST_15064a6f9a32,C(Cl)Cl,room,long,0
RXNTEST_4613b6e5b7a5,C(Cl)Cl,room,short,0
RXNTEST_a49d290b6377,C1(=CC=CC=C1)C,hot,long,1
RXNTEST_5a69842feff2,C1(=CC=CC=C1)C,hot,long,0
RXNTEST_049c170c5355,ClCCl,room,medium,0
RXNTEST_c74d975f5bcd,C1(=CC=CC=C1)C,hot,short,1
RXNTEST_86572c3aeb6f,ClCCl,room,short,0
RXNTEST_250ffb9d3ad9,NONE,warm,short,0
RXNTEST_fe4ec0dc5a2d,O,room,short,0
RXNTEST_381a495887e0,CN(C)C=O,hot,short,0
RXNTEST_bd1a56ba0584,C1CCOC1,cryogenic,short,0
RXNTEST_42042e2c819f,NONE,hot,medium,0
RXNTEST_64c92436e6c8,C(Cl)Cl,room,overnight,0
RXNTEST_2cbe9922acc6,NONE,warm,short,0
RXNTEST_fd47c285ad14,O1CCOCC1|C1(=CC=CC=C1)C,hot,short,1
RXNTEST_06c66fd32b50,CN(C)C=O,hot,short,0
RXNTEST_d0ab5d3d84da,C1CCOC1,room,short,0
RXNTEST_f4a1da7ea8ab,CN(C)C=O,hot,short,0
RXNTEST_ce466b5caddb,C(Cl)Cl,room,short,0
RXNTEST_c3e2b5d8557e,C(Cl)(Cl)(Cl)Cl,hot,medium,0
RXNTEST_1d945498875f,C(Cl)Cl,room,short,0
RXNTEST_9ec79f352048,C(C)O,room,short,0
RXNTEST_ef09e7d32e5b,NONE,room,medium,0
RXNTEST_82c2e1daed5a,CN(C=O)C|CN(C)C=O,room,short,0
RXNTEST_9c604ed4b2a3,NONE,room,short,0
RXNTEST_6ced5bf2c19e,O,room,long,0
RXNTEST_921597cc5eaf,ClCCl|C(Cl)Cl,room,short,0
RXNTEST_3729852aba9e,NONE,room,short,0
RXNTEST_f21e42dae8c3,O,hot,medium,1
RXNTEST_5556eacd72e2,O|O1CCOCC1,hot,short,1
RXNTEST_f1728c63ac1b,O1CCOCC1,hot,long,1
RXNTEST_2c746b3758d5,C1CCOC1,room,short,0
RXNTEST_572dd63aae7e,C1CCOC1,room,short,0
RXNTEST_5ec64a4e6430,NONE,room,short,0
RXNTEST_2caede817b5a,O,room,medium,0
RXNTEST_12eddb3d5768,NONE,room,medium,0
RXNTEST_4895a29d530f,NONE,room,short,0
RXNTEST_a63461df109d,NONE,room,long,0
RXNTEST_3a287ba2e566,C(Cl)Cl,room,short,0
RXNTEST_02dd81af5410,CO,room,long,0
RXNTEST_5e5a09953a6d,C1CCOC1,hot,short,1
RXNTEST_8fd756cf6bc9,C1(=CC=CC=C1)C,hot,medium,1
RXNTEST_5aa93491396f,C(C)O,room,short,1
RXNTEST_bdf343c63825,CO,cold,short,0
RXNTEST_c3ad3b863872,NONE,room,short,0
RXNTEST_44ab1d0a4381,NONE,warm,medium,0
RXNTEST_43748df9fd87,CN(C)C=O,room,long,0
RXNTEST_ad4708c3efa9,NONE,hot,medium,0
RXNTEST_566b74f1acb5,CO,warm,medium,1
RXNTEST_0d17f598a3fc,CN(C)C=O,hot,long,1
RXNTEST_e62aaa414271,NONE,room,medium,0
RXNTEST_f0f2bafe71c4,NONE,hot,medium,1
RXNTEST_acb3cee0c5a6,CO|O,room,short,0
RXNTEST_a5bf4e0caa1d,NONE,room,short,0
RXNTEST_b6d3503cc1d1,O,hot,short,1
RXNTEST_86a64c0ff422,CN(C)C=O,warm,short,0
RXNTEST_8126e0c9ed10,CN(C=O)C,room,long,0
RXNTEST_0a0df4087c9a,C(Cl)Cl,hot,short,0
RXNTEST_585999505c00,CN(C)C=O,room,long,0
RXNTEST_4682a00ba18d,O1CCOCC1,hot,long,1
RXNTEST_51113d8bfaae,CN(C)C=O,room,short,0
RXNTEST_e0bf5317f6d4,CN(C=O)C,hot,long,0
RXNTEST_de86e785dec5,CO,room,short,0
RXNTEST_1b9ae8801a6d,C1CCOC1,warm,short,0
RXNTEST_2c5042c9e5a3,NONE,hot,short,0
RXNTEST_9b923d2cba25,NONE,room,overnight,0
RXNTEST_1ace1f5a6895,O,room,short,0
RXNTEST_0d72eed71dfb,O,hot,short,1
RXNTEST_3b9f24c43b37,C(C)O,room,long,0
RXNTEST_185ebe679b42,NONE,room,short,0
RXNTEST_2ee8e464cf41,O1CCOCC1,hot,short,1
RXNTEST_384f61a57463,NONE,room,short,0
RXNTEST_52db16b07717,NONE,hot,short,0
RXNTEST_ae7757bd458c,CN(C=O)C,hot,medium,1
RXNTEST_5c1fe574ec14,NONE,room,long,0
RXNTEST_64d31bf71332,NONE,warm,short,1
RXNTEST_07b47810608f,OTHER,room,medium,0
RXNTEST_0622c23a0e8f,NONE,room,medium,0
RXNTEST_278acf91cb18,C(Cl)Cl,room,medium,0
RXNTEST_1293d21575ce,C(Cl)Cl,room,overnight,0
RXNTEST_faa90376f8e9,NONE,hot,short,0
RXNTEST_3abc30462c27,C1CCOC1,room,short,0
RXNTEST_1988d900b062,CN(C=O)C,hot,medium,1
RXNTEST_13d82da38d59,ClCCl,room,medium,1
RXNTEST_d0293717fa59,NONE,hot,short,1
RXNTEST_0543142b74cf,C(Cl)Cl,room,short,0
RXNTEST_742efa40f03d,CN(C=O)C,room,long,0
RXNTEST_952aaa60d1a6,C(C)O,room,short,1
RXNTEST_0816db540b80,CN(C)C=O,warm,short,0
RXNTEST_03ba05ed1d51,NONE,room,overnight,0
RXNTEST_e8be35498df6,C1CCOC1,cryogenic,short,0
RXNTEST_31d8149ddb0a,NONE,room,short,0
RXNTEST_dbb7433eaa70,CN(C)C=O,room,short,0
RXNTEST_22088c563b26,N1=CC=CC=C1,room,short,0
RXNTEST_2756b15738d6,CO,hot,long,1
RXNTEST_c85a74a9c8b8,C1CCOC1,warm,long,0
RXNTEST_e6a769641160,CN(C)C=O,warm,long,0
RXNTEST_e9651c2bedd6,CS(=O)C|CN(C)C=O,hot,long,1
RXNTEST_7459913bb07b,CN(C=O)C,warm,long,0
RXNTEST_a1af5075d0b6,C1CCOC1|O1CCCC1,room,short,0
RXNTEST_030a8b81c6dd,NONE,room,very_short,0
RXNTEST_a57b2f3f84dc,O1CCOCC1,hot,short,1
RXNTEST_859dce4ee0c3,NONE,room,short,0
RXNTEST_c228514bd7ea,C1(=CC=CC=C1)C|O1CCOCC1,hot,long,1
RXNTEST_75843885e667,CO,room,long,0
RXNTEST_e962d29a16ac,CN(C)C=O,warm,short,0
RXNTEST_11d98e286a33,ClCCl,room,overnight,0
RXNTEST_910cbe0301b6,COCCOC,hot,short,1
RXNTEST_900b46e22d9e,CN(C)C=O,room,long,0
RXNTEST_0edf7816bb4b,CN(C)C=O,hot,short,0
RXNTEST_ccab6dd1dbe1,NONE,hot,short,0
RXNTEST_cc7bb5b464e6,O,room,short,0
RXNTEST_3aadce126318,O1CCOCC1,hot,medium,1
RXNTEST_3381f9c0d25f,C1CCOC1,room,short,0
RXNTEST_c640ff061157,C1(=CC=CC=C1)C,hot,long,1
RXNTEST_bed237820edc,CN(C)C=O,hot,long,0
RXNTEST_7054cbe3c9c2,NONE,room,overnight,0
RXNTEST_7bc0a25014c7,CN(C)C=O|C(Cl)Cl,room,very_long,0
RXNTEST_a0aec347c0af,CN(C=O)C,hot,medium,1
RXNTEST_7103e4390a7e,CC(=O)C,warm,medium,0
RXNTEST_7c60daa9150a,NONE,warm,long,0
RXNTEST_0e568e8286ae,O,hot,overnight,1
RXNTEST_c8b020fa7094,C1CCOC1,room,short,0
RXNTEST_10356cd5f479,C(C)O,room,overnight,0
RXNTEST_062f6efe8d58,CO,room,short,0
RXNTEST_4530bb34676e,NONE,hot,medium,0
RXNTEST_917f61a0a94c,CO,room,short,0
RXNTEST_3f085e19aff0,C(C)O,room,medium,0
RXNTEST_acbbc70df3a6,CN(C)C=O,hot,overnight,1
RXNTEST_948bb97321d3,C1CCOC1|O,room,short,0
RXNTEST_dcc6facd781e,O,hot,short,1
RXNTEST_58a52dff0dc2,NONE,hot,medium,0
RXNTEST_c1b37dfea3c6,O,hot,short,1
RXNTEST_31a433853913,C1CCOC1|O1CCCC1,room,short,0
RXNTEST_f808d9b04d9a,CN(C)C=O,room,long,0
RXNTEST_965e97c1f1ca,O,room,medium,0
RXNTEST_067f423f312f,C1CCOC1,cryogenic,short,0
RXNTEST_0834560b4eb9,C(Cl)(Cl)(Cl)Cl,hot,medium,0
RXNTEST_5d7b4977ab7a,C1(=CC=CC=C1)C,hot,long,1
RXNTEST_e2440d91a17c,CS(=O)C,warm,long,0
RXNTEST_d589c5a09971,C(C)O,warm,medium,0
RXNTEST_7a46d4762249,ClCCl,warm,long,0
RXNTEST_0d25561cd326,NONE,warm,short,0
RXNTEST_ce1d3561c7e7,CN(C)C=O,warm,long,0
RXNTEST_430c717af8aa,C1CCOC1,room,long,0
RXNTEST_62d39f7af637,NONE,room,short,0
RXNTEST_a5ef4b668bf3,CN(C)C=O,room,short,0
RXNTEST_4d40991cb944,O1CCOCC1,hot,short,1
RXNTEST_75c0773ec94d,ClCCl,room,overnight,0
RXNTEST_e7b2c81ee1b6,O,hot,short,1
RXNTEST_542c6ce79a80,CN(C)C=O|C(Cl)Cl,room,long,0
RXNTEST_2725ba64aa2a,CN(C)C=O,room,long,0
RXNTEST_ff5b12055586,C1(=CC=CC=C1)C,hot,long,1
RXNTEST_1bd076a76bbb,CN(C)C=O,hot,overnight,1
RXNTEST_4fd5f2ad5069,C1(=CC=CC=C1)C,hot,short,1
RXNTEST_2a5e87fa799e,C(C)(=O)O,warm,long,0
RXNTEST_434f006668be,C1(=CC=CC=C1)C,hot,very_short,1
RXNTEST_44259f95738e,CN(C)C=O,warm,long,1
RXNTEST_0af421c15ff0,C1CCOC1,room,long,0
RXNTEST_d436e4250350,ClCCl,room,short,0
RXNTEST_480234e51ec8,C1(=CC=CC=C1)C,hot,medium,1
RXNTEST_db191809405a,CN(C)C=O,room,overnight,0
RXNTEST_0d2e05a04ad3,ClCCl,cold,short,0
RXNTEST_e82375f2c396,N1=CC=CC=C1,hot,medium,0
RXNTEST_0d9f1e67cf0a,CN(C)C=O,warm,short,0
RXNTEST_14e8ccea4a6e,C(C)O,room,medium,1
RXNTEST_aa28d9ca7645,CN(C)C=O,hot,short,1
RXNTEST_84bd6cb0647c,C(Cl)Cl,room,short,0
RXNTEST_3d9835494a31,CN(C)C=O,hot,short,1
RXNTEST_952178688b9e,CO,room,short,1
RXNTEST_980bc5cdc7b6,CO,room,short,0
RXNTEST_161802c86f4f,O1CCOCC1,hot,short,1
RXNTEST_e97b1f0b78f8,NONE,warm,very_long,0
RXNTEST_abe5b944647f,CO,room,short,0
RXNTEST_3fbfa2441f24,NONE,warm,short,0
RXNTEST_40d85ae4201d,CN(C)C=O,room,long,0
RXNTEST_325d8ef49cfb,CS(=O)C,hot,long,0
RXNTEST_9ec5667f728f,CO,room,long,1
RXNTEST_5988ed522b8c,CN(C)C=O|C(Cl)Cl,room,overnight,0
RXNTEST_fcbd1dd8cb4e,ClCCl,room,medium,0
RXNTEST_f1eeb021f19c,NONE,hot,short,1
RXNTEST_1bfd8555561e,CN(C)C=O,hot,short,0
RXNTEST_a8d613270ab6,C(Cl)Cl,room,short,0
RXNTEST_c37801e1ed5a,C(Cl)Cl,room,short,0
RXNTEST_1ed4ef435395,CN(C)C=O,warm,long,0
RXNTEST_de39df593995,C(Cl)Cl,room,long,0
RXNTEST_bcb1e14525f0,O1CCOCC1,hot,long,1
RXNTEST_0ffed2c262a8,C(C)O,room,medium,1
RXNTEST_f3fcb97bc2be,CN(C)C=O,room,long,0
RXNTEST_b18857539638,C1(=CC=CC=C1)C,hot,medium,1
RXNTEST_cadfb631e322,O,room,very_long,0
RXNTEST_b7d3f01bcc71,NONE,room,medium,0
RXNTEST_58dd9ee029ad,C(Cl)Cl,room,long,1
RXNTEST_15ac98ccd760,FC(C(=O)O)(F)F,room,short,0
RXNTEST_98a943efc653,CN(C=O)C|CN(C)C=O,room,short,0
RXNTEST_4983f367c96c,NONE,hot,short,0
RXNTEST_ea22042c606e,NONE,hot,long,0
RXNTEST_bf4e5e81d73a,CN(C)C=O,room,short,0
RXNTEST_cb63432c3081,CN(C)C=O,hot,overnight,0
RXNTEST_b33105d9170c,CN(C)C=O,hot,long,1
RXNTEST_7dbbb722b53b,C(C)(=O)OCC,room,overnight,0
RXNTEST_f0d696e271b7,NONE,hot,short,0
RXNTEST_6942ffdc84c6,NONE,room,long,0
RXNTEST_3f16d513fd7e,CO|C(C)O,room,short,0
RXNTEST_3761657eb0d1,NONE,room,medium,0
RXNTEST_d0f4b83a5d49,CN(C)C=O|CN(C=O)C,room,long,0
RXNTEST_8de833e2237a,C1CCOC1,room,short,0
RXNTEST_0dad5f487845,CN(C)C=O,room,long,0
RXNTEST_f0e4496ccc8d,NONE,room,short,0
RXNTEST_79b783c422b0,C(Cl)Cl,cold,short,0
RXNTEST_b448f66cb56b,O1CCOCC1,warm,medium,1
RXNTEST_4fd259a43771,CN(C=O)C,room,long,0
RXNTEST_6ce9d0ad0e84,CN(C)C=O,hot,short,1
RXNTEST_7198e48e0815,C(C)O,room,short,1
RXNTEST_dcbafd92972d,CN(C)C=O,room,long,0
RXNTEST_c3ee893470fb,CO,room,short,0
RXNTEST_bfdb5ec58072,O,warm,short,0
RXNTEST_33712e7fdaa6,C(C)O,room,overnight,0
RXNTEST_c3d969833a6d,NONE,room,long,0
RXNTEST_950a82d53b56,O1CCOCC1,hot,long,1
RXNTEST_a0998e86fd54,CN(C)C=O,room,overnight,1
RXNTEST_e476a65919f0,CO,room,long,1
RXNTEST_ade3c80b6d7c,ClCCCl,room,overnight,0
RXNTEST_be0f9a2bda1b,CO,room,medium,0
RXNTEST_a4e67793dbc5,C(Cl)Cl,room,short,0
RXNTEST_119907a67d46,O,room,overnight,0
RXNTEST_03f13302357d,ClCCl,room,medium,0
RXNTEST_53150413e90a,O1CCCC1,room,short,0
RXNTEST_af1c2f9eb853,NONE,room,short,0
RXNTEST_4e945d755e5e,NONE,hot,short,0
RXNTEST_1786764d28dc,C1CCOC1,room,medium,0
RXNTEST_1001cd204e58,ClCCl,room,short,0
RXNTEST_dc2a8f7af6fa,ClCCl|C(Cl)Cl,room,short,0
RXNTEST_d7e6837f4179,C(Cl)Cl,hot,long,1
RXNTEST_a22cd49d64b5,CO,warm,short,0
RXNTEST_b8c72b609e22,C(C)#N,room,overnight,0
RXNTEST_5618119cc070,O1CCOCC1,hot,long,1
RXNTEST_7637ba62ad34,CN(C)C=O,room,long,0
RXNTEST_1ae39ec142be,O1CCOCC1,hot,long,1
RXNTEST_cf5c5a291f0c,O1CCOCC1,warm,long,1
RXNTEST_6e7e6791101b,O,hot,long,1
RXNTEST_f01e264b4c2e,C1CCOC1|O,room,short,0
RXNTEST_d7c6abb603de,C1CCOC1,room,medium,0
RXNTEST_e3530957a94d,C(C)(=O)OCC,room,short,0
RXNTEST_e1b868ec69cb,CN(C)C=O,room,long,0
RXNTEST_0d8dcc9f77e7,NONE,hot,short,0
RXNTEST_4b2708a33c09,C(C)O,room,short,1
RXNTEST_53de1e968eff,C1(=CC=CC=C1)C,hot,short,1
RXNTEST_e0430687b4e6,CN(C)C=O,room,long,0
RXNTEST_5081bcc83032,ClCCl,room,long,0
RXNTEST_9e4c5387fb9f,O1CCOCC1|C1(=CC=CC=C1)C,hot,short,1
RXNTEST_0e79f55e0233,CN(C)C=O,warm,long,0
RXNTEST_d913e884b34b,C1CCOC1,room,overnight,0
RXNTEST_3089ed96e0f0,O,hot,medium,1
RXNTEST_90aca85cd733,CN(C)C=O,room,long,0
RXNTEST_658e85a58cbc,ClCCl,room,short,0
RXNTEST_c71d1cfb3f95,O,hot,short,1
RXNTEST_b8d46adbf1f3,O1CCOCC1,hot,short,1
RXNTEST_ad5beec78490,O1CCCC1,room,long,1
RXNTEST_a03974848e56,O1CCCC1|C1CCOC1,cryogenic,short,0
RXNTEST_efbafa9eef96,O,warm,long,1
RXNTEST_9cf71e1c8c6e,O,hot,short,1
RXNTEST_18798f4861bb,O,warm,short,0
RXNTEST_60ab8812091a,C1CCOC1,cryogenic,short,0
RXNTEST_8e50a123c030,NONE,room,medium,0
RXNTEST_736b32de5b3c,NONE,room,overnight,0
RXNTEST_928b01d07d35,CN(C)C=O,room,short,0
RXNTEST_b6671f88b2b6,NONE,warm,long,1
RXNTEST_5ba9c7533bcb,NONE,warm,medium,0
RXNTEST_07f88d9d2bcd,C(C)(=O)O,hot,medium,0
RXNTEST_08ea78f554d7,NONE,hot,long,1
RXNTEST_49658aa210b0,C(Cl)Cl,cold,short,0
RXNTEST_f4e59126690c,O,hot,short,1
RXNTEST_0ff1c227af8e,CO,room,medium,0
RXNTEST_6a72cae82f4c,O,hot,medium,0
RXNTEST_34c21fd6ef83,CO,room,short,0
RXNTEST_baf5b266755b,NONE,hot,long,0
RXNTEST_0840c6698d9b,C(C)O,warm,short,0
RXNTEST_286471538179,NONE,hot,long,1
RXNTEST_dcdc3f947b50,NONE,room,short,0
RXNTEST_f36af03bf47a,ClCCl,cold,long,0
RXNTEST_e6c2202f1a16,O1CCOCC1,hot,long,1
RXNTEST_93893400dd76,NONE,room,long,0
RXNTEST_8165ba9e4cf3,O1CCOCC1|C1(=CC=CC=C1)C,hot,short,1
RXNTEST_5bcf24042507,CN(C)C=O,hot,medium,1
RXNTEST_4c7acd63acc1,O,hot,long,1
RXNTEST_760e383e1ed7,CN(C)C=O,room,overnight,0
RXNTEST_8ff06afc872e,ClCCl,room,long,0
RXNTEST_eeaba0cca32f,NONE,room,medium,0
RXNTEST_4cc30cec6ae1,CN(C)C=O|CN(C=O)C,room,long,0
RXNTEST_cee43724c811,O1CCCC1,hot,overnight,1
RXNTEST_a20cfc03c791,ClCCl|C(Cl)Cl,room,overnight,0
RXNTEST_7a980c7bab7d,CO,room,medium,0
RXNTEST_d88ed5d08343,CO,room,short,0
RXNTEST_dd9896f47e94,CN(C)C=O,hot,overnight,0
RXNTEST_62ecbdfba6a4,NONE,warm,short,0
RXNTEST_e77474c36ec0,NONE,hot,very_long,0
RXNTEST_f4885d799c76,CO,room,overnight,0
RXNTEST_d768ac0486d3,O1CCOCC1,hot,long,1
RXNTEST_9ac81fefa866,CO,room,medium,0
RXNTEST_010d2f0e5c01,C(C)#N,warm,short,0
RXNTEST_b6b8adaefaaa,C(C)#N,room,overnight,0
RXNTEST_b8d8afbf017e,O1CCOCC1,hot,short,1
RXNTEST_ce77919c473f,CO,room,long,0
RXNTEST_47f284878605,ClCCl,room,medium,1
RXNTEST_2feca5594b62,O1CCOCC1,room,short,0
RXNTEST_25b3321a6019,C(Cl)Cl,room,medium,0
RXNTEST_4d3ef35f7ad0,C(C)(=O)O,room,medium,0
RXNTEST_e53e3b6f2391,CN(C)C=O,room,short,0
RXNTEST_28d54ecd58f3,O1CCOCC1,hot,overnight,1
RXNTEST_c04ace481039,CN(C)C=O,hot,long,0
RXNTEST_4d7c7664a3b7,CN(C)C=O,hot,short,0
RXNTEST_accf7fdcd20a,C(C)O,hot,short,0
RXNTEST_01a0334e2595,NONE,room,short,0
RXNTEST_624356894609,C1(=CC=CC=C1)C,room,short,1
RXNTEST_ca77d40d5802,CN(C)C=O,hot,long,1
RXNTEST_c1d53a1653ef,CN(C)C=O,room,short,0
RXNTEST_2845bc74802d,CO,room,medium,1
RXNTEST_8eaf823f0727,O,hot,long,1
RXNTEST_b47df6396884,NONE,hot,short,1
RXNTEST_244090986eb6,CN(C=O)C,room,very_long,0
RXNTEST_2fd678773571,ClCCl,room,long,0
RXNTEST_754f8108add3,NONE,room,short,1
RXNTEST_bc9a9ecf5b7c,CN(C)C=O,hot,long,0
RXNTEST_6e40d359ace8,CN(C)C=O,hot,short,0
RXNTEST_0e4b3ea9fd75,O,hot,short,1
RXNTEST_a115c038219c,C(C)#N,warm,long,0
RXNTEST_78b930dab2e3,NONE,room,short,0
RXNTEST_1e95cfcb1b6f,CN(C)C=O,room,long,0
RXNTEST_c4e1783d52ba,CN(C)C=O|C(Cl)Cl,room,long,0
RXNTEST_1afb97337991,CN(C)C=O,room,long,0
RXNTEST_873e6549b5a0,C(Cl)Cl|ClCCl,room,short,0
RXNTEST_5e6aba75fd1e,CC(=O)C,warm,long,0
RXNTEST_8a136c4e893c,O,hot,medium,1
RXNTEST_4bc73709787c,NONE,hot,medium,0
RXNTEST_9d2f1345d976,NONE,hot,short,0
RXNTEST_e9c6669fb788,C1(=CC=CC=C1)C,hot,medium,1
RXNTEST_ff8a79e6e5b7,CN(C)C=O,room,overnight,0
RXNTEST_f5da984e7cc0,NONE,room,short,0
RXNTEST_070882fb0695,CN(C)C=O,warm,long,0
RXNTEST_d72eab053d53,CN(C)C=O,room,short,0
RXNTEST_e4e3a7a72fcf,CO,room,short,0
RXNTEST_6720fb153a09,NONE,warm,long,0
RXNTEST_b3304462ee85,NONE,room,short,0
RXNTEST_eb9b9b59db1f,NONE,hot,short,1
RXNTEST_d2ffe88b20e8,CN(C)C=O,room,medium,0
RXNTEST_aef4b82601db,O1CCOCC1,hot,short,1
RXNTEST_5cae2cfe7b57,ClCCl,room,overnight,0
RXNTEST_62ded26d7e3e,COCCOC,room,short,1
RXNTEST_2d2416c6070b,NONE,room,medium,0
RXNTEST_a1a90df82b95,NONE,room,overnight,0
RXNTEST_c6bc507be784,O,room,short,0
RXNTEST_b79f41a16ce4,C(Cl)Cl,room,long,0
RXNTEST_5da1f0ad1018,C(Cl)Cl,room,long,0
RXNTEST_e702684c42f4,O,room,short,0
RXNTEST_e5eeb2d46ad9,CN(C)C=O,hot,long,1
RXNTEST_1b77011fd8cd,C(Cl)Cl,room,short,0
RXNTEST_5738d067eab3,NONE,room,short,1
RXNTEST_230c72e38d5c,CN(C)C=O,room,medium,0
RXNTEST_18a06e69529c,C1CCOC1,room,short,0
RXNTEST_6f32a89bc426,CN(C)C=O,hot,long,1
RXNTEST_fbbf1c1838b3,NONE,hot,medium,0
RXNTEST_f4b3e92dd729,C1(=CC=CC=C1)C,hot,short,1
RXNTEST_3a6ffc63c574,CO,room,long,0
RXNTEST_d13471afc7d8,O1CCOCC1,hot,long,1
RXNTEST_c276a7fa3d1a,NONE,room,overnight,0
RXNTEST_e8cf1017fba6,NONE,room,short,0
RXNTEST_a3a58d3948e7,C(Cl)Cl,hot,long,0
RXNTEST_b843cf8efee2,O1CCOCC1,hot,long,1
RXNTEST_a8934b1f0173,NONE,hot,short,1
RXNTEST_8f9601817bef,O,hot,long,0
RXNTEST_b277187dfe3b,CN(C)C=O,warm,medium,0
RXNTEST_4d157ca0cfae,ClCCl,room,long,0
RXNTEST_39140e108ece,NONE,warm,long,0
RXNTEST_b56dd55ef572,C(C)#N,warm,long,0
RXNTEST_709238c2bd8c,NONE,room,short,0
RXNTEST_9af43d272842,CN(C)C=O,warm,medium,0
RXNTEST_6c9514583fa8,CN(C=O)C,room,medium,0
RXNTEST_ae3d0cc7b546,ClCCl,room,overnight,0
RXNTEST_aa882e397d94,NONE,hot,medium,0
RXNTEST_5f5657d5969a,NONE,room,short,0
RXNTEST_0192e7ffa8c9,NONE,warm,overnight,1
RXNTEST_ce04d76af436,CO,room,short,1
RXNTEST_bc2ce2a5f97e,NONE,hot,long,0
RXNTEST_e531b8900995,C1CCOC1,room,short,0
RXNTEST_641fbe7ced78,C(Cl)Cl,room,short,0
RXNTEST_cd0972484679,CO,room,short,0
RXNTEST_4d410e7c0a10,C(Cl)Cl,room,short,0
RXNTEST_6a1d707d2ae9,NONE,hot,short,0
RXNTEST_8635be42f63b,C1CCOC1,room,short,0
RXNTEST_1b1a6100f22b,CN(C)C=O,warm,long,0
RXNTEST_845ab6226a65,O1CCOCC1,hot,short,1
RXNTEST_a6c33846e0f7,NONE,room,short,0
RXNTEST_32240c8fe210,ClCCCl,room,short,0
RXNTEST_e00625e8cdde,ClCCl,room,overnight,0
RXNTEST_79a47d0b1d98,CN(C)C=O,hot,medium,0
RXNTEST_e9e792c2b306,ClCCl,cold,short,0
RXNTEST_57abbd292769,NONE,room,long,0
RXNTEST_a539cd568e53,CN(C)C=O,room,long,0
RXNTEST_25ffe98aac74,NONE,warm,short,0
RXNTEST_d3609f5877dc,CN(C=O)C,room,long,0
RXNTEST_026fc1b02517,C(C)O,room,medium,0
RXNTEST_77dfe4191fdb,CO,room,overnight,1
RXNTEST_35e24cc2cc16,CN(C)C=O,warm,medium,0
RXNTEST_154a590294ec,C1(=CC=CC=C1)C,hot,overnight,0
RXNTEST_7adc693ec85c,NONE,hot,long,0
RXNTEST_322fcba8d7b1,CC(=O)C,room,short,0
RXNTEST_aeeb2b7bec7d,NONE,room,long,0
RXNTEST_bde1134348cd,NONE,hot,long,0
RXNTEST_11e54a649fde,NONE,room,medium,0
RXNTEST_56042bfea121,ClCCl,warm,medium,0
RXNTEST_1cdad1805f56,NONE,hot,overnight,0
RXNTEST_6516c3f7305c,C1(=CC=CC=C1)C,room,long,0
RXNTEST_4a3986ce8606,NONE,room,short,0
RXNTEST_43fa92a5c075,NONE,room,overnight,0
RXNTEST_1b1bee0ae277,C(C)O,warm,short,0
RXNTEST_a1e2569b4bda,C(Cl)Cl,room,long,0
RXNTEST_44698ac37f33,NONE,warm,short,1
RXNTEST_96953ceaa3a8,CN(C)C=O,hot,long,1
RXNTEST_35d90f5cb394,NONE,room,medium,0
RXNTEST_fbfda77626d1,ClCCCl,room,long,0
RXNTEST_82ab23560591,NONE,warm,short,0
RXNTEST_b70ad058cd8e,C(Cl)(Cl)(Cl)Cl,cold,medium,0
RXNTEST_a3039a7344b9,CN(C=O)C,room,long,0
RXNTEST_1660ea7375b3,O1CCOCC1,hot,long,1
RXNTEST_f1dc7917c3f4,C(Cl)Cl,room,medium,0
RXNTEST_e58a2c2dc218,O,hot,medium,1
RXNTEST_fa93ca65c14f,O,warm,long,0
RXNTEST_18745d51777b,CS(=O)C,hot,long,1
RXNTEST_1d3a7163c43d,C(C)O,room,medium,0
RXNTEST_b4ed95a62b47,C(Cl)Cl,room,overnight,0
RXNTEST_5b5fe176a20a,CN(C)C=O,room,long,0
RXNTEST_01f62cff893a,N1=CC=CC=C1,room,short,0
RXNTEST_50cf645f490f,C1CCOC1,hot,long,0
RXNTEST_63498a2ff272,C1CCOC1,room,short,0
RXNTEST_48cb47d95022,C(C)O,room,short,0
RXNTEST_c900e11388ee,CN(C=O)C,room,long,0
RXNTEST_61240ea6fb38,C(Cl)Cl,room,short,0
RXNTEST_8f25bc9f84f7,CO,room,short,0
RXNTEST_7df84968912e,CN(C)C=O,hot,long,0
RXNTEST_0447cd4059f3,C(Cl)Cl,room,short,0
RXNTEST_b6fcd375636f,C(Cl)Cl,room,medium,0
RXNTEST_edb826093976,C(C)O,room,short,1
RXNTEST_ae8e09112bea,NONE,room,medium,0
RXNTEST_02a9f26ffb19,NONE,room,short,0
RXNTEST_aeb9a61f0135,O1CCCC1,room,long,0
RXNTEST_4233a7a97cb0,NONE,hot,short,1
RXNTEST_4aa902f168f6,C(C)#N,warm,overnight,0
RXNTEST_0c3c966ece17,NONE,room,long,0
RXNTEST_fe0c8f075996,C(Cl)Cl,room,short,1
RXNTEST_545bd5c18501,NONE,hot,short,0
RXNTEST_3f438580ed4a,CN(C)C=O,room,short,0
RXNTEST_1b98548ab1ef,C(Cl)Cl,room,long,0
RXNTEST_36e05dae2e7b,CN(C=O)C,room,long,0
RXNTEST_9ed7831f1412,CO,hot,medium,1
RXNTEST_041b0b80d631,CN(C=O)C|CN(C)C=O,room,long,0
RXNTEST_f2bb303455e5,C(Cl)Cl,hot,short,0
RXNTEST_8f11121ccc32,O1CCCC1,room,short,0
RXNTEST_7f720fe9a51d,C1CCOC1,cryogenic,short,0
RXNTEST_5d61db99a2d6,NONE,room,short,0
RXNTEST_06a5ebe52045,NONE,room,short,0
RXNTEST_28037ebd5d5f,O,warm,short,1
RXNTEST_ea68a7cc4236,CN(C)C=O,hot,long,1
RXNTEST_0d2b9ff1359f,NONE,hot,short,0
RXNTEST_a2c767e5fd98,NONE,room,overnight,0
RXNTEST_6077770599c9,C(C)OCC,room,medium,0
RXNTEST_e334f2bffb4d,CN(C)C=O,hot,short,1
RXNTEST_66ab2e0bfa0c,C(Cl)Cl,room,medium,0
RXNTEST_6d5d8726c211,CN(C)C=O,room,long,0
RXNTEST_7cb8093c43b7,O1CCOCC1,hot,long,1
RXNTEST_ab6f8df458cb,CN(C)C=O,warm,long,0
RXNTEST_e34a82fcabf5,C(C)O|CO,room,medium,0
RXNTEST_078154f99a52,CN(C)C=O,room,long,0
RXNTEST_a77498a5de7e,ClCCl,room,medium,0
RXNTEST_9e1f6f8e062f,O1CCOCC1,warm,short,1
RXNTEST_712428b142bf,O1CCOCC1,hot,short,1
RXNTEST_3dffffbad201,C(C)(=O)O,room,long,1
RXNTEST_31c5abca254a,ClCCl,room,long,0
RXNTEST_da62f1dd8cec,CN(C)C=O,hot,long,0
RXNTEST_05614af8048d,C1CCOC1,hot,short,0
RXNTEST_2fb0b3ea1abf,NONE,cold,short,0
RXNTEST_dcf5e59e0626,CN(C)C=O,hot,short,1
RXNTEST_054cff1396bc,C(Cl)Cl,room,short,0
RXNTEST_d24751792df9,C(Cl)Cl,room,long,0
RXNTEST_05bafd8072fe,O,hot,short,1
RXNTEST_7dd6979d47f9,O|O1CCOCC1,hot,long,1
RXNTEST_55a275bd1ac0,NONE,warm,short,0
RXNTEST_33cea8a6662f,O,hot,medium,1
RXNTEST_d98e4e170c96,O,hot,short,1
RXNTEST_2c47177ae472,ClCCl,room,long,0
RXNTEST_c6d633d2f81e,CN(C)C=O,room,overnight,0
RXNTEST_3bf20b0c3a00,C(Cl)Cl,room,short,0
RXNTEST_04f50988fa3b,CO,room,medium,1
RXNTEST_d08206e14eaa,C1(=CC=CC=C1)C,hot,long,1
RXNTEST_2d3262b1c48d,C(Cl)Cl,room,medium,0
RXNTEST_1159d230e503,NONE,room,short,0
RXNTEST_8ff717da118d,CN(C=O)C,warm,long,0
RXNTEST_713a1e9ed9d7,O1CCCC1|C1CCOC1,cryogenic,short,0
RXNTEST_8a8bc07bf7d8,NONE,room,long,0
RXNTEST_67ca7df6f5c2,CN(C)C=O,hot,long,0
RXNTEST_4807d5af2019,NONE,hot,short,0
RXNTEST_9e2cb8905b74,NONE,hot,long,1
RXNTEST_8259842ff218,C1CCOC1|O1CCCC1,room,short,0
RXNTEST_50c7691cde9f,CN(C)C=O,room,medium,0
RXNTEST_da487ad38fae,ClCCl,room,short,0
RXNTEST_1494b4186990,NONE,hot,long,0
RXNTEST_1491514488f3,C(C)(=O)O,hot,medium,0
RXNTEST_0f445fff122b,C(Cl)Cl,room,long,0
RXNTEST_55953da238fa,C1CCOC1,room,short,0
RXNTEST_79bcc29d065c,C(C)O,hot,medium,0
RXNTEST_601642a77ba8,O1CCOCC1,hot,long,1
RXNTEST_2ff7af6abbb7,NONE,room,short,0
RXNTEST_1e733ec2305b,C(C)O,room,short,0
RXNTEST_8eb68725541b,NONE,room,short,1
RXNTEST_cc6e350e14a3,C(C)(=O)O|CO,room,short,1
RXNTEST_20fd632e8708,O,hot,short,1
RXNTEST_ccd2a586432f,C(C)#N,room,medium,0
RXNTEST_5aa9e987218b,ClCCl,cold,short,0
RXNTEST_6d3f9dcd1017,CO,warm,medium,0
RXNTEST_10c1583350e6,CN(C)C=O,warm,long,0
RXNTEST_dbdc7265095b,C1CCOC1,room,short,1
RXNTEST_2055f52f0ded,O1CCOCC1,hot,short,1
RXNTEST_cf32139f8f20,C(C)#N,warm,short,0
RXNTEST_465a0a36df0d,CN(C=O)C,room,long,0
RXNTEST_00a22f622613,C1(=CC=CC=C1)C,room,short,0
RXNTEST_0bfd8cca35e3,CN(C)C=O,room,overnight,0
RXNTEST_d9f476e4b2b8,C1CCOC1|O1CCCC1,cold,short,0
RXNTEST_6aeed0f03790,C(Cl)Cl,room,very_short,0
RXNTEST_dab11ecddccb,O,hot,long,1
RXNTEST_2a983d1b5404,CN(C)C=O,room,long,0
RXNTEST_b51837285155,NONE,room,short,0
RXNTEST_3080665cc5c3,NONE,room,short,0
RXNTEST_9679dd864411,C(C)#N,room,short,1
RXNTEST_bf1ab5ca4fc2,CN(C)C=O,warm,long,0
RXNTEST_f935dd6b41f3,C1(=CC=CC=C1)C,hot,long,1
RXNTEST_6f55a3cd203e,CO,warm,short,0
RXNTEST_61e387dda16a,O1CCCC1|C1CCOC1,cryogenic,short,0
RXNTEST_f05a50e31a1b,NONE,room,medium,0
RXNTEST_9ca9a9ca1ad5,NONE,hot,short,1
RXNTEST_b28433799fc9,C(Cl)Cl|ClCCl,room,short,0
RXNTEST_5c7b9c372d37,C1(=CC=CC=C1)C,cold,short,0
RXNTEST_0d248a7b083d,C1CCOC1,cryogenic,short,0
RXNTEST_7f797636042e,CN(C)C=O,room,medium,1
RXNTEST_4faf5eaebe0a,O,warm,medium,1
RXNTEST_f6e7e3deab5b,NONE,room,short,0
RXNTEST_1634b02de7fe,O,hot,very_long,1
RXNTEST_570bf0e88c87,O,room,short,0
RXNTEST_7ef0d3ac686e,CN(C)C=O,hot,long,0
RXNTEST_a468eccec0f3,NONE,hot,short,0
RXNTEST_ffe29f9c1880,NONE,hot,long,1
RXNTEST_ca4db9171f26,NONE,hot,short,0
RXNTEST_afa9876e3b09,C1CCOC1,room,short,0
RXNTEST_a1e06e6beff8,CO,room,short,1
RXNTEST_bf435061e1b9,NONE,room,long,0
RXNTEST_054c8f394785,O1CCOCC1,hot,medium,1
RXNTEST_2080c72c7a50,C(Cl)Cl,room,short,0
RXNTEST_aebd45ce3bed,O,room,long,0
RXNTEST_f3f32021c892,CN(C)C=O,room,long,0
RXNTEST_f6c70acc866f,CCO,room,medium,1
RXNTEST_166c23521fcc,ClCCl|C(Cl)Cl,room,long,0
RXNTEST_cca6b4462679,C1(=CC=CC=C1)C,hot,medium,1
RXNTEST_2f6dcba39857,C1(=CC=CC=C1)C,hot,long,1
RXNTEST_8da0d1bb178d,C(Cl)Cl,room,short,0
RXNTEST_40eef9534f3b,CN(C)C=O,room,short,0
RXNTEST_e77287f0a162,C(Cl)Cl,room,short,0
RXNTEST_4220e452d769,NONE,hot,short,0
RXNTEST_a310e793ffa2,CO,room,short,0
RXNTEST_389d955768c9,CN(C=O)C,warm,long,0
RXNTEST_faac39ccb586,C(Cl)Cl,cold,short,0
RXNTEST_f3f01018ca53,C1CCOC1,room,short,1
RXNTEST_5e9100b07393,NONE,hot,long,0
RXNTEST_c4b1c457c911,CN(C=O)C,hot,medium,0
RXNTEST_f4d3e041d0ad,O1CCOCC1,hot,medium,1
RXNTEST_44a19a84c4ff,N1=CC=CC=C1,room,short,0
RXNTEST_ef1e135ec63f,ClCCl,room,short,0
RXNTEST_d0d186d6a48c,O,hot,short,1
RXNTEST_64362e2c3f7b,O1CCCC1,room,short,0
RXNTEST_7d9e7aaa62d2,C(Cl)Cl,room,short,0
RXNTEST_ce03829b407d,NONE,room,medium,0
RXNTEST_e5dd34a96370,C(Cl)Cl,room,short,0
RXNTEST_516d312d11a7,C(C)O,warm,short,0
RXNTEST_4c9367540944,NONE,room,short,0
RXNTEST_4e1735a48da3,CN(C)C=O,warm,very_long,1
RXNTEST_15364e416b43,CN(C)C=O,room,short,0
RXNTEST_f546afce2bdd,C1CCOC1,room,long,0
RXNTEST_256bb24c6dc8,CN(C)C=O,room,overnight,0
RXNTEST_cba528333cd0,NONE,room,medium,0
RXNTEST_97e1d7a7a107,O,hot,short,1
RXNTEST_49a6597aa2e9,NONE,warm,short,0
RXNTEST_b3c2a48bdf52,NONE,room,medium,0
RXNTEST_73c829bc1263,C(C)O,room,short,0
RXNTEST_f72153bf7c2d,CN(C)C=O,room,short,0
RXNTEST_bf2b345c3669,O1CCOCC1,hot,long,1
RXNTEST_00cb549297bb,CN(C)C=O,hot,short,0
RXNTEST_5b036eccfcb6,CO,room,short,1
RXNTEST_d03a5595b5e6,C1CCOC1,cold,short,0
RXNTEST_d0cef1a15537,O,hot,overnight,1
RXNTEST_65de15705cf2,CC(=O)O,room,short,0
RXNTEST_8b79475b6724,NONE,room,long,0
RXNTEST_3e9a0675c916,C(C)O,hot,short,0
RXNTEST_9adb8680155b,NONE,hot,long,0
RXNTEST_7cf8c6663b73,FC(C(=O)O)(F)F,room,short,0
RXNTEST_7eb5ec2cbe11,NONE,hot,medium,1
RXNTEST_6652aec58cce,CN(C)C=O,hot,long,0
RXNTEST_b31bf3285e6d,N1=CC=CC=C1,room,short,0
RXNTEST_b2cb7b90d65e,C1CCOC1,room,short,0
RXNTEST_7a0cad514843,C1CCOC1,room,long,0
RXNTEST_578ac4ddb023,CN(C)C=O,room,short,0
RXNTEST_7595fe508a8f,NONE,hot,long,0
RXNTEST_7bf06c1fff17,C1(=CC=CC=C1)C,hot,short,0
RXNTEST_7818e0d0e074,CN(C)C=O,room,short,0
RXNTEST_243588e97fb9,C1CCOC1,room,short,0
RXNTEST_de07a3c5a238,CO,room,long,0
RXNTEST_889822ce5c0d,C(C)(=O)OCC,room,short,0
RXNTEST_86d39e615ab3,CN(C)C=O|C(Cl)Cl,room,long,0
RXNTEST_71d214a29aaa,C(Cl)Cl,room,long,0
RXNTEST_0e148d58f3a3,C1(=CC=CC=C1)C,hot,medium,1
RXNTEST_50287b68b972,ClCCl,room,medium,0
RXNTEST_8a404e353df2,C(Cl)Cl,room,medium,0
RXNTEST_6390fcb770a9,C(Cl)Cl,room,overnight,0
RXNTEST_80cddfc85925,C(Cl)Cl,room,long,0
RXNTEST_b1552492a922,CN(C)C=O,hot,overnight,1
RXNTEST_36f1b53eb8d5,CN(C)C=O,room,medium,0
RXNTEST_717a78daca26,NONE,room,short,0
RXNTEST_498dcd6094fd,CO,cold,short,0
RXNTEST_4dc70e1f5eb3,C(Cl)Cl,room,overnight,0
RXNTEST_236add494972,NONE,room,short,0
RXNTEST_846652bf57cd,O,hot,very_short,1
RXNTEST_dfc410d78c14,CN(C)C=O,warm,long,0
RXNTEST_a916387077a7,NONE,warm,short,0
RXNTEST_2fb990f2548f,C1CCOC1,room,short,1
RXNTEST_d43a016adefc,CN(C)C=O,room,short,0
RXNTEST_f3701adc7601,O,warm,long,1
RXNTEST_b30f310fcf82,C1CCOC1,room,overnight,0
RXNTEST_448513a2a41b,CN(C=O)C,room,long,0
RXNTEST_6af7a111c964,NONE,hot,overnight,0
RXNTEST_6a22822fecc7,Cl,room,short,0
RXNTEST_3df03f94b956,O,hot,short,1
RXNTEST_62bf72ced5f3,CO,room,medium,0
RXNTEST_ab813044f60f,O1CCOCC1,hot,long,1
RXNTEST_806c3295f4df,CN(C=O)C,room,short,0
RXNTEST_955933180fff,C(Cl)(Cl)(Cl)Cl,room,medium,0
RXNTEST_cf766ccd610d,CN(C)C=O,room,long,0
RXNTEST_c0d18f2a6803,C1CCOC1,room,medium,0
RXNTEST_03c5111ffc15,CO,room,short,1
RXNTEST_b72be0ef93fe,NONE,room,short,0
RXNTEST_e15c3c5c3d92,O,hot,long,1
RXNTEST_3748fca33572,ClCCl,room,medium,0
RXNTEST_95847f7a7ec4,C(Cl)Cl,room,medium,1
RXNTEST_15e2f2da079b,CO,room,medium,1
RXNTEST_5430c21ac3d7,O1CCCC1,room,short,0
RXNTEST_a5766adf42b7,C1CCOC1,room,long,0
RXNTEST_8978ec664f56,C1CCOC1,room,short,0
RXNTEST_1c4e47d633ad,C(C)O,room,short,0
RXNTEST_fcc27fe21491,CN(C=O)C,room,short,0
RXNTEST_c3ced3864ffd,C(Cl)Cl,room,overnight,0
RXNTEST_44013bc54acc,CN(C)C=O,room,long,0
RXNTEST_0f5e6feafe53,C(Cl)Cl|CN(C)C=O,room,long,0
RXNTEST_8bbb06b5deaa,O,hot,short,0
RXNTEST_f3720cb332ea,C1(=CC=CC=C1)C,hot,short,1
RXNTEST_af1a5e481112,CCO|C(C)O|CO,room,long,1
RXNTEST_c089b41f249a,C(C)#N,warm,long,0
RXNTEST_b98acc35120c,O,hot,short,1
RXNTEST_fd4a7012bc98,C(Cl)Cl,room,medium,1
RXNTEST_d5fe5969706b,NONE,room,short,0
RXNTEST_c2539c0eba43,NONE,room,long,1
RXNTEST_196028d4741f,CN(C)C=O,warm,short,0
RXNTEST_80f9dab098c9,NONE,hot,long,1
RXNTEST_26328a2320b9,O1CCCC1,room,short,0
RXNTEST_de59e6c4a7d4,NONE,warm,medium,0
RXNTEST_1c38e766bc6d,CN(C)C=O,room,short,0
RXNTEST_1a01ba58af8b,CCO,room,medium,0
RXNTEST_1206f054e3e5,C(C)#N,room,long,0
RXNTEST_e69c41473164,NONE,room,overnight,0
RXNTEST_81a035f00826,C1CCOC1,cold,short,0
RXNTEST_2cf76d5eee30,CN(C)C=O,warm,long,0
RXNTEST_64b204b99cc6,CN(C)C=O,hot,short,0
RXNTEST_08bdd11baf35,C(C)O,warm,long,0
RXNTEST_3317d9083771,NONE,hot,short,0
RXNTEST_537055b666e9,C(Cl)Cl,room,long,0
RXNTEST_338966c6e81f,C1CCOC1,cryogenic,short,0
RXNTEST_a20ad220d9da,NONE,room,long,0
RXNTEST_87bffaa13948,O,hot,short,1
RXNTEST_ac208a7aa57c,CN(C)C=O,hot,short,1
RXNTEST_e1e0ea79f641,C(Cl)Cl,room,overnight,0
RXNTEST_828b9075dc0d,C(Cl)Cl,room,short,0
RXNTEST_fac1046238d4,C1CCOC1,cryogenic,short,0
RXNTEST_7f5dd12076c7,CO,room,short,0
RXNTEST_7a442af85eab,CO,room,short,0
RXNTEST_48937a12e86c,NONE,hot,short,1
RXNTEST_030083ef76a8,C(C)O,room,medium,0
RXNTEST_bc17205b39dd,NONE,hot,overnight,0
RXNTEST_beaf1626781d,O1CCOCC1,hot,long,1
RXNTEST_0fea60191a81,CN(C)C=O,hot,long,0
RXNTEST_4488005177a3,C1(=CC=CC=C1)C,hot,long,1
RXNTEST_50873c4007ab,NONE,hot,long,1
RXNTEST_fb952df1dff3,C1CCOC1,room,short,0
RXNTEST_2e7a2748ed19,C(Cl)Cl,room,short,0
RXNTEST_919411d63d88,CN(C=O)C,room,long,0
RXNTEST_fc536a136b6f,O1CCOCC1,hot,short,1
RXNTEST_55d631b34f59,CN(C=O)C,room,short,0
RXNTEST_4be9178b3413,C1CCOC1,room,short,0
RXNTEST_2b9a2e0f8abd,NONE,room,medium,0
RXNTEST_2b732db8047d,C(Cl)Cl,cold,short,0
RXNTEST_286ff0b447aa,O1CCOCC1,hot,short,1
RXNTEST_afb63e37bb02,CN(C)C=O,room,short,0
RXNTEST_15fb9e53f816,C1(=CC=CC=C1)C,hot,long,1
RXNTEST_d4137f6874af,CN(C)C=O,room,very_short,0
RXNTEST_363695b1b94e,O1CCOCC1,hot,short,1
RXNTEST_e66c28e5c919,C(Cl)Cl,room,medium,0
RXNTEST_3319a1b06b8c,C1CCOC1,room,short,0
RXNTEST_5a8793ab8973,O1CCCC1,room,short,0
RXNTEST_91cea3493c88,NONE,room,short,0
RXNTEST_f41449e8a506,NONE,hot,short,0
RXNTEST_74f5c362b3fb,CC(=O)C,room,long,0
RXNTEST_374b9bb52adb,O1CCOCC1,hot,short,1
RXNTEST_a44985424925,C(Cl)Cl,room,short,0
RXNTEST_5e759b79a7ca,O1CCOCC1|O,hot,long,1
RXNTEST_ad30fb7bad41,ClCCl,room,long,0
RXNTEST_e36abdba3216,ClCCCl,room,long,0
RXNTEST_c310ab587b0a,C(Cl)Cl,room,short,0
RXNTEST_2f75e6cd8e0d,CN(C)C=O,room,short,0
RXNTEST_3f36e1c243e3,CN(C)C=O,room,short,0
RXNTEST_b78f0e4dc8c8,NONE,room,overnight,0
RXNTEST_a8ca47078167,NONE,warm,short,0
RXNTEST_badc065603fa,CN(C)C=O,room,short,0
RXNTEST_b5c1ae0c33ba,C(Cl)Cl,room,medium,0
RXNTEST_f53258213a6e,NONE,hot,short,1
RXNTEST_418575a1164c,CN(C)C=O,room,long,0
RXNTEST_1e34ddf32b7c,O,room,overnight,0
RXNTEST_fc522067620c,C(Cl)Cl,room,overnight,1
RXNTEST_02a800847d0f,CO,warm,short,0
RXNTEST_ca41892eb795,CN(C)C=O,room,short,0
RXNTEST_f270cacdd7fb,CN(C)C=O,room,short,0
RXNTEST_71bb26675029,O1CCOCC1,hot,short,1
RXNTEST_d6262a3324a2,C1CCOC1,room,short,0
RXNTEST_1c0c6ac3ea5b,NONE,hot,short,0
RXNTEST_ea17bb3cc10a,CC(=O)C,room,short,0
RXNTEST_ad9989f20fd6,CN(C)C=O,hot,long,1
RXNTEST_3fa7373dd48f,C(Cl)(Cl)(Cl)Cl,room,medium,0
RXNTEST_ea674051fcf5,OTHER,hot,long,0
RXNTEST_d219b0835c8a,O,hot,overnight,1
RXNTEST_2317df6d88a0,CN(C)C=O,warm,short,0
RXNTEST_f9faf2e6e3a6,NONE,room,long,0
RXNTEST_d85ba82f16f2,C(C)O,room,long,0
RXNTEST_8545935b9cd9,NONE,hot,short,0
RXNTEST_988985177d18,NONE,room,short,0
RXNTEST_6fa7ba68c8a8,O,room,medium,0
RXNTEST_901126264a8d,CN(C)C=O,hot,short,0
RXNTEST_7ca40a3b38a9,C(C)O,warm,medium,0
RXNTEST_f2a2018c34e9,O1CCCC1,room,short,0
RXNTEST_74f91e781844,CN(C)C=O,warm,medium,0
RXNTEST_da2e1ea11a3f,O1CCOCC1,hot,long,1
RXNTEST_588b0a523b3d,O,hot,short,1
RXNTEST_53933113e38f,CS(=O)C,hot,long,0
RXNTEST_24ac1c20dc80,C1CCOC1,cold,short,0
RXNTEST_8283091c08a6,O1CCOCC1,hot,short,1
RXNTEST_0a555bc1c4b2,C1CCOC1,room,long,0
RXNTEST_94384fb0d9b6,CN(C=O)C,room,short,0
RXNTEST_2547bb1305da,N1=CC=CC=C1,room,overnight,0
RXNTEST_832bd9123e75,CN(C)C=O,room,medium,0
RXNTEST_df1b035e94ef,C1CCOC1,room,long,0
RXNTEST_fa84d3ded415,C1CCOC1,room,short,0
RXNTEST_014e59055822,CN(C)C=O,hot,long,0
RXNTEST_b53582faf6e0,ClCCl|C(Cl)Cl,room,short,0
RXNTEST_184616b6a05d,O1CCOCC1,hot,short,1
RXNTEST_c962cdece936,NONE,room,long,0
RXNTEST_1eecfd63f8e5,NONE,hot,long,0
RXNTEST_306e0df256ff,CN(C)C=O,room,medium,0
RXNTEST_f1c88136c424,CN(C)C=O,warm,long,0
RXNTEST_7b04ba5f1203,C(Cl)Cl|ClCCl,cryogenic,short,0
RXNTEST_1376e7d34b84,C(C)O,hot,long,0
RXNTEST_4aafe83defca,NONE,hot,long,0
RXNTEST_52c9f3dd9697,CN(C)C=O,warm,long,0
RXNTEST_120d1e52241f,NONE,room,overnight,0
RXNTEST_59c7f1d93d97,CN(C)C=O,hot,short,0
RXNTEST_22d60f3d40c0,O,hot,short,1
RXNTEST_89ff18ae0188,C(C)#N,room,long,0
RXNTEST_03ec10df2530,CN(C=O)C|CN(C)C=O,room,long,0
RXNTEST_71cb37c9b8fd,C1CCOC1|O1CCCC1,cold,short,0
RXNTEST_80422d258c5c,O1CCOCC1,hot,long,1
RXNTEST_7e74e34967a8,C1CCOC1|O1CCCC1,room,short,0
RXNTEST_bc9c2d9fa5c9,N1=CC=CC=C1,warm,long,0
RXNTEST_1f03ce3bac10,CO,room,medium,0
RXNTEST_4786befda472,CO,room,very_long,1
RXNTEST_cfe5b3e3b51e,O,warm,short,1
RXNTEST_ba0afe98f96a,NONE,room,short,0
RXNTEST_647697397cb9,NONE,hot,long,1
RXNTEST_790e328afd18,C(C)O,warm,short,0
RXNTEST_c5c8f35c57b0,NONE,hot,short,1
RXNTEST_bfde9055ec88,NONE,hot,long,1
RXNTEST_c6a410e4f94a,CN(C=O)C,hot,long,0
RXNTEST_1ce1ec695c28,CO,room,medium,0
RXNTEST_b10089bdc2d1,C1CCOC1,room,short,0
RXNTEST_ce39c6922397,C(Cl)Cl,room,medium,0
RXNTEST_f4e3322f3cf6,O1CCOCC1,hot,long,1
RXNTEST_45da5d6c41c5,CO,room,short,1
RXNTEST_168ed57b96d1,O,hot,long,0
RXNTEST_312398d0dcac,NONE,hot,overnight,1
RXNTEST_429003f0f25b,CN(C)C=O,hot,long,1
RXNTEST_96b7c9913a2a,O1CCOCC1,hot,long,1
RXNTEST_5f1b53e05144,NONE,room,medium,0
RXNTEST_f21b7c88dbc1,NONE,room,short,0
RXNTEST_595ccc761abd,C1CCOC1,room,long,0
RXNTEST_ad18524a1cd6,C(C)#N,hot,medium,0
RXNTEST_c99fa39a0e0c,O,room,short,0
RXNTEST_55a9efe4c4f8,NONE,hot,short,0
RXNTEST_bd6f51ccaa77,C(Cl)Cl,room,medium,0
RXNTEST_2f97a09b7a4f,NONE,room,short,0
RXNTEST_7e8c813b59be,O1CCOCC1|C1(=CC=CC=C1)C,hot,medium,1
RXNTEST_749474f084df,O1CCCC1,room,short,0
RXNTEST_a09154bdd0eb,ClCCl,room,short,0
RXNTEST_1b93fd960af1,CN(C)C=O,room,short,0
RXNTEST_400de8ecc69e,CO,room,long,0
RXNTEST_f14de4eaa791,C1CCOC1,room,short,0
RXNTEST_0545f8d4a445,CN(C)C=O,room,long,0
RXNTEST_306139b3246d,CO,cold,short,0
RXNTEST_c1a768944c27,CS(=O)C,hot,long,1
RXNTEST_cd7376ee6445,NONE,room,short,0
RXNTEST_b6892e42ac5e,CO,room,long,1
RXNTEST_0055918d9211,CN(C)C=O,warm,overnight,0
RXNTEST_ca26dacf4b85,CN(C)C=O,warm,medium,0
RXNTEST_74f989e0b026,CN(C)C=O,room,long,0
RXNTEST_cc4bdcbc49ea,C1(=CC=CC=C1)C,hot,long,0
RXNTEST_9937f4c5875b,CN(C)C=O,room,short,0
RXNTEST_e2b675d29588,CO,room,short,1
RXNTEST_e0df8b2914c5,NONE,cold,short,0
RXNTEST_32a8a7f08212,O1CCOCC1,room,long,0
RXNTEST_e41127233c56,NONE,hot,medium,0
RXNTEST_90924ff58f7e,NONE,cold,short,0
RXNTEST_b95ac1ab01ff,C(Cl)Cl,room,long,0
RXNTEST_6318547cb133,O1CCOCC1,hot,long,1
RXNTEST_604ca3a82fbb,NONE,hot,long,0
RXNTEST_fea093dfb5b0,NONE,room,long,0
RXNTEST_385f65652e3b,CN(C)C=O,warm,overnight,0
RXNTEST_49ada08d789b,CN(C)C=O,room,very_short,0
RXNTEST_b2c805a48c26,O1CCOCC1,hot,short,1
RXNTEST_76295c2c3fbc,O1CCCC1,warm,medium,1
RXNTEST_2b1237ba1127,C1CCOC1,room,overnight,0
RXNTEST_5d5b8c48e3e6,NONE,room,long,0
RXNTEST_df1c79676374,NONE,hot,long,1
RXNTEST_4a57b6313296,O1CCOCC1,hot,short,1
RXNTEST_7310496e7fdb,O1CCOCC1,hot,long,1
RXNTEST_425b0a037025,O1CCOCC1,warm,medium,1
RXNTEST_6100cf9cb41f,NONE,hot,short,0
RXNTEST_735684f3ab7a,NONE,room,medium,0
RXNTEST_aeae67d8dc70,CS(=O)C,warm,medium,1
RXNTEST_419a1bfb3219,NONE,room,medium,0
RXNTEST_1a87819518d7,CO,room,very_long,0
RXNTEST_1d55c2f01e25,NONE,warm,long,1
RXNTEST_33c15614b84f,CO,room,short,0
RXNTEST_1394eee29758,C(C)#N,room,long,0
RXNTEST_1ac0856512a5,CN(C)C=O,room,long,0
RXNTEST_5cd41ab8df73,C1CCOC1,cryogenic,short,0
RXNTEST_5e8bd1b1f825,C1CCOC1,room,short,0
RXNTEST_ded2dfabd41f,NONE,room,short,1
RXNTEST_3571a4273a7e,NONE,room,short,0
RXNTEST_d5739bae0c84,CN(C=O)C|CN(C)C=O,hot,very_long,0
RXNTEST_aa4f3456d023,CO,room,very_long,0
RXNTEST_05e2d1a149de,NONE,warm,short,0
RXNTEST_d42d25798ae3,NONE,room,short,0
RXNTEST_8a6e95432cf1,O,cold,short,0
RXNTEST_82d739f9df9c,C(C)O,room,short,0
RXNTEST_3b5181f20c00,NONE,hot,short,0
RXNTEST_7c8a36f2d70b,NONE,room,long,0
RXNTEST_57466f2950a5,NONE,hot,short,0
RXNTEST_15a5650e1948,C(C)(=O)OCC,room,long,0
RXNTEST_0038f01b2f2f,COCCOC,hot,medium,1
RXNTEST_24c429ccc641,CO,room,short,1
RXNTEST_8889f4c8d304,CCO,warm,medium,0
RXNTEST_7c0eeb1314cb,NONE,room,long,0
RXNTEST_ab16a1f35bf5,C1(=CC=CC=C1)C,hot,short,0
RXNTEST_c640237a72bf,C(Cl)Cl,room,overnight,0
RXNTEST_8056aad3aeee,O1CCOCC1,hot,long,1
RXNTEST_e419b879b20f,CN(C)C=O,room,long,0
RXNTEST_d6ce49f1387b,NONE,room,long,0
RXNTEST_e109b508021b,O1CCOCC1,room,short,1
RXNTEST_93a87333820f,C(C)O,warm,short,0
RXNTEST_da6ae3dadeb6,NONE,room,short,0
RXNTEST_f5ac27c6db35,CN(C)C=O,hot,long,0
RXNTEST_d116cc2ab476,C(Cl)Cl,room,overnight,0
RXNTEST_95fac559d2ce,O1CCOCC1,hot,long,1
RXNTEST_2384a34c78cc,CCO,hot,short,0
RXNTEST_050d5f9a9604,C(Cl)Cl,room,medium,0
RXNTEST_529044c5f342,CS(=O)C,hot,long,0
RXNTEST_b00af592295b,C1CCOC1,room,long,0
RXNTEST_eed92702ed9c,O1CCOCC1,room,long,0
RXNTEST_695bc4f9fdec,NONE,room,long,0
RXNTEST_26ba3ade2aef,NONE,room,short,0
RXNTEST_e7201a1a63ce,CN(C)C=O,warm,long,0
RXNTEST_b05069db330c,CN(C=O)C,hot,short,1
RXNTEST_a9faa077b42e,NONE,room,long,0
RXNTEST_433bdd9dfef3,NONE,hot,long,0
RXNTEST_72f73adba3af,ClCCl,room,long,0
RXNTEST_f5be810844e3,C(Cl)Cl,room,long,0
RXNTEST_ab467e9ea845,O1CCOCC1|C1(=CC=CC=C1)C,hot,short,1
RXNTEST_49eeb095ef09,C(C)#N,room,long,0
RXNTEST_35bb770befb7,C(Cl)Cl,room,overnight,0
RXNTEST_f8bdaea9e091,NONE,room,long,0
RXNTEST_322bd2c0fca3,O1CCOCC1,hot,long,1
RXNTEST_a02fee31b6cb,C1(=CC=CC=C1)C,warm,long,1
RXNTEST_6124bafabb34,O1CCOCC1,hot,long,1
RXNTEST_025c7c3b336c,CN(C)C=O,hot,overnight,1
RXNTEST_d098dc03dd5a,C1(=CC=CC=C1)C,hot,medium,1
RXNTEST_2d80de4b5156,NONE,cold,short,1
RXNTEST_f8965ef4fd00,CN(C)C=O,room,short,0
RXNTEST_e953778babc8,NONE,room,long,1
RXNTEST_903a76f996f5,O1CCOCC1,hot,short,1
RXNTEST_23ca07411953,NONE,room,long,0
RXNTEST_c46d9c7a9b0a,O1CCOCC1,hot,long,1
RXNTEST_11594ae719b1,C(Cl)Cl,room,short,0
RXNTEST_e971088eb7d9,CO,room,short,0
RXNTEST_854f67557658,C(C)(=O)O|C(C)O,room,short,0
RXNTEST_f55ca9500fba,C(C)O,room,medium,1
RXNTEST_833148dcc45a,C1CCOC1,room,long,0
RXNTEST_5d8cc7003d84,O1CCOCC1,hot,very_short,1
RXNTEST_32aae9ad5536,NONE,warm,overnight,1
RXNTEST_15e7e70563ec,C(Cl)Cl,room,short,0
RXNTEST_9cc36eadec0e,C(Cl)Cl,room,short,0
RXNTEST_4ecf2d9c3e40,C1(=CC=CC=C1)C,room,very_long,0
RXNTEST_85286b59680e,C(C)O,room,short,1
RXNTEST_3c2f7f8c1ec3,O,hot,short,1
RXNTEST_d6fd20ab7626,CN(C)C=O,warm,short,0
RXNTEST_fd703f507482,O,warm,short,0
RXNTEST_f4f709093417,C(Cl)Cl,room,short,0
RXNTEST_58f0ba10cc18,O,hot,medium,1
RXNTEST_672b6ad7ab97,NONE,cold,short,0
RXNTEST_2527808eaa3f,O,room,long,0
RXNTEST_5643505ea0e2,C(Cl)Cl,warm,short,0
RXNTEST_4a34f19d9712,NONE,hot,medium,0
RXNTEST_162dcb77904f,NONE,room,long,0
RXNTEST_2343676e1151,NONE,hot,overnight,1
RXNTEST_9ff1252c5272,ClCCl,room,long,0
RXNTEST_f8cc537db118,NONE,room,short,0
RXNTEST_1912a3ef86cd,C1(=CC=CC=C1)C,hot,short,1
RXNTEST_33a0e13257c0,NONE,hot,short,0
RXNTEST_49010f1f71ea,NONE,room,long,0
RXNTEST_5b8466c4cc82,CN(C)C=O,room,long,0
RXNTEST_b3f8b2fb2701,O1CCOCC1|C1(=CC=CC=C1)C,hot,medium,1
RXNTEST_eaed38f46c5d,NONE,hot,long,1
RXNTEST_31d332d1869b,O1CCOCC1,hot,short,1
RXNTEST_8847fc0cd01a,C1CCOC1,room,short,0
RXNTEST_a9a2bc7a027c,C1CCOC1,room,medium,0
RXNTEST_6774c0a89238,NONE,hot,medium,0
RXNTEST_ed4d5f4b9ddb,ClCCl,room,overnight,0
RXNTEST_67c12222cde2,C(C)O,room,short,0
RXNTEST_f636b8d74e74,C(C)O|CO,room,short,0
RXNTEST_207621d55ab8,CO,room,short,0
RXNTEST_0826fdc03d73,ClCCl,room,short,0
RXNTEST_ba06da6a5185,O,hot,long,1
RXNTEST_07726524b716,C1CCOC1,room,overnight,0
RXNTEST_c15a7782dc10,CN(C=O)C,warm,long,0
RXNTEST_cecd72e51613,NONE,room,long,0
RXNTEST_c878d6c099e8,C1(=CC=CC=C1)C,hot,short,1
RXNTEST_afc176ec301f,NONE,room,medium,1
RXNTEST_22e229338a48,O,hot,short,1
RXNTEST_657062198939,CN(C)C=O,hot,long,0
RXNTEST_a29bd73ae665,C1CCOC1,hot,long,0
RXNTEST_10fcacbbf0a2,CN(C=O)C,hot,long,0
RXNTEST_58bec5d46582,O,hot,short,1
RXNTEST_5aa8de8ec165,C(C)#N,room,long,0
RXNTEST_60294bea7653,NONE,hot,long,0
RXNTEST_de50fb13bdca,CO,room,overnight,0
RXNTEST_d20ce255f0db,O,warm,short,1
RXNTEST_00dbc62f129a,NONE,hot,long,0
RXNTEST_fb4b2fbbe41b,C(C)#N,room,overnight,0
RXNTEST_1a307750cf6e,CO,cold,short,0
RXNTEST_e76acf9f867f,C1CCOC1,room,long,0
RXNTEST_741b4e2ff8dc,NONE,room,overnight,0
RXNTEST_d550c44dbaec,O|O1CCOCC1,hot,short,1
RXNTEST_0eed2522edfa,NONE,hot,short,1
RXNTEST_709f0a585f31,C1CCOC1,room,long,0
RXNTEST_cdd1e5126caf,CN(C)C=O,room,short,0
RXNTEST_ff7fa6a61abb,NONE,room,short,0
RXNTEST_cbf946c837cf,CN(C)C=O,hot,overnight,1
RXNTEST_56a13a786d52,C1(=CC=CC=C1)C,hot,medium,0
RXNTEST_b510b9d3637e,CN(C=O)C,room,long,0
RXNTEST_35c2e26efa80,CCO|C(C)O,room,short,1
RXNTEST_8bb22e279a1c,C1CCOC1,room,short,0
RXNTEST_fda4c8942f6c,CN(C=O)C,room,short,0
RXNTEST_82384f8cf61e,CN(C)C=O,room,medium,0
RXNTEST_d4130851ae7c,ClCCl,room,short,0
RXNTEST_bdc0258709ec,O1CCOCC1,hot,short,1
RXNTEST_b9d5bc115fda,CN(C)C=O,warm,short,0
RXNTEST_d88fe3babd7b,C(Cl)Cl,room,short,1
RXNTEST_5560cbf02545,NONE,room,long,0
RXNTEST_58ff25f9a6da,C1CCOC1,warm,medium,0
RXNTEST_af970e6eb9e7,C(C)O|CO,room,overnight,1
RXNTEST_5ad06d2b8e31,O1CCOCC1|CN(C)C=O,hot,overnight,1
RXNTEST_96c3dce27406,NONE,room,short,0
RXNTEST_4ae9b57506f2,CN(C=O)C,room,short,0
RXNTEST_14d20c8a0db5,ClCCl,room,long,0
RXNTEST_a3d4832c44be,O,hot,short,0
RXNTEST_779cb7241565,CN(C)C=O,hot,short,1
RXNTEST_13e73c10c934,ClCCl|C(Cl)Cl,room,long,0
RXNTEST_21c42b7bb2d0,CN(C)C=O,room,long,0
RXNTEST_adb1c45fe3df,C(Cl)Cl,room,medium,0
RXNTEST_4d078a1a2c29,CN(C)C=O,room,overnight,0
RXNTEST_60e328541ba0,CN(C)C=O,room,overnight,0
RXNTEST_d2bd554ce587,C(C)O,hot,long,0
RXNTEST_c53f6cd779bf,CN(C)C=O,room,long,0
RXNTEST_3d94194c5a43,O1CCOCC1,hot,long,1
RXNTEST_31765b2ccbe0,NONE,room,long,0
RXNTEST_4f7968487018,CN(C)C=O,room,medium,0
RXNTEST_36b525925db8,O1CCCC1|C1CCOC1,room,short,0
RXNTEST_00583ad35e52,NONE,cold,very_short,0
RXNTEST_8e20d27bca4a,C(Cl)Cl,cold,short,0
RXNTEST_6031cf71c0f6,CN(C)C=O,warm,short,0
RXNTEST_c9bc4c870db9,CN(C)C=O|C(Cl)Cl,room,long,0
RXNTEST_aeb0c3a6f7a2,NONE,hot,short,0
RXNTEST_d4720b630257,CO,room,medium,1
RXNTEST_15885c001925,O1CCOCC1|C1(=CC=CC=C1)C,hot,long,1
RXNTEST_e557d8bbc9b1,NONE,room,short,0
RXNTEST_c08ba940d46c,O,room,overnight,0
RXNTEST_b98c99357bf6,CN(C)C=O,room,short,0
RXNTEST_66bba4e83be3,CN(C)C=O,room,long,0
RXNTEST_f3bb8ff27a9b,NONE,warm,long,0
RXNTEST_18afb1483cb4,C1CCOC1,warm,medium,0
RXNTEST_ba219908976c,NONE,hot,long,0
RXNTEST_111efa202de8,C(Cl)Cl,room,short,0
RXNTEST_6714d87cde54,CN(C)C=O,hot,medium,1
RXNTEST_f557963b6cc8,CN(C)C=O,room,long,0
RXNTEST_a020ce0c03c3,CO,room,long,0
RXNTEST_96343ff90637,NONE,warm,short,0
RXNTEST_c1d6da542992,CN(C=O)C,room,long,0
RXNTEST_7ffb41d556cf,C(C)#N,room,long,0
RXNTEST_465cbd671d1b,C1CCOC1,room,short,0
RXNTEST_13cc7e460687,CS(=O)C,warm,medium,0
RXNTEST_339262a921f2,CN(C=O)C,room,overnight,0
RXNTEST_35cdfddb37d6,C1CCOC1,room,short,0
RXNTEST_f5950ccb7dee,C(Cl)Cl,room,short,0
RXNTEST_a80524ac43ce,NONE,room,long,0
RXNTEST_799ec261c84d,O1CCOCC1,hot,short,1
RXNTEST_d1323e2e2914,NONE,hot,short,1
RXNTEST_4ee1a582aac3,CS(=O)C,warm,long,1
RXNTEST_6bb64a6a27f8,NONE,room,medium,0
RXNTEST_1add701af8f1,CN(C=O)C,hot,long,1
RXNTEST_92da19c691ab,NONE,cold,medium,0
RXNTEST_2f2c00c5ac5d,CN(C)C=O,warm,overnight,0
RXNTEST_f69519cf9ec8,N1=CC=CC=C1,room,long,0
RXNTEST_109ed84eaad4,C(Cl)Cl,room,long,1
RXNTEST_0cd9ee1ef070,O,warm,long,0
RXNTEST_85a5ca413f62,NONE,room,medium,0
RXNTEST_716ff1b9865f,NONE,hot,short,1
RXNTEST_238895a5beb0,C(C)(=O)O,room,medium,1
RXNTEST_a67a3dcc5393,CN(C=O)C,warm,long,0
RXNTEST_43c4a8b1d20f,C(C)#N,warm,medium,0
RXNTEST_a3c73ca84d85,CN(C)C=O,hot,long,0
RXNTEST_cae2bed213af,NONE,hot,overnight,0
RXNTEST_fb080774ca95,C(Cl)Cl,room,long,0
RXNTEST_41be47f6c496,NONE,room,short,0
RXNTEST_88d77c223169,C(Cl)Cl,room,overnight,0
RXNTEST_3c1b84c4b171,NONE,hot,very_long,0
RXNTEST_fc6b5bad6afc,CN(C)C=O,hot,medium,0
RXNTEST_b66f3b3dca4b,C1CCOC1,room,short,1
RXNTEST_b46745b4b4a3,CN(C)C=O,hot,medium,0
RXNTEST_03e4aea71a66,C(C)#N,room,short,0
RXNTEST_4ef80acdc620,CO,room,short,0
RXNTEST_3ac901bf4a7d,O1CCOCC1,hot,short,1
RXNTEST_f27928fedd23,CO,warm,short,0
RXNTEST_04bc532898fc,C1CCOC1,room,short,0
RXNTEST_2f2ecfbff064,O1CCOCC1,hot,long,1
RXNTEST_9f90822e77ce,C1CCOC1,room,short,0
RXNTEST_2dd2ca1de4db,CS(=O)C|CN(C)C=O,hot,overnight,1
RXNTEST_f46c3989d29a,O,room,long,0
RXNTEST_777cf6a094d0,C(Cl)Cl,room,long,0
RXNTEST_0c310b6b68db,C(Cl)Cl,room,short,0
RXNTEST_495dc454606c,O1CCCC1,room,long,0
RXNTEST_eb38d34fe7b2,NONE,cold,short,0
RXNTEST_aa7d8189a98f,C1CCOC1,room,medium,0
RXNTEST_d3cc735f508f,CN(C)C=O,warm,medium,0
RXNTEST_c9143ba15d56,C(Cl)Cl,room,short,0
RXNTEST_f1ce206be596,C1CCOC1,room,long,0
RXNTEST_ebe98559990e,O1CCOCC1|C1(=CC=CC=C1)C,hot,short,1
RXNTEST_0ee72b162beb,NONE,hot,short,0
RXNTEST_77bc6493303b,CN(C)C=O,hot,long,0
RXNTEST_015990f4073f,ClCCl,room,long,0
RXNTEST_e4a1acdab4a2,NONE,warm,short,1
RXNTEST_b4ec8583e0a5,CN(C)C=O,room,medium,0
RXNTEST_d052811122a7,C(Cl)Cl,room,short,1
RXNTEST_ca4c2a33d9a6,NONE,room,overnight,1
RXNTEST_382f421a9dd3,O1CCOCC1,hot,long,1
RXNTEST_ffa804290934,C(Cl)Cl,room,short,0
RXNTEST_b9978620a0de,CN(C)C=O,room,long,0
RXNTEST_f917ddcf1412,O1CCOCC1,room,long,1
RXNTEST_74f14b66ad60,C(Cl)Cl,cold,short,0
RXNTEST_bbb137bed38c,NONE,room,short,0
RXNTEST_054cf55c0fdb,NONE,room,short,0
RXNTEST_11103f7f058d,CO,room,medium,0
RXNTEST_23d1dbd00073,NONE,hot,long,1
RXNTEST_5d16fd1413ff,C(Cl)Cl,room,medium,0
RXNTEST_ca4f44a43cee,CN(C)C=O,room,long,0
RXNTEST_56c3fe0f539b,CN(C)C=O,room,medium,0
RXNTEST_6e5991d600bd,CN(C=O)C,room,overnight,0
RXNTEST_bf6ef9baf905,C1CCOC1,room,long,0
RXNTEST_2dd58f1a788f,CO,room,short,0
RXNTEST_60212efdb0a7,NONE,warm,short,1
RXNTEST_d5cfb04ccb3c,ClCCl|C(Cl)Cl,room,overnight,0
RXNTEST_0f0ad73dcf42,NONE,room,short,0
RXNTEST_9c50d6bc1bda,C(C)#N,room,short,0
RXNTEST_60a816c14e2a,O1CCCC1,cryogenic,long,0
RXNTEST_d0d776b386fb,NONE,room,short,0
RXNTEST_49e905d9511c,NONE,room,overnight,0
RXNTEST_af7fa7d10580,NONE,hot,short,1
RXNTEST_c59d556a3994,O1CCOCC1,hot,long,1
RXNTEST_306846b9baef,CN(C)C=O,room,short,0
RXNTEST_aa2686d2fc26,CN(C)C=O,hot,short,1
RXNTEST_e798315f8730,C1CCOC1,cryogenic,short,0
RXNTEST_65246a061fd7,NONE,warm,long,1
RXNTEST_83cd1e72d5a7,CN(C)C=O,warm,medium,0
RXNTEST_ce6ea396bf2b,O1CCOCC1,hot,short,0
RXNTEST_52aa45c616aa,CN(C)C=O,hot,overnight,0
RXNTEST_d45a21961d2b,CO,room,short,0
RXNTEST_b149f56d2420,O1CCOCC1|C1(=CC=CC=C1)C,hot,medium,1
RXNTEST_a5fbea58fbec,O,hot,short,1
RXNTEST_07adb2b5961f,NONE,hot,short,0
RXNTEST_b8cb70e76ccd,NONE,hot,medium,1
RXNTEST_24a0e465a155,C(Cl)Cl,room,short,0
RXNTEST_e4571e54a630,CO,warm,long,0
RXNTEST_d64c08427125,C1CCOC1,room,very_long,0
RXNTEST_8c83b0383f4d,C(Cl)Cl,room,short,0
RXNTEST_05dbaa215799,ClCCl,room,overnight,0
RXNTEST_f5408b1a982a,CO,room,short,0
RXNTEST_6527cf4bcc9c,C(C)O,room,overnight,0
RXNTEST_1549339a2b14,C(Cl)Cl,cold,short,0
RXNTEST_af40b586f451,NONE,hot,medium,0
RXNTEST_c9d69999c797,CN(C)C=O,room,long,0
RXNTEST_5373f3d6c61d,ClCCCl,room,short,0
RXNTEST_d5616b42d9c9,C(C)(=O)OCC,room,short,0
RXNTEST_d81cd7d6a6a1,CN(C)C=O,hot,long,0
RXNTEST_8730d46e6be9,C(C)(=O)OCC,hot,long,1
RXNTEST_b72275303769,C1CCOC1,room,overnight,0
RXNTEST_01e2ff5f5b62,CN(C)C=O,hot,long,0
RXNTEST_1d7bd0723ec0,NONE,room,long,0
RXNTEST_efc316e9ac05,NONE,room,long,0
RXNTEST_996f37d6cac4,NONE,room,long,1
RXNTEST_6f2079c46279,C(C)#N,warm,long,0
RXNTEST_8bcf1f6da9d1,O,room,overnight,0
RXNTEST_40c4789656bd,C(Cl)Cl,room,medium,0
RXNTEST_f2fec32f934a,C(Cl)Cl,room,short,0
RXNTEST_e0b3628a56d1,O1CCOCC1,hot,long,1
RXNTEST_16fa1d1dc6fc,NONE,room,long,0
RXNTEST_8430f1b4a6be,NONE,hot,medium,1
RXNTEST_9ac3c9f935f2,O1CCCC1,room,long,0
RXNTEST_fdbbfec1e456,NONE,room,long,0
RXNTEST_0aeb2e501184,CO,room,short,1
RXNTEST_b78badac2ecd,C1CCOC1,room,long,0
RXNTEST_29fc165e6079,N1=CC=CC=C1,warm,long,0
RXNTEST_0d65eb522ba4,CN(C)C=O,room,long,0
RXNTEST_21a6f0a979c6,C1CCOC1,cryogenic,short,0
RXNTEST_30efdc927f90,CN(C)C=O|CN(C=O)C,warm,overnight,0
RXNTEST_6e931fd602ac,CN(C)C=O,room,medium,0
RXNTEST_f757a675754a,NONE,room,short,0
RXNTEST_775edec4b0aa,CN(C)C=O,hot,long,0
RXNTEST_d6a3626e8ffa,CO,hot,long,0
RXNTEST_e1c41f4ffa93,NONE,room,short,0
RXNTEST_c8aae65499a6,C(Cl)Cl,room,short,0
RXNTEST_a2a6b98f19fc,CN(C)C=O,hot,medium,0
RXNTEST_ae81dce0bad9,C(Cl)Cl,room,short,0
RXNTEST_57d09e058945,CC(=O)C,room,long,0
RXNTEST_95217a0c101d,C1CCOC1,cold,short,0
RXNTEST_ca6df56e7d61,NONE,hot,long,0
RXNTEST_767c58e038c9,O,hot,short,1
RXNTEST_5b31d763e2bb,C(Cl)Cl|ClCCl,room,short,0
RXNTEST_376f500d3bd1,C1CCOC1,room,medium,0
RXNTEST_b3edeca021bf,C(Cl)Cl,room,overnight,0
RXNTEST_a05f2676dcee,O1CCOCC1|CN(C)C=O,hot,long,1
RXNTEST_bcc7e69d1c9e,O1CCCC1,room,short,0
RXNTEST_d0207021a57d,O,hot,short,0
RXNTEST_598956a2f2d6,O,room,short,1
RXNTEST_a8072883eea0,C1CCOC1,room,long,0
RXNTEST_2f6f13afd5f6,CS(=O)C,hot,medium,0
RXNTEST_b5ef574a6337,O1CCOCC1,room,overnight,0
RXNTEST_f833813dab8b,C1CCOC1,room,long,0
RXNTEST_c25f69f507ce,O1CCOCC1,hot,long,1
RXNTEST_ceb30b68c81b,CCO,hot,very_long,0
RXNTEST_510356d6c97c,CN(C)C=O,room,overnight,0
RXNTEST_38c21814ea24,O,room,medium,0
RXNTEST_d58d2b46b455,CN(C)C=O,hot,short,0
RXNTEST_099dd01dea71,CO,room,long,0
RXNTEST_b15019ef4821,NONE,room,long,0
RXNTEST_7ef295dc7e5d,NONE,room,short,0
RXNTEST_7602ae0f0b26,O,hot,short,1
RXNTEST_97cc60f42a51,O1CCCC1|C1CCOC1,cryogenic,short,0
RXNTEST_1114d4f74607,ClCCl,room,short,0
RXNTEST_dd06d23fc165,NONE,room,short,0
RXNTEST_9696bb1c9481,O,hot,short,0
RXNTEST_ac680a55c0b7,NONE,hot,short,0
RXNTEST_4290d59901c8,C(C)O,room,long,0
RXNTEST_0b3085bc9059,O1CCOCC1,hot,short,1
RXNTEST_7a685224ba6f,CN(C)C=O,room,short,1
RXNTEST_b3736650b60d,NONE,warm,short,0
RXNTEST_8b90dfc86c76,O,hot,short,1
RXNTEST_45576d3967b2,CO,warm,long,0
RXNTEST_8bc668a70bc6,CN(C)C=O,room,long,0
RXNTEST_6bdca07caa47,CN(C)C=O,room,short,0
RXNTEST_03b513b937f6,O1CCOCC1,warm,short,0
RXNTEST_7705894cb5e9,NONE,hot,medium,0
RXNTEST_9ea34618d604,CN(C)C=O,hot,medium,0
RXNTEST_47043d577e0a,CN(C)C=O,room,long,0
RXNTEST_a96da7738f1b,C(C)(=O)OCC,room,short,0
RXNTEST_1aca67861aee,CN(C)C=O,room,long,0
RXNTEST_e4b375930d07,NONE,room,short,0
RXNTEST_0ab2dd901e90,CN(C)C=O,hot,short,1
RXNTEST_d18dd42e56b5,NONE,hot,short,0
RXNTEST_65ee2ed26cf8,NONE,hot,short,0
RXNTEST_192a0ab16066,C1CCOC1,cryogenic,short,0
RXNTEST_f8d724a42287,NONE,hot,medium,0
RXNTEST_898f060f9eeb,O|O1CCOCC1,hot,short,1
RXNTEST_15dc17654cf3,CN(C)C=O,warm,medium,0
RXNTEST_5db91cfd3851,CS(=O)C,warm,long,0
RXNTEST_a4e1bd014555,ClCCl,room,short,0
RXNTEST_852afcc44549,NONE,hot,medium,0
RXNTEST_cab1afa147b6,C(C)O,room,short,0
RXNTEST_f759ba3a5279,ClCCl,room,very_long,0
RXNTEST_a64dd864dafe,NONE,room,short,0
RXNTEST_be44dfed16bc,O1CCOCC1|C1(=CC=CC=C1)C,hot,short,1
RXNTEST_b8eb104b2e64,NONE,room,short,0
RXNTEST_cc2b79a2037b,CN(C)C=O,room,overnight,0
RXNTEST_c6451aaaf9b9,CN(C)C=O,room,medium,0
RXNTEST_03a7364a1764,CN(C)C=O,room,long,0
RXNTEST_ea71ba8f56a8,CN(C)C=O,room,short,0
RXNTEST_270617d80559,C1CCOC1|O1CCCC1,cold,short,0
RXNTEST_529d550285e4,ClCCl,room,long,0
RXNTEST_be57cdae8afd,C1(=CC=CC=C1)C,room,short,0
RXNTEST_ef66b5a681a3,CN(C)C=O,warm,overnight,0
RXNTEST_6682fcb0d262,CO,room,medium,0
RXNTEST_6abe8591a57a,CN(C)C=O,hot,medium,0
RXNTEST_7a839a9fa6f1,NONE,room,long,0
RXNTEST_00f781a8b6fb,CO,warm,short,0
RXNTEST_2d204c8d04ab,CO,room,medium,1
RXNTEST_425cdc201e71,C(Cl)Cl,room,overnight,0
RXNTEST_5068974ca9d9,NONE,hot,medium,0
RXNTEST_4696d4f510d9,NONE,room,long,0
RXNTEST_96ead7571516,ClCCl,room,medium,1
RXNTEST_721a79bbdc00,CN(C)C=O,room,medium,0
RXNTEST_b505bee9a800,CO,room,short,1
RXNTEST_1739e363dfb9,CN(C)C=O,hot,medium,0
RXNTEST_c0ede74a538a,NONE,warm,short,0
RXNTEST_de55a59f05cb,CN(C)C=O,warm,medium,0
RXNTEST_07a698169bc3,C(C)O,room,medium,0
RXNTEST_5f19f5381999,O1CCOCC1,hot,medium,1
RXNTEST_f79d751ae005,C(Cl)Cl,cold,short,0
RXNTEST_b4d31fa34967,O1CCOCC1,hot,long,0
RXNTEST_97ba9639cd13,NONE,room,overnight,1
RXNTEST_b9dfef00adc7,O,room,short,0
RXNTEST_b70b4d6887a6,NONE,room,short,0
RXNTEST_8b5f856cd21e,COCCOC,room,short,1
RXNTEST_90069e6bfeca,C(Cl)Cl,room,long,0
RXNTEST_a09d39cfe1b6,CN(C)C=O,room,long,0
RXNTEST_c945dc2b98f2,NONE,room,short,1
RXNTEST_98b256bd7095,CN(C)C=O,hot,long,0
RXNTEST_453b0c29a828,C1(=CC=CC=C1)C|O1CCOCC1,hot,long,1
RXNTEST_33a8df6dd167,ClCCl,room,long,0
RXNTEST_19a337b2a8f4,C(Cl)Cl|ClCCl,room,short,0
RXNTEST_9dee2d81496f,CN(C)C=O|C(Cl)Cl,room,short,0
RXNTEST_1da989d1506a,O1CCOCC1,hot,long,1
RXNTEST_e108d60f723d,C1CCOC1,cold,short,0
RXNTEST_cffed715ec2c,C(Cl)Cl,room,short,0
RXNTEST_5d5881faa051,CN(C=O)C|CN(C)C=O,room,short,0
RXNTEST_209ffa2a3f96,O,hot,long,1
RXNTEST_59ed6a8746d5,N1=CC=CC=C1,room,short,0
RXNTEST_86521bc4515d,CO,room,long,1
RXNTEST_8b4e74f934a6,NONE,room,medium,0
RXNTEST_38707bc477e6,C1(=CC=CC=C1)C,hot,short,1
RXNTEST_cb8b32bcdaef,C(Cl)Cl,room,short,0
RXNTEST_2fd03f71d473,O1CCOCC1,room,long,1
RXNTEST_faa610841186,NONE,hot,medium,0
RXNTEST_ca4ab08bb590,CO,room,medium,0
RXNTEST_3ce655221aa7,C(C)O,room,overnight,0
RXNTEST_6c697ec270fd,C1CCOC1,cold,long,0
RXNTEST_9271a32aaa49,O,room,medium,0
RXNTEST_dd73e9e6adf1,CN(C)C=O,room,short,0
RXNTEST_8fc10477add5,O,hot,short,1
RXNTEST_8bb55dd7ede5,C1CCOC1,room,long,0
RXNTEST_f0f5d935eabb,O1CCOCC1,hot,long,1
RXNTEST_2fe7caec29db,NONE,room,short,0
RXNTEST_aa4de5e5989c,NONE,hot,short,0
RXNTEST_5fff643dcad6,C1CCOC1,room,overnight,0
RXNTEST_e2d9b25e7406,CS(=O)C,warm,medium,0
RXNTEST_94108389432b,CN(C)C=O,room,short,0
RXNTEST_7015e2ecda48,CN(C=O)C,room,medium,0
RXNTEST_131bd9711f85,CN(C=O)C,room,long,0
RXNTEST_c780b5353d8d,C1CCOC1|O1CCCC1,room,short,0
RXNTEST_dbcd0cf80c44,C(Cl)Cl,room,very_long,0
RXNTEST_441a4286e9eb,CO,room,short,0
RXNTEST_4215a06283fe,NONE,hot,short,0
RXNTEST_282b8658684b,CN(C)C=O,hot,long,0
RXNTEST_0229e64789be,CO,room,short,0
RXNTEST_51a6588ca66b,NONE,warm,short,1
RXNTEST_b1c4fbe71edc,C1(=CC=CC=C1)C,warm,short,0
RXNTEST_b03657608970,C(C)O,room,short,0
RXNTEST_4fc2fc4b9950,CS(=O)C,warm,long,1
RXNTEST_c9dfb123af03,CN(C)C=O,hot,long,0
RXNTEST_c5b8def305ea,CN(C)C=O,warm,long,0
RXNTEST_5a5f7639186f,CO,room,long,1
RXNTEST_c358d3bbc5af,ClCCl,room,long,0
RXNTEST_4075fb8a2c88,NONE,room,long,1
RXNTEST_69245906aa28,CN(C)C=O,hot,short,0
RXNTEST_2aa1e260caab,CN(C=O)C,room,short,0
RXNTEST_3bec9951d5ae,CN(C)C=O,hot,long,1
RXNTEST_49fab576f819,NONE,hot,short,1
RXNTEST_44cbe1c98051,CN(C)C=O,hot,overnight,0
RXNTEST_56090d4b7c76,C(Cl)Cl,room,overnight,0
RXNTEST_81f372cde602,CC(=O)C,room,long,0
RXNTEST_6ffcc73d8f48,O,hot,long,1
RXNTEST_7996e1903dc2,NONE,room,long,0
RXNTEST_222ccfe9f7e9,O1CCCC1|C1CCOC1,room,short,0
RXNTEST_85212289c485,NONE,room,very_long,0
RXNTEST_d979598d0875,NONE,hot,short,0
RXNTEST_ee87925425ab,CO,room,medium,0
RXNTEST_ce3b51d95d98,O,room,medium,0
RXNTEST_fdb71a2e8745,C(C)O,warm,short,0
RXNTEST_f61529188a27,O,room,long,0
RXNTEST_ebb8d43cc1f0,NONE,hot,short,1
RXNTEST_00608b0e894c,O1CCCC1,room,medium,0
RXNTEST_ccc4d7b63532,CN(C)C=O,room,overnight,0
RXNTEST_9ab5c3dcbc6c,C1CCOC1,room,long,0
RXNTEST_8c453194f35c,O,warm,short,1
RXNTEST_e78c89419058,C(Cl)Cl,room,long,0
RXNTEST_be6504a029fb,C(C)(=O)O,room,short,0
RXNTEST_c8165b41e81b,CN(C=O)C,room,long,0
RXNTEST_c4992313c9de,NONE,room,short,0
RXNTEST_23fbac356e59,O1CCOCC1,hot,short,1
RXNTEST_2511ed492580,NONE,room,short,0
RXNTEST_6a51f1540cdf,O1CCOCC1,hot,long,1
RXNTEST_0c078606f3c6,CO,warm,medium,1
RXNTEST_9f8bfb169c8f,CO,room,short,0
RXNTEST_ce39bd12cd69,O1CCOCC1,hot,short,1
RXNTEST_f8ababb17bd5,CN(C)C=O,room,overnight,0
RXNTEST_05e3472f6f6e,O1CCOCC1,hot,long,1
RXNTEST_14080d140b9b,NONE,room,overnight,0
RXNTEST_2e3efbce0a2e,CN(C)C=O,room,short,0
RXNTEST_772c29af1cc4,CS(=O)C,warm,overnight,1
RXNTEST_8e08b0ba2c61,NONE,hot,short,0
RXNTEST_34810908fa37,C1CCOC1,warm,long,0
RXNTEST_7f8f8d74061d,C(Cl)Cl,room,short,0
RXNTEST_5e46ce0d0e49,CN(C=O)C,room,medium,0
RXNTEST_0a0033d936df,CN(C)C=O,warm,long,0
RXNTEST_8af98b403743,NONE,hot,medium,1
RXNTEST_ca31d760c0e9,O1CCCC1,room,short,0
RXNTEST_68bb62b34b52,CC#N,warm,long,0
RXNTEST_26f87fa09aa8,ClCCl,room,long,1
RXNTEST_2b89d0e42570,NONE,room,overnight,0
RXNTEST_29167e13be60,C(Cl)Cl,room,short,0
RXNTEST_de694d74d6aa,CO,room,short,0
RXNTEST_21656b0851c9,NONE,room,long,0
RXNTEST_3a739e449c04,CN(C)C=O,room,long,0
RXNTEST_40ff207ec7fb,NONE,warm,short,0
RXNTEST_dc6e06a455c8,C(Cl)Cl,room,short,0
RXNTEST_c85e9d47b423,C(C)(=O)O,hot,overnight,0
RXNTEST_7fa6de1211d9,C(Cl)Cl,warm,long,0
RXNTEST_d1f51e6a020b,NONE,room,long,0
RXNTEST_20ecd9d79d83,O1CCOCC1,hot,short,1
RXNTEST_f57f67a1fb5c,C1CCOC1,cryogenic,short,0
RXNTEST_723aab504668,NONE,room,short,0
RXNTEST_8090aaeec7d9,C1CCOC1,room,long,0
RXNTEST_da6f51e8d10f,NONE,room,short,0
RXNTEST_40070d31b85c,NONE,room,overnight,0
RXNTEST_e115af1ad120,NONE,hot,medium,0
RXNTEST_9fc8adeb95ba,C1CCOC1,room,short,0
RXNTEST_ec22fa682a68,C(Cl)Cl,room,medium,0
RXNTEST_f47cf1e1be83,C1CCOC1,room,short,0
RXNTEST_5afb27dbecd6,C1CCOC1,room,short,0
RXNTEST_212fe9c45ec2,O1CCOCC1,hot,long,1
RXNTEST_90c5899229fc,O1CCCC1,room,short,0
RXNTEST_3f0576b7dde6,CO,room,short,1
RXNTEST_f499326dbdba,C1CCOC1,cold,short,0
RXNTEST_89a6604c813d,NONE,hot,short,0
RXNTEST_0fe7de60960f,CN(C)C=O,room,long,0
RXNTEST_c3d1774eba90,CN(C)C=O,room,long,0
RXNTEST_2e8c1c19721e,O1CCCC1,room,short,0
RXNTEST_1b7b8a4a2d19,C(C)O,hot,medium,0
RXNTEST_5be85ea4d6bc,C(Cl)Cl,room,short,0
RXNTEST_30755715f71a,CCO|C(C)O,room,short,0
RXNTEST_70a2731146a3,C(C)O,room,medium,1
RXNTEST_619794fc7dd7,O,room,long,0
RXNTEST_2ee68f359939,CN(C)C=O,room,short,0
RXNTEST_b2343fb9043e,O1CCOCC1,hot,long,1
RXNTEST_c57620c90cb0,C1CCOC1,cryogenic,short,0
RXNTEST_db0cdec36eeb,CN(C)C=O,hot,overnight,0
RXNTEST_6ca7ac5096fc,CN(C)C=O,room,overnight,0
RXNTEST_fccaaa053400,CN(C)C=O,room,medium,0
RXNTEST_3747fabe74d4,C1CCOC1|O1CCCC1,cryogenic,short,0
RXNTEST_3d3b811fc71a,C1CCOC1,room,medium,0
RXNTEST_3ce5bfff86c0,CN(C)C=O,room,long,0
RXNTEST_07b266226314,NONE,room,short,0
RXNTEST_c6a79bc56f47,ClCCl,room,medium,1
RXNTEST_56b059f3ee35,NONE,hot,short,0
RXNTEST_2e92bb153e14,CN(C)C=O,hot,short,1
RXNTEST_83d372a3052c,NONE,room,short,0
RXNTEST_6f1e21e8c675,O,hot,short,1
RXNTEST_8a32667caa86,NONE,room,short,0
RXNTEST_0011e3e040ed,CO|O,room,short,0
RXNTEST_d11a86ea67bf,COCCOC,hot,short,1
RXNTEST_1cf22b0475fd,C(Cl)Cl,room,long,0
RXNTEST_7a5b6cf20ef8,C(Cl)Cl,room,short,0
RXNTEST_d8084a3d2b4a,O1CCOCC1,hot,short,1
RXNTEST_b752055fdfc7,C(C)(=O)OCC,room,short,1
RXNTEST_a58874913992,CN(C)C=O,hot,medium,1
RXNTEST_dc5b7797f3df,CO,room,long,0
RXNTEST_07cef610df88,CN(C)C=O,room,short,0
RXNTEST_41309dc63405,CO,room,medium,0
RXNTEST_a79617e2b5a0,C(C)#N,room,long,0
RXNTEST_c985a9d9a0c9,CO,room,medium,1
RXNTEST_2ecb01356a2b,CN(C)C=O,warm,long,0
RXNTEST_9e729b5b1955,CO,warm,long,0
RXNTEST_4701ddde1f7d,NONE,hot,short,0
RXNTEST_36b580d9bcbf,CO,room,short,1
RXNTEST_dd7782c4bf18,NONE,warm,overnight,1
RXNTEST_759643d19239,CO,room,long,0
RXNTEST_3ffe93f847c2,CN(C)C=O,room,medium,0
RXNTEST_702e58ce6b78,CO,cold,short,0
RXNTEST_a69cd91a937a,CO,hot,long,0
RXNTEST_829bc3fa6a8c,C1CCOC1,cold,short,0
RXNTEST_57ff1179e37e,C(Cl)Cl,room,short,0
RXNTEST_d0b58ade4b05,CN(C)C=O,room,long,0
RXNTEST_fa8d5b41fdb2,C1(=CC=CC=C1)C,room,short,0
RXNTEST_8be1559b0df6,NONE,room,short,0
RXNTEST_8e1875e1500c,C(Cl)Cl,hot,long,0
RXNTEST_8f5aefb7a2df,CO,room,medium,1
RXNTEST_7e1e0b1c11ed,C(C)O|CO,room,long,1
RXNTEST_6f63a010002e,O,room,medium,0
RXNTEST_3c9c9b423daa,NONE,room,short,0
RXNTEST_e4839e28f52d,C1(=CC=CC=C1)C,hot,short,1
RXNTEST_e7fda2cefb61,ClCCl,room,short,0
RXNTEST_b0d4007bb7cd,CO,room,long,0
RXNTEST_1b691565ece7,C(Cl)Cl|CN(C)C=O,room,short,0
RXNTEST_3e7fc83207ab,O,hot,short,1
RXNTEST_13ab8635c38e,O1CCOCC1,hot,short,1
RXNTEST_e1a2f7d0a33d,NONE,hot,medium,1
RXNTEST_2629fcc3086f,C1(=CC=CC=C1)C,hot,long,0
RXNTEST_e19216592959,C(Cl)Cl,room,medium,0
RXNTEST_acdd308f6e25,O1CCCC1,room,medium,1
RXNTEST_8bc24f5cf70c,O,hot,short,1
RXNTEST_639143a3e991,NONE,warm,short,1
RXNTEST_f21616e07f37,O,cold,short,0
RXNTEST_8d37fe7c2ca8,O,hot,long,1
RXNTEST_4e0be53f6c8e,CN(C)C=O,hot,long,0
RXNTEST_f16fcf75bda7,O1CCOCC1,hot,long,1
RXNTEST_7e3d374fae8b,CN(C)C=O,room,short,0
RXNTEST_b4629551161c,C1(=CC=CC=C1)C,room,medium,1
RXNTEST_2c89c2979d7a,CN(C)C=O,room,overnight,0
RXNTEST_ca660bedca5e,O1CCOCC1,hot,short,1
RXNTEST_b20efcc1c8c8,C1CCOC1,room,short,0
RXNTEST_99dc32575414,O,warm,medium,0
RXNTEST_f0817f2deed9,C1CCOC1,room,short,0
RXNTEST_87ec037eb0b3,CO,room,long,0
RXNTEST_c03f8a73d0a5,O,room,long,0
RXNTEST_91ee7aa0babf,C(C)#N,warm,overnight,0
RXNTEST_be721de7e9f7,C(Cl)Cl,room,short,0
RXNTEST_d8947ba1a423,NONE,hot,very_long,0
RXNTEST_ea07567c49ff,CO,room,short,1
RXNTEST_000c6f607355,C1(=CC=CC=C1)C,hot,medium,1
RXNTEST_eb757e24de3d,O,room,overnight,0
RXNTEST_c4660f76a426,C(Cl)Cl,room,overnight,0
RXNTEST_3455758cce87,C(Cl)Cl,room,medium,0
RXNTEST_4e270d6e8326,CN(C)C=O,warm,medium,0
RXNTEST_68616ea3f169,NONE,room,short,0
RXNTEST_097102dfef33,CN(C)C=O,room,long,1
RXNTEST_86c5f3848336,O,hot,medium,1
RXNTEST_c1d0291f6918,CO,room,short,1
RXNTEST_0bfafb1e31ff,O|O1CCOCC1,hot,short,1
RXNTEST_7974c58c62ac,CN(C)C=O,room,short,0
RXNTEST_dc7b36dc8907,C(Cl)Cl,room,short,0
RXNTEST_524ba8a6d70e,C(Cl)Cl,hot,long,0
RXNTEST_c3cfccb744e6,C(C)O,room,long,0
RXNTEST_932d6706e87a,O,hot,short,1
RXNTEST_a8a1ba4261bf,C(Cl)Cl,room,long,0
RXNTEST_7b2f07491c99,CO,room,short,1
RXNTEST_a4e3584c7941,CN(C)C=O,hot,long,0
RXNTEST_d28d96134027,C(Cl)Cl|CN(C)C=O,room,overnight,0
RXNTEST_eb64b69856f6,NONE,room,short,0
RXNTEST_993c90bc292e,CN(C)C=O,warm,short,0
RXNTEST_1579653e8ebc,NONE,warm,medium,0
RXNTEST_dfdab33c1423,CN(C)C=O,room,short,0
RXNTEST_261c73f99e48,O,warm,long,1
RXNTEST_69430250337b,NONE,hot,short,0
RXNTEST_4f96ef216b19,C(Cl)Cl,room,long,0
RXNTEST_bf7287d5b31e,NONE,hot,medium,0
RXNTEST_1d0656e82983,CC(=O)C,warm,long,0
RXNTEST_36cd9f4e948a,C(Cl)Cl,room,short,0
RXNTEST_0c3749f9aa5a,C1(=CC=CC=C1)C,hot,short,1
RXNTEST_2edf290ef5c0,NONE,room,long,0
RXNTEST_6213da1afb26,C1CCOC1,room,short,0
RXNTEST_01af343535b5,CCO,room,overnight,0
RXNTEST_61e5c3186bb6,CO,room,short,0
RXNTEST_3bef9316e829,O1CCOCC1,hot,short,1
RXNTEST_856e1d58aa4d,C(Cl)Cl,room,long,0
RXNTEST_d0850d975a38,NONE,cold,short,0
RXNTEST_9d805cfc45e3,C1(=CC=CC=C1)C,hot,overnight,1
RXNTEST_f7ff908bdb15,NONE,room,overnight,0
RXNTEST_442d1435da83,C(Cl)Cl|ClCCl,room,short,0
RXNTEST_0ecc66113c70,O1CCCC1|C1CCOC1,cold,short,0
RXNTEST_2383174b7785,C(C)O,room,medium,1
RXNTEST_773f741d6736,O1CCOCC1,hot,short,1
RXNTEST_9c2935f1c65e,CN(C)C=O,room,very_short,0
RXNTEST_0e0855ed7012,NONE,warm,short,0
RXNTEST_de06f43d464e,NONE,warm,long,0
RXNTEST_bc3689830a5d,NONE,room,short,0
RXNTEST_8019320f2c1b,O1CCOCC1,hot,long,1
RXNTEST_8a78b3c388ad,NONE,hot,medium,1
RXNTEST_0560e3c9db23,C1CCOC1|O1CCCC1,cryogenic,short,0
RXNTEST_5cdd1b40dc8f,NONE,room,long,0
RXNTEST_4964691441b8,ClCCl,room,short,0
RXNTEST_e052fb9ca3d0,C1(=CC=CC=C1)C,warm,very_long,0
RXNTEST_fa37a52081ec,NONE,hot,short,0
RXNTEST_775d3c5db86c,C1CCOC1,room,short,0
RXNTEST_7d94b3bf95f6,CO,room,medium,1
RXNTEST_8cef3804c55c,NONE,hot,long,1
RXNTEST_b6e060c6c067,C(C)O,room,medium,0
RXNTEST_1531f6a9329d,CN(C)C=O,room,long,0
RXNTEST_7da439bc3dd4,NONE,warm,long,0
RXNTEST_0838bf5a767f,NONE,hot,short,0
RXNTEST_a5a5d45fdff7,C(C)O,room,short,0
RXNTEST_fd5ae54d6664,C1CCOC1,room,short,0
RXNTEST_c14e269f598c,O,hot,short,1
RXNTEST_5b1b4a65e2be,C1CCOC1,cryogenic,short,0
RXNTEST_109399ef50fb,NONE,room,short,0
RXNTEST_8c038bf8b772,ClCCl,room,long,0
RXNTEST_8a1d711ff15c,C1CCOC1,cryogenic,short,0
RXNTEST_a4714694a399,C1CCOC1,room,medium,0
RXNTEST_533ef23bd956,C1CCOC1,cryogenic,short,0
RXNTEST_21b13e0464f1,O1CCCC1,room,long,0
RXNTEST_9c5ae3fe8ef7,NONE,hot,short,1
RXNTEST_39475a805b14,CN(C)C=O,hot,short,1
RXNTEST_5fcc605a9507,NONE,room,short,0
RXNTEST_c360acfcb721,O,hot,medium,1
RXNTEST_381bb5905e64,C(Cl)Cl,room,short,0
RXNTEST_190f1af25d7f,O1CCOCC1,hot,long,1
RXNTEST_232bc5fccd39,NONE,room,medium,0
RXNTEST_4a731a1ef186,C(C)O,room,medium,1
RXNTEST_ca42c502fa59,O1CCOCC1,hot,long,1
RXNTEST_64720287a2f8,O|CO,room,short,0
RXNTEST_4ed7e17b733d,O1CCOCC1,hot,overnight,1
RXNTEST_20add9ae89f2,O1CCOCC1,hot,medium,1
RXNTEST_73350d46abb0,NONE,hot,short,0
RXNTEST_415e157d420a,O,hot,overnight,0
RXNTEST_9db1f3530efd,NONE,room,long,0
RXNTEST_9fe83bf447f1,NONE,room,short,0
RXNTEST_2df05142d0c0,CN(C)C=O,room,long,0
RXNTEST_1b805769c3ce,O1CCCC1,room,overnight,0
RXNTEST_5f6a72c1a1b9,CO,room,long,1
RXNTEST_87506895f53c,C(C)O,room,medium,0
RXNTEST_2018eea1b33b,O1CCCC1,cold,short,0
RXNTEST_e45d484222ba,O1CCCC1,room,short,0
RXNTEST_4aec86807c84,O,hot,short,0
RXNTEST_4a4dc31045cf,O1CCOCC1,hot,long,1
RXNTEST_c160deaa1206,O1CCCC1,cryogenic,short,0
RXNTEST_07cf35989ffa,ClCCl,room,overnight,0
RXNTEST_4d9005017393,CN(C)C=O,room,short,0
RXNTEST_e441c44bbc28,CO,hot,long,0
RXNTEST_6fe86a44f8c4,C1CCOC1,room,short,0
RXNTEST_c6a7a38b5802,C(Cl)Cl|ClCCl,room,short,0
RXNTEST_b42f2f112a53,C1CCOC1,room,short,0
RXNTEST_56b294e38dea,C1(=CC=CC=C1)C,hot,short,1
RXNTEST_9a847b19aa96,COCCOC,hot,short,1
RXNTEST_a58911786d14,CN(C)C=O,room,long,0
RXNTEST_54d92098e4b9,ClCCl,room,long,0
RXNTEST_b2dd722b12b3,CN(C)C=O,room,long,0
RXNTEST_5f478a2dbd16,CN(C=O)C,hot,long,0
RXNTEST_5ac74115ebe2,O1CCOCC1,hot,short,1
RXNTEST_bcff1270dcb3,CO,hot,short,0
RXNTEST_4860020d4970,C(C)(=O)O,room,short,0
RXNTEST_945b80d533d1,NONE,room,short,0
RXNTEST_c3960201543e,CN(C)C=O,room,long,0
RXNTEST_0fbd96e22a8e,NONE,hot,short,1
RXNTEST_e22e77412054,CN(C)C=O|C(Cl)Cl,room,long,0
RXNTEST_6f3a8a06bf99,CN(C)C=O,hot,long,0
RXNTEST_fc8615b7e3e1,C(C)O,room,overnight,1
RXNTEST_177b638b2add,CO,room,short,0
RXNTEST_03eeb192cbdb,CN(C)C=O,room,short,1
RXNTEST_fcabc29feddb,O1CCOCC1,room,long,1
RXNTEST_38732ff3641f,O1CCOCC1,hot,overnight,1
RXNTEST_2e1a3fb6d5d4,C1(=CC=CC=C1)C,hot,medium,0
RXNTEST_4a2d0f0ea0db,NONE,hot,short,0
RXNTEST_0c011d4c7b88,C1CCOC1,room,long,0
RXNTEST_a79ac86bf419,NONE,hot,short,0
RXNTEST_15a0825202f5,CO,room,medium,1
RXNTEST_82160b506506,C(Cl)Cl,room,overnight,0
RXNTEST_2138b395de5f,ClCCl,room,short,0
RXNTEST_65fa85c1e9c5,NONE,room,short,0
RXNTEST_7b189d91a1ca,O1CCOCC1,hot,long,1
RXNTEST_e4f9046833f9,C(C)O,room,medium,1
RXNTEST_d6308db36db4,O1CCOCC1,hot,short,1
RXNTEST_1b85263dc2d3,NONE,room,long,0
RXNTEST_6b511fbfd1b7,CN(C=O)C,room,long,0
RXNTEST_adc0d0d1d3b3,C1CCOC1,cryogenic,short,0
RXNTEST_edc5afb000fb,C1CCOC1,room,overnight,1
RXNTEST_ad3b4bc7b595,NONE,room,short,0
RXNTEST_bbd3a82a62ee,CN(C)C=O,room,long,0
RXNTEST_1423fac3182c,NONE,hot,medium,0
RXNTEST_e8d3eadf735d,ClCCl,room,long,0
RXNTEST_97b0c3470a7f,CN(C)C=O,warm,medium,0
RXNTEST_ae794959676d,O,hot,long,1
RXNTEST_68a5fac14385,O,room,medium,0
RXNTEST_8209db14a93d,CN(C=O)C|CN(C)C=O,room,long,0
RXNTEST_d122de99eaf2,NONE,warm,medium,0
RXNTEST_449d8291953c,O1CCOCC1,hot,long,1
RXNTEST_fa5893cd0c01,NONE,hot,short,0
RXNTEST_4988e711275b,CN(C)C=O,hot,very_long,0
RXNTEST_e505de6cdf58,CN(C=O)C,room,overnight,0
RXNTEST_2c7b5206a477,O1CCOCC1,hot,short,1
RXNTEST_fedabc5eaaac,NONE,warm,short,1
RXNTEST_38830f6301be,ClCCl,room,long,1
RXNTEST_c16f73ed09de,NONE,room,long,0
RXNTEST_b8aefa796793,C(C)O,room,medium,1
RXNTEST_554aa476a4c3,O,hot,short,1
RXNTEST_0de83dbc7893,NONE,hot,short,1
RXNTEST_c18f89b75091,NONE,room,long,0
RXNTEST_aa44018573b2,C1CCOC1,cryogenic,short,0
RXNTEST_e21d6e45bd9e,CN(C)C=O,room,short,0
RXNTEST_c0ac5e2b8f19,CCOCC|C1CCOC1,cold,short,0
RXNTEST_4dbf78fa52a0,C1CCOC1,room,medium,0
RXNTEST_b5ce66570927,CN(C=O)C,warm,long,0
RXNTEST_ef347ff0132d,CN(C=O)C,room,overnight,0
RXNTEST_fdd78826f96e,O1CCOCC1,room,short,1
RXNTEST_bf87cbf5723e,CN(C)C=O,room,short,0
RXNTEST_095ee92e12cb,O,hot,medium,1
RXNTEST_7f39c4697dcc,NONE,room,long,0
RXNTEST_6c5e9e45343d,CN(C)C=O|C(Cl)Cl,room,long,0
RXNTEST_82a31b2d9c5c,O1CCOCC1|C1(=CC=CC=C1)C,hot,long,1
RXNTEST_a8131b73f19d,CO,room,medium,1
RXNTEST_a4fb57342f8d,C(Cl)Cl,warm,medium,0
RXNTEST_6b1bfc3a8097,NONE,room,long,0
RXNTEST_ae534c71443d,ClCCl,hot,long,1
RXNTEST_27c55ec89cd3,CO,room,short,0
RXNTEST_2c64fbc3e344,O1CCOCC1,hot,medium,1
RXNTEST_334c16301082,C(C)O,room,short,0
RXNTEST_398126b95128,CN(C)C=O,room,short,0
RXNTEST_22ce305e9678,CN(C)C=O,room,long,0
RXNTEST_338afe41b945,NONE,room,medium,0
RXNTEST_3da773921d93,CN(C)C=O,room,long,0
RXNTEST_6d82b8a4d334,O,hot,short,1
RXNTEST_c824f19262a9,CO,room,short,1
RXNTEST_5cec71ab092e,C(Cl)Cl,room,medium,1
RXNTEST_b0c68fc64399,NONE,room,short,0
RXNTEST_67cb561eb548,O,room,short,0
RXNTEST_ccd638ffde6f,NONE,room,medium,0
RXNTEST_5812a4af43d4,CO,warm,short,0
RXNTEST_6a78d376c1c9,O1CCOCC1,hot,short,1
RXNTEST_82a7d2d9a238,O,room,medium,0
RXNTEST_c458911dd8a4,NONE,room,short,0
RXNTEST_c3b6aa8df78b,C1(=CC=CC=C1)C,hot,short,1
RXNTEST_f15f0fcb07d2,NONE,hot,short,0
RXNTEST_ae06f48ecb3b,C(C)#N,hot,short,0
RXNTEST_af750e44be06,CO,room,long,0
RXNTEST_9f00e5d716b9,CO,room,medium,0
RXNTEST_e50d4ac5cd98,NONE,hot,short,0
RXNTEST_895b0754d6d9,C(C)O,room,short,0
RXNTEST_5be3c121ad7c,NONE,room,medium,0
RXNTEST_49780036115d,O,hot,short,1
RXNTEST_3f03f87e81c8,C1CCOC1,room,overnight,0
RXNTEST_dae4138d4770,CN(C)C=O,room,short,0
RXNTEST_737546122af1,C(Cl)Cl,room,short,0
RXNTEST_587460a5c9e1,CN(C)C=O,warm,long,0
RXNTEST_c9b256fdff81,O,hot,short,1
RXNTEST_851d1fb83e9d,ClCCl,room,long,0
RXNTEST_3fed8f39c1d9,C(Cl)Cl|ClCCl,room,short,0
RXNTEST_b73bbac6635f,C1(=CC=CC=C1)C,hot,short,0
RXNTEST_ab03b0c5dec8,CN(C=O)C,warm,long,0
RXNTEST_dbb457726919,NONE,room,short,1
RXNTEST_a067501326ab,O1CCOCC1,hot,short,1
RXNTEST_a7afa3b0401c,CN(C)C=O,room,long,0
RXNTEST_08dca8b6f96e,CN(C)C=O,warm,long,0
RXNTEST_3f2b26fd884f,CN(C)C=O,room,short,0
RXNTEST_b2567f79fe9d,CO,room,short,0
RXNTEST_2846f1d2192d,CN(C)C=O,hot,short,0
RXNTEST_625be3aa4860,C1CCOC1,room,short,0
RXNTEST_5fb7e50ef580,C(C)O,room,short,0
RXNTEST_0463d483204f,C(C)(=O)O,room,medium,1
RXNTEST_82b3a642d9f0,CO,room,short,0
RXNTEST_7340261c9a86,CC#N,hot,long,0
RXNTEST_371e3fae0ea5,CO,warm,overnight,0
RXNTEST_bd1d9f757565,NONE,room,short,0
RXNTEST_05743a2e5bee,NONE,hot,short,0
RXNTEST_ef8eb1c9555e,CN(C)C=O,hot,short,1
RXNTEST_fa5b931f8da2,C1(=CC=CC=C1)C|O1CCOCC1,hot,long,1
RXNTEST_b5efd7a2104f,NONE,warm,long,0
RXNTEST_ce897fbe9416,O1CCOCC1|C1(=CC=CC=C1)C,hot,short,1
RXNTEST_8ce7d245407f,NONE,room,short,0
RXNTEST_5315dbf1ce49,NONE,hot,long,0
RXNTEST_55700a0e445b,NONE,hot,short,0
RXNTEST_ebe21af6a4c2,NONE,hot,medium,1
RXNTEST_a8a13910de73,O1CCCC1,room,short,0
RXNTEST_f14f809d3280,O1CCOCC1,hot,long,1
RXNTEST_ba13a3252bc9,O1CCCC1,room,short,0
RXNTEST_87d786e7dfe6,ClCCl|C(Cl)Cl,room,short,0
RXNTEST_39bf956b5bef,C1CCOC1,cryogenic,medium,0
RXNTEST_dc47b36249c7,CN(C)C=O,warm,long,0
RXNTEST_9810c82fa697,C1CCOC1,warm,short,1
RXNTEST_d0fd7483da82,NONE,hot,short,0
RXNTEST_06cba9eb1460,NONE,warm,short,0
RXNTEST_e7a7d8f6c4c7,CO,room,short,0
RXNTEST_6f338f6aef59,CO,room,very_long,1
RXNTEST_b710dad63dae,NONE,hot,medium,0
RXNTEST_ef9fde7ea415,C1(=CC=CC=C1)C|O1CCOCC1,hot,medium,1
RXNTEST_4c65773dc4e0,CN(C)C=O,hot,medium,0
RXNTEST_f86c093cf224,NONE,warm,overnight,0
RXNTEST_3c0cc1c4428e,C1CCOC1|CN(C)C=O,room,short,0
RXNTEST_af89cbc876aa,N1=CC=CC=C1,room,short,0
RXNTEST_d075ad0a082f,NONE,room,short,0
RXNTEST_bcf8aba307f9,NONE,room,short,0
RXNTEST_88dd8e3b1cc0,O,hot,medium,1
RXNTEST_47911d53adc4,CO,room,overnight,0
RXNTEST_5c607489333e,CN(C)C=O,hot,long,1
RXNTEST_2a718a83bd39,CN(C=O)C,room,long,0
RXNTEST_9689ad46f940,C(Cl)Cl,room,medium,0
RXNTEST_543e6b15cd81,C1(=CC=CC=C1)C,warm,short,0
RXNTEST_6f967bd207a0,C1(=CC=CC=C1)C,hot,long,1
RXNTEST_582253a9f557,O1CCOCC1,hot,short,1
RXNTEST_1952c8f6ce48,NONE,hot,medium,1
RXNTEST_e0719972604d,CN1CCCC1=O,hot,long,0
RXNTEST_99ec9bb67751,C(C)(=O)O,room,short,0
RXNTEST_4c32dc336c6b,C(C)O,room,medium,1
RXNTEST_2a764d9f5e53,O1CCOCC1,hot,long,1
RXNTEST_0ec9cdb7235b,C(Cl)Cl|ClCCl,room,short,0
RXNTEST_7967fe322d12,NONE,room,long,0
RXNTEST_21210f9d3a64,O1CCCC1,room,short,0
RXNTEST_f5f77d00f3be,C(C)#N,room,long,0
RXNTEST_4c31a1d75e7d,NONE,room,short,0
RXNTEST_f359ae89db06,CN(C)C=O,room,long,0
RXNTEST_e0e1202a2c2e,NONE,room,medium,0
RXNTEST_af7824756378,CCO|C(C)O|CO,room,overnight,0
RXNTEST_9c622c109291,NONE,hot,short,0
RXNTEST_3bfaf26d816e,CN(C)C=O,room,long,0
RXNTEST_122ffb2a444c,C1CCOC1,room,very_long,0
RXNTEST_1b718221364a,O,room,short,0
RXNTEST_f2c300bcd7c9,O,hot,overnight,1
RXNTEST_bab742d69d33,NONE,room,long,0
RXNTEST_a3ffad51aca4,NONE,hot,long,0
RXNTEST_b1c0697392e7,CN(C)C=O,hot,long,0
RXNTEST_ad2dd4de6716,NONE,room,short,0
RXNTEST_7a148d50f29f,CN(C)C=O,hot,long,0
RXNTEST_33711a7a8b00,CS(=O)C,hot,long,1
RXNTEST_37f06b734624,C(Cl)Cl,room,medium,0
RXNTEST_8c228d97e58b,NONE,hot,short,0
RXNTEST_efdbb09ea444,C1(=CC=CC=C1)C,hot,short,1
RXNTEST_2d9170c13233,C(C)O|CO,room,medium,1
RXNTEST_a1a3588d601b,CS(=O)C,room,long,0
RXNTEST_6d456d4c50e3,CN(C=O)C,room,long,0
RXNTEST_84cfaa711f22,CO,room,short,1
RXNTEST_105690c06835,CO,room,medium,0
RXNTEST_dc6c9ebf8a29,CN(C)C=O,warm,overnight,1
RXNTEST_9b6ccf7b7243,CN(C)C=O,room,long,0
RXNTEST_dfbb9d5b06ea,NONE,room,long,0
RXNTEST_bf140724129c,CN(C)C=O,hot,very_short,1
RXNTEST_ad8f4f00df00,ClCCl,room,long,0
RXNTEST_c6afc119d6d5,NONE,hot,long,1
RXNTEST_e7572d7aae9d,C1(=CC=CC=C1)C|O1CCOCC1,hot,short,1
RXNTEST_bcfc80cdcd15,NONE,room,overnight,0
RXNTEST_4be1f6ab1e5d,C1CCOC1,cryogenic,short,0
RXNTEST_abc47219416f,C1(=CC=CC=C1)C,room,short,0
RXNTEST_7100b2d77a88,NONE,hot,short,0
RXNTEST_9928b629e25e,CO,hot,short,0
RXNTEST_51966604da40,NONE,warm,short,0
RXNTEST_f091ddd9f882,ClCCl|C(Cl)Cl,room,short,0
RXNTEST_c8ee6c442493,O,hot,medium,0
RXNTEST_84a81b4b88f5,NONE,room,long,0
RXNTEST_70dc1f8905d4,NONE,room,long,0
RXNTEST_9cbcaac4b450,C(C)O,hot,long,1
RXNTEST_98123027ce95,CO,room,overnight,0
RXNTEST_c701011aa868,C(C)O,room,overnight,0
RXNTEST_5c9d059bd739,O,warm,short,0
RXNTEST_992377e8f80c,C1CCOC1,warm,long,0
RXNTEST_1741337e1ed2,O1CCOCC1,hot,long,1
RXNTEST_39c6030d2740,CN(C)C=O,room,short,0
RXNTEST_3540c8d1dfa3,C1CCOC1|O1CCCC1,cryogenic,short,0
RXNTEST_dc6a71e9a323,CN(C)C=O,room,short,0
RXNTEST_3e1d6c9e6e82,NONE,room,medium,0
RXNTEST_85ea57879c43,C1CCOC1,warm,short,0
RXNTEST_47421c3a6b42,NONE,room,short,0
RXNTEST_6f2c281b6a73,C(C)(=O)O,hot,short,0
RXNTEST_93ebb5736a49,C(Cl)Cl,room,long,0
RXNTEST_e05cb312cb2e,NONE,room,medium,0
RXNTEST_66e2258df699,O1CCOCC1,hot,long,1
RXNTEST_097107202e63,NONE,room,long,0
RXNTEST_8ab646f7dcc3,O1CCOCC1,hot,medium,1
RXNTEST_ba838df2d474,NONE,room,long,0
RXNTEST_dfd75ed9e217,NONE,room,short,0
RXNTEST_d1a7db2b1d71,O1CCOCC1,hot,long,1
RXNTEST_b199371e9dd9,CO,cold,short,0
RXNTEST_3270c5cfef92,O,room,short,0
RXNTEST_12c7042f1f86,ClCCl,room,overnight,0
RXNTEST_d5c0173e3f8c,C1(=CC=CC=C1)C,hot,long,1
RXNTEST_b9d042bcd37e,C1(=CC=CC=C1)C,room,short,0
RXNTEST_d393d6ddc0fa,NONE,room,short,0
RXNTEST_b2c740e199fb,CN(C)C=O|C(Cl)Cl,room,long,0
RXNTEST_ab8cd6e89114,CN(C)C=O,hot,overnight,1
RXNTEST_330607baa601,NONE,room,long,0
RXNTEST_6eaa5160c865,C1(=CC=CC=C1)C,hot,long,1
RXNTEST_5bfadee5a130,CN(C)C=O,room,medium,0
RXNTEST_d7ac27a2e9e9,OTHER,cryogenic,very_short,0
RXNTEST_23b6bbcad9fc,CO,room,short,0
RXNTEST_656db9fc737e,O,hot,short,1
RXNTEST_a2387d86575f,CO,hot,long,0
RXNTEST_1879ee7c8a93,NONE,room,short,0
RXNTEST_0826cfe8c2bc,NONE,hot,long,0
RXNTEST_abc728afa9fa,O1CCOCC1|C1(=CC=CC=C1)C,hot,short,1
RXNTEST_ff28a1a80fa1,CN(C)C=O,hot,long,1
RXNTEST_851831bb2db7,C(C)O,room,short,0
RXNTEST_a7a701cd5c8f,NONE,hot,short,0
RXNTEST_71e7a79ff8a7,NONE,warm,medium,0
RXNTEST_3df68bb8fe1b,NONE,hot,overnight,0
RXNTEST_09238fbc344d,ClCCCl,room,long,0
RXNTEST_3904392ec7b4,CN(C)C=O,hot,long,1
RXNTEST_3cb495dddf1a,C(Cl)Cl,hot,short,0
RXNTEST_108efe11a2b4,C(C)O,warm,short,0
RXNTEST_47c9f8f6b8fb,C(Cl)Cl,room,long,0
RXNTEST_c1337b58a5a5,CO,warm,medium,0
RXNTEST_e2db51394ade,CN(C)C=O,room,overnight,0
RXNTEST_300e85c40762,C1(=CC=CC=C1)C,hot,very_short,1
RXNTEST_08b366a96fc3,NONE,room,short,0
RXNTEST_7468b7025bce,NONE,room,long,0
RXNTEST_17ac141bd202,CO,room,short,1
RXNTEST_0f1a0168f77d,C1CCOC1,room,short,0
RXNTEST_6563e436234c,N1=CC=CC=C1,room,long,0
RXNTEST_1d4558ec8c07,O1CCCC1,room,long,0
RXNTEST_32b5037a7a0e,CN(C)C=O,room,long,0
RXNTEST_5d0f8e19237a,CO,room,medium,1
RXNTEST_c6b05328ed02,C1CCOC1,room,short,0
RXNTEST_4e75d070ba24,NONE,room,short,0
RXNTEST_03d676f5ee84,NONE,room,overnight,0
RXNTEST_7cd06a89ce9b,C(Cl)Cl,room,overnight,0
RXNTEST_d5b4b1524fe5,NONE,hot,short,1
RXNTEST_1572210f1877,O1CCOCC1,hot,long,1
RXNTEST_0861805532de,NONE,hot,long,0
RXNTEST_a488f38c7e39,NONE,hot,short,1
RXNTEST_59a8d7c40490,NONE,room,overnight,0
RXNTEST_c88c5f108466,O,room,medium,0
RXNTEST_4c6e986559a8,NONE,hot,long,1
RXNTEST_a46cd3ae887d,C(Cl)Cl,room,short,0
RXNTEST_d9fc53f898ef,C(Cl)Cl,room,short,0
RXNTEST_7aff77883984,CN(C=O)C,warm,long,0
RXNTEST_827efd342879,NONE,hot,medium,0
RXNTEST_8c9daab3928d,NONE,room,very_long,0
RXNTEST_5d607f855196,NONE,hot,long,0
RXNTEST_0ed090927f3b,C1CCOC1,room,short,0
RXNTEST_d70ebc79670c,C1(=CC=CC=C1)C,warm,overnight,1
RXNTEST_f9f8a7c6073a,NONE,hot,long,0
RXNTEST_e1f378f9bdb1,C(Cl)Cl,room,short,0
RXNTEST_594e230f405e,C1CCOC1,room,long,0
RXNTEST_f390791e1433,C1CCOC1,room,short,0
RXNTEST_c90352ba1243,C1CCOC1|O1CCCC1,cryogenic,short,0
RXNTEST_ff2a03e3c35c,C1(=CC=CC=C1)C,hot,long,0
RXNTEST_f7a0ca5af743,O,hot,long,1
RXNTEST_35c46885be40,O1CCOCC1,hot,long,1
RXNTEST_c8f452226597,C(C)O,room,short,0
RXNTEST_ae97fd4302dd,C(Cl)Cl,room,long,0
RXNTEST_7a13d47eb1e7,O,room,short,0
RXNTEST_1c2349db725d,ClCCl,room,long,0
RXNTEST_5e6e6a60f797,NONE,cold,short,0
RXNTEST_6fff828e1601,CN(C)C=O,hot,short,1
RXNTEST_17d26c2659b0,O1CCCC1,room,long,0
RXNTEST_cb494f5174b4,O1CCOCC1,hot,short,1
RXNTEST_0904cdb165da,C1(=CC=CC=C1)C,hot,long,1
RXNTEST_ad9fde749a91,CN(C)C=O,room,short,0
RXNTEST_009700529982,NONE,room,long,0
RXNTEST_3daf1113c36f,CO,room,short,1
RXNTEST_e21d487b3c58,CN(C)C=O,warm,long,0
RXNTEST_0b76643c03b1,NONE,room,short,0
RXNTEST_b664da814ae3,NONE,room,short,0
RXNTEST_d84debda395e,NONE,room,long,0
RXNTEST_6612a0d0c3f9,C1CCOC1,room,long,0
RXNTEST_c51449990046,O1CCCC1,room,short,0
RXNTEST_0106a6de668d,C1(=CC=CC=C1)C,hot,medium,1
RXNTEST_4f74baf6c716,O1CCOCC1,hot,short,1
RXNTEST_3b8d04c77b88,ClCCl|C(Cl)Cl,room,short,0
RXNTEST_b0bef5f4f770,NONE,room,long,0
RXNTEST_47d54973a836,C1CCOC1,hot,long,1
RXNTEST_acd02bbca947,CN(C)C=O,hot,long,0
RXNTEST_d03b3733f853,CO,room,medium,0
RXNTEST_d56585677f4d,C(C)#N,room,short,0
RXNTEST_aea4cad0f437,ClCCl,room,medium,0
RXNTEST_8b1b70a3bcde,C(C)#N,room,long,0
RXNTEST_4fbf194f18db,C(Cl)Cl,room,short,0
RXNTEST_186080d8c541,C(Cl)Cl,room,long,0
RXNTEST_b1c6e6a126c6,C(Cl)Cl,room,overnight,0
RXNTEST_8ded4d6e04b5,NONE,cryogenic,very_short,0
RXNTEST_247149fc6f0e,NONE,hot,short,0
RXNTEST_dc2ae0076fce,C1CCOC1,cryogenic,short,0
RXNTEST_89cf7ddbf20a,O,room,short,0
RXNTEST_c7192251f581,CN(C=O)C|CN(C)C=O,room,short,0
RXNTEST_53ed388c1af6,NONE,room,medium,0
RXNTEST_67de22cfdc37,O,cold,short,0
RXNTEST_76ad7ea791cc,CCO,hot,short,0
RXNTEST_cc546495ab6f,C(Cl)Cl,room,long,0
RXNTEST_c51805d4a5b6,NONE,room,long,0
RXNTEST_9b0bf207b4bb,CN(C=O)C,room,short,0
RXNTEST_81bf81ae2797,NONE,room,short,0
RXNTEST_4a1637373920,NONE,hot,short,0
RXNTEST_73ca525ba315,O1CCOCC1,hot,short,1
RXNTEST_d2ff0e78d381,CN(C)C=O,room,long,0
RXNTEST_c3ebbb3d375f,ClCCl|C(Cl)Cl,room,long,0
RXNTEST_3d02df4dddb4,CN(C=O)C,warm,medium,0
RXNTEST_e2a850b3974f,CN(C)C=O,room,short,0
RXNTEST_01ee9fc4282c,C(C)#N,room,short,0
RXNTEST_2bad79e0b6cf,C1(=CC=CC=C1)C,hot,short,0
RXNTEST_b7bdc25be155,C(C)(=O)O,room,short,1
RXNTEST_a8792d20089e,NONE,room,short,0
RXNTEST_564280f00163,NONE,room,overnight,0
RXNTEST_10bb643c2070,O1CCCC1,room,overnight,0
RXNTEST_561a9e0f7f46,CN(C)C=O,room,long,0
RXNTEST_766bd415821e,NONE,hot,long,0
RXNTEST_b7b5b75f400a,O1CCOCC1,hot,overnight,1
RXNTEST_cd1e1e674f46,CN(C)C=O,room,long,0
RXNTEST_e6369a16bd12,CN(C)C=O,warm,long,0
RXNTEST_3266e1e75be7,O1CCOCC1,hot,long,1
RXNTEST_c2fdad4c78e3,NONE,room,long,0
RXNTEST_624f3d442c58,O1CCOCC1,hot,long,1
RXNTEST_76bd6e2e86fa,NONE,hot,short,0
RXNTEST_bd8f6c2d2ebf,NONE,room,short,1
RXNTEST_6d9b3812af0a,C(Cl)Cl,room,short,0
RXNTEST_ff34ddd64e5a,ClCCl,room,medium,0
RXNTEST_f822baf588b5,C1CCOC1,room,long,0
RXNTEST_55af40f01b2c,CN(C)C=O,hot,short,0
RXNTEST_3bd6dd9aab90,C1(=CC=CC=C1)C,hot,medium,1
RXNTEST_7f306bf4ccd3,NONE,room,long,0
RXNTEST_bd2e1bb35f6c,NONE,room,long,0
RXNTEST_7c0262222963,CN(C)C=O,room,long,0
RXNTEST_1983614215c8,CN(C=O)C,hot,long,0
RXNTEST_259f3fab9623,O1CCCC1,room,short,0
RXNTEST_b74265aa5344,CN(C)C=O,warm,short,0
RXNTEST_2224c31f00a3,CN(C)C=O,room,short,0
RXNTEST_a22f8daeaec8,NONE,hot,medium,0
RXNTEST_506267b02960,CO,room,medium,1
RXNTEST_3d3d3514408e,CO,warm,short,0
RXNTEST_ad42e354c374,CO,cold,short,0
RXNTEST_ebe8a2c7748a,CN(C=O)C,hot,long,0
RXNTEST_a7ef1b726634,NONE,room,medium,0
RXNTEST_094654e7ce41,CO|C(C)O,room,short,1
RXNTEST_9039ad7d9052,NONE,room,medium,0
RXNTEST_ad3a2a6120c6,CN(C)C=O,room,long,0
RXNTEST_8dd0d6eac406,CN(C)C=O,hot,medium,0
RXNTEST_8890e126560a,NONE,room,long,0
